va,size,library
8023EDB0,212,zlib
8023EE84,200,zlib
8023EF4C,3980,zlib
8023FED8,92,zlib
8023FF34,76,zlib
8023FF80,112,zlib
8023FFF0,128,zlib
80240070,464,zlib
80240240,44,zlib
8024026C,1444,zlib
80240810,216,zlib
802408E8,328,zlib
80240A30,1712,zlib
802410E0,160,zlib
80241180,364,zlib
802412EC,40,zlib
80241314,504,zlib
8024150C,132,zlib
80241590,112,zlib
80241600,2440,zlib
80241F88,56,zlib
80241FC0,1232,zlib
80242490,432,zlib
80242640,464,zlib
80242810,12,zlib
8024281C,100,zlib
80242880,16,zlib
80242890,176,zlib
802607AC,20,libultra
802607C0,28,libultra
802607DC,36,libultra
80260800,84,libultra
80260854,76,libultra
802608A0,160,libultra
80260940,368,libultra
80260AB0,112,libultra
80260B20,44,libultra
80260B4C,40,libultra
80260B74,76,libultra
80260BC0,404,libultra
80260D54,92,libultra
80260DB0,36,libultra
80260DD4,92,libultra
80260E30,72,libultra
80260E78,88,libultra
80260ED0,256,libultra
80260FD0,136,libultra
80261058,48,libultra
80261088,184,libultra
80261140,16,libultra
80261150,1088,libultra
80261590,128,libultra
80261610,448,libultra
802617D0,368,libultra
80261940,416,libultra
80261AE0,252,libultra
80261BDC,212,libultra
80261CB0,624,libultra
80261F20,360,libultra
80262088,364,libultra
802621F4,380,libultra
80262370,464,libultra
80262540,288,libultra
80262660,608,libultra
802628C0,448,libultra
80262A80,1732,libultra
80263144,436,libultra
802632F8,488,libultra
802634E0,252,libultra
802635DC,1028,libultra
802639E0,336,libultra
80263B30,1156,libultra
80263FB4,612,libultra
80264218,200,libultra
802642E0,320,libultra
80264420,112,libultra
80264490,448,libultra
80264650,272,libultra
80264760,196,libultra
80264824,168,libultra
802648CC,244,libultra
802649C0,48,libultra
802649F0,112,libultra
80264A60,112,libultra
80264AD0,80,libultra
80264B20,64,libultra
80264B60,284,libultra
80264C7C,400,libultra
80264E0C,68,libultra
80264E50,696,libultra
80265108,120,libultra
80265180,560,libultra
802653B0,96,libultra
80265410,48,libultra
80265440,112,libultra
802654B0,336,libultra
80265600,112,libultra
80265670,336,libultra
802657C0,336,libultra
80265910,504,libultra
80265B08,208,libultra
80265BD8,248,libultra
80265CD0,192,libultra
80265D90,656,libultra
80266020,44,libultra
8026604C,60,libultra
80266088,60,libultra
802660C4,44,libultra
802660F0,60,libultra
8026612C,92,libultra
80266188,48,libultra
802661B8,96,libultra
80266218,156,libultra
802662B4,44,libultra
802662E0,176,libultra
80266390,16,libultra
802663A0,96,libultra
80266400,392,libultra
80266588,472,libultra
80266760,400,libultra
802668F0,224,libultra
802669D0,28,libultra
802669EC,28,libultra
80266A08,160,libultra
80266AA8,156,libultra
80266B44,24,libultra
80266B5C,24,libultra
80266B74,52,libultra
80266BA8,56,libultra
80266BE0,1900,libultra
8026734C,196,libultra
80267410,96,libultra
80267470,96,libultra
802674D0,784,libultra
802677E0,336,libultra
80267930,752,libultra
80267C20,736,libultra
80267F00,568,libultra
80268138,248,libultra
80268230,352,libultra
80268390,224,libultra
80268470,176,libultra
80268520,16,libultra
80268530,16,libultra
80268540,32,libultra
80268560,32,libultra
80268580,320,libultra
802686C0,144,libultra
80268750,1648,libultra
80268DC0,1616,libultra
80269410,80,libultra
80269460,68,libultra
802694A4,44,libultra
802694D0,176,libultra
80269580,272,libultra
80269690,92,libultra
802696EC,104,libultra
80269754,1048,libultra
80269B6C,408,libultra
80269D04,604,libultra
80269F60,252,libultra
8026A05C,800,libultra
8026A37C,116,libultra
8026A3F0,540,libultra
8026A60C,372,libultra
8026A780,176,libultra
8026A830,208,libultra
8026A900,516,libultra
8026AB04,380,libultra
8026AC80,64,libultra
8026ACC0,1348,libultra
8026B204,232,libultra
8026B2EC,256,libultra
8026B3EC,72,libultra
8026B434,16,libultra
8026B444,396,libultra
8026B5D0,336,libultra
8026B720,48,libultra
8026B750,128,libultra
8026B7D0,128,libultra
8026B850,16,libultra
8026B860,64,libultra
8026B8A0,144,libultra
8026B930,48,libultra
8026B960,144,libultra
8026B9F0,16,libultra
8026BA00,16,libultra
8026BA10,16,libultra
8026BA20,80,libultra
8026BA70,80,libultra
8026BAC0,128,libultra
8026BB40,96,libultra
8026BBA0,160,libultra
8026BC40,140,libultra
8026BCCC,376,libultra
8026BE44,116,libultra
8026BEB8,392,libultra
8026C040,32,libultra
8026C060,16,libultra
8026C070,864,libultra
8026C3D0,240,libultra
8026C4C0,256,libultra
8026C5C0,80,libultra
8026C610,68,libultra
8026C654,44,libultra
8026C680,224,libultra
8026C760,560,libultra
8026C990,1168,libultra
8026CE20,48,libultra
8026CE50,672,libultra
8026D0F0,1384,libultra
8026D658,8,libultra
8026D660,1360,libultra
8026DBB0,48,libultra
8026DBE0,1700,libultra
8026E284,232,libultra
8026E36C,244,libultra
8026E460,160,libultra
8026E500,256,libultra
8026E600,192,libultra
8026E6C0,16,libultra
8026E6D0,96,libultra
8026E730,80,libultra
8026E780,80,libultra
8026E7D0,80,libultra
8026E820,80,libultra
8026E870,256,libultra
8026E970,144,libultra
8026EA00,4136,libultra
8026FA28,40,libultra
8026FA50,88,libultra
8026FAA8,8,libultra
