vram,size,module,how,name,status,pc_va,source
80200000,80,startup,confirmed,BrInstall_1001BAE0,SHAPE,,src/core/startup/br_objlife.c
80200050,184,,,,,,
80200108,32,drawing,confirmed,BrUiImgResetForTest,EXACT,,src/core/drawing/br_uiimg.c
80200128,44,menus,confirmed,BrHook_10044010,SHAPE,,src/core/menus/br_menuact.c
80200154,96,racing,confirmed,BrEntSlotsReset,SHAPE,,src/core/racing/br_racestart.c
802001B4,364,racing,inferred,,,,
80200320,92,racing,inferred,,,,
8020037C,104,racing,inferred,,,,
802003E4,136,racing,confirmed,BrRaceHudFrame,SHAPE,,src/core/racing/br_racebegin.c
8020046C,400,unfiled,confirmed,BrModelLightsDraw,SHAPE,,src/core/slice2_14.c
802005FC,56,settings,confirmed,BrBaseDirResetForTest,SHAPE,,src/core/settings/br_basedir.c
80200634,88,unfiled,confirmed,BrTimerStart1003C230,SHAPE,,src/core/slice4_53.c
8020068C,60,racing,confirmed,BrRaceEnterOutro,SHAPE,,src/core/racing/br_racebegin.c
802006C8,100,racing,confirmed,BrRaceCueLayout,SHAPE,,src/core/racing/br_racebegin.c
8020072C,56,racing,confirmed,BrRaceCueRewind,SHAPE,,src/core/racing/br_racebegin.c
80200764,200,,,,,,
8020082C,22448,,,,,,
80205FDC,256,,,,,,
802060DC,552,,,,,,
80206304,160,,,,,,
802063A4,1164,,,,,,
80206830,60,unfiled,confirmed,BrSfxCarBankInit,SHAPE,,src/core/slice3_41.c
8020686C,7428,,,,,,
80208570,912,,,,,,
80208900,208,,,,,,
802089D0,136,,,,,,
80208A58,664,,,,,,
80208CF0,1860,,,,,,
80209434,2364,,,,,,
80209D70,1972,,,,,,
8020A524,384,,,,,,
8020A6A4,380,,,,,,
8020A820,432,,,,,,
8020A9D0,272,,,,,,
8020AAE0,312,,,,,,
8020AC18,312,,,,,,
8020AD50,12,menus,confirmed,BrUiNavInstallPageVtbl,SHAPE,,src/core/menus/br_uinav.c
8020AD5C,5408,,,,,,
8020C27C,396,,,,,,
8020C408,88,unfiled,confirmed,BrUiHook84_10046710,SHAPE,,src/core/slice8_84.c
8020C460,524,,,,,,
8020C66C,100,,,,,,
8020C6D0,2164,,,,,,
8020CF44,192,,,,,,
8020D004,16200,,,,,,
80210F4C,52,racing,confirmed,BrRaceEntrantCountSet,SHAPE,,src/core/racing/br_racestart.c
80210F80,72,,,,,,
80210FC8,392,,,,,,
80211150,68,unfiled,confirmed,BrUiHook89_10044D00,SHAPE,,src/core/slice8_89.c
80211194,76,unfiled,confirmed,BrPhaseHook_10045050,SHAPE,,src/core/slice2_26.c
802111E0,768,,,,,,
802114E0,512,,,,,,
802116E0,352,,,,,,
80211840,60,,,,,,
8021187C,56,unfiled,confirmed,PopInclude,SHAPE,,src/exe/brally/0x00401690.c
802118B4,68,,,,,,
802118F8,60,,,,,,
80211934,56,unfiled,confirmed,PopInclude,SHAPE,,src/exe/setvideo/0x00401AF0.c
8021196C,208,,,,,,
80211A3C,820,,,,,,
80211D70,11468,,,,,,
80214A3C,76,startup,confirmed,BrWrap_100715E0,SHAPE,,src/core/startup/br_objlife.c
80214A88,356,,,,,,
80214BEC,196,,,,,,
80214CB0,348,,,,,,
80214E0C,6612,,,,,,
802167E0,2280,,,,,,
802170C8,520,,,,,,
802172D0,140,,,,,,
8021735C,92,racing,confirmed,BrRaceDriverReset,SHAPE,,src/core/racing/br_racebegin.c
802173B8,16,unfiled,confirmed,BrScratchRingNull,EXACT,,src/core/slice2_17.c
802173C8,88,unfiled,confirmed,BrUiHook81Install,SHAPE,,src/core/slice7_81.c
80217420,136,unfiled,confirmed,BrFloat12MaxAbs,SHAPE,,src/core/slice2_17.c
802174A8,12,,,,,,
802174B4,352,,,,,,
80217614,288,unfiled,confirmed,BrTexSizeShift,SHAPE,,src/core/slice2_17.c
80217734,1368,,,,,,
80217C8C,8,,,,,,
80217C94,396,,,,,,
80217E20,408,,,,,,
80217FB8,332,,,,,,
80218104,420,,,,,,
802182A8,2532,,,,,,
80218C8C,208,,,,,,
80218D5C,1812,,,,,,
80219470,1452,,,,,,
80219A1C,32,drawing,confirmed,BrDlGlScissorInt,SHAPE,,src/core/drawing/br_dlglide.c
80219A3C,32,drawing,confirmed,BrDlGlScissorFrac,SHAPE,,src/core/drawing/br_dlglide.c
80219A5C,28,unfiled,confirmed,BrStub10008B80,EXACT,,src/core/slice6_74.c
80219A78,376,,,,,,
80219BF0,512,,,,,,
80219DF0,276,,,,,,
80219F04,104,unfiled,confirmed,BrViewportReEmit,SHAPE,,src/core/slice2_18.c
80219F6C,396,,,,,,
8021A0F8,976,,,,,,
8021A4C8,120,,,,,,
8021A540,120,,,,,,
8021A5B8,872,,,,,,
8021A920,68,unfiled,confirmed,BrHudTextBegin,SHAPE,,src/core/slice2_18.c
8021A964,80,unfiled,confirmed,BrHudTextEnd,SHAPE,,src/core/slice2_18.c
8021A9B4,84,unfiled,confirmed,BrFileOpenWrite,SHAPE,,src/core/slice2_13.c
8021AA08,1724,,,,,,
8021B0C4,564,,,,,,
8021B2F8,352,unfiled,confirmed,BrCamMatrixSetup,SHAPE,,src/core/slice2_19.c
8021B458,332,unfiled,confirmed,BrCamMatrixSetupFixed,SHAPE,,src/core/slice2_19.c
8021B5A4,392,,,,,,
8021B72C,592,,,,,,
8021B97C,608,,,,,,
8021BBDC,204,,,,,,
8021BCA8,192,,,,,,
8021BD68,192,,,,,,
8021BE28,96,unfiled,confirmed,BrAccumAddClamp,SHAPE,,src/core/slice2_19.c
8021BE88,768,,,,,,
8021C188,740,,,,,,
8021C46C,72,driving,confirmed,BrCollRespCountersReset,SHAPE,,src/core/driving/br_collresp.c
8021C4B4,500,,,,,,
8021C6A8,8,,,,,,
8021C6B0,8,,,,,,
8021C6B8,12,racing,confirmed,BrSet_1006AA90,SHAPE,,src/core/racing/br_replayon.c
8021C6C4,12,unfiled,confirmed,BrMenuSetAA28D0_0,SHAPE,,src/core/slice2_24.c
8021C6D0,20,startup,confirmed,BrGameStepIs,SHAPE,,src/core/startup/br_gamestep.c
8021C6E4,12,unfiled,confirmed,BrVtInit41930,SHAPE,,src/core/slice3_32.c
8021C6F0,40,startup,confirmed,BrGameStepInvoke,SHAPE,,src/core/startup/br_gamestep.c
8021C718,40,unfiled,confirmed,BrHookCallC,SHAPE,,src/core/slice1_05.c
8021C740,8,,,,,,
8021C748,204,,,,,,
8021C814,52,unfiled,confirmed,BrPhaseActivate_10045AF0,SHAPE,,src/core/slice3_31.c
8021C848,48,unfiled,confirmed,BrUiHook87_1003F280,SHAPE,,src/core/slice8_87.c
8021C878,724,,,,,,
8021CB4C,472,,,,,,
8021CD24,12,audio,confirmed,BrExt_10072B30,SHAPE,,src/core/audio/br_musiccmd.c
8021CD30,832,,,,,,
8021D070,40,unfiled,confirmed,BrDlRebaseWord,EXACT,,src/core/slice2_19.c
8021D098,168,unfiled,confirmed,BrDlRebase,SHAPE,,src/core/slice2_19.c
8021D140,352,,,,,,
8021D2A0,140,unfiled,confirmed,BrCarGfxReadColour,SHAPE,,src/core/slice2_19.c
8021D32C,520,,,,,,
8021D534,176,,,,,,
8021D5E4,212,,,,,,
8021D6B8,36,unfiled,confirmed,BrRec24TotalBytes,SHAPE,,src/core/slice1_07.c
8021D6DC,260,,,,,,
8021D7E0,36,unfiled,confirmed,BrAnimSetOnce,EXACT,,src/core/slice2_19.c
8021D804,36,unfiled,confirmed,BrAnimSetLoop,EXACT,,src/core/slice2_19.c
8021D828,36,unfiled,confirmed,BrAnimSetPingPong,EXACT,,src/core/slice2_19.c
8021D84C,1000,,,,,,
8021DC34,456,,,,,,
8021DDFC,48,unfiled,confirmed,FreeINI,SHAPE,,src/exe/brally/0x004012A0.c
8021DE2C,48,drawing,confirmed,BrImgFree,SHAPE,,src/core/drawing/br_img.c
8021DE5C,804,,,,,,
8021E180,64,,,,,,
8021E1C0,44,unfiled,confirmed,BrUiHook81Reset,SHAPE,,src/core/slice7_81.c
8021E1EC,8,,,,,,
8021E1F4,40,unfiled,confirmed,BrLogSet,SHAPE,,src/core/slice2_19.c
8021E21C,172,,,,,,
8021E2C8,764,,,,,,
8021E5C4,92,unfiled,confirmed,BrMenuSub1005FF30,SHAPE,,src/core/slice4_52.c
8021E620,88,,,,,,
8021E678,356,,,,,,
8021E7DC,88,,,,,,
8021E834,356,,,,,,
8021E998,40,controls,confirmed,BrWndShadowSet,SHAPE,,src/core/controls/br_input.c
8021E9C0,76,,,,,,
8021EA0C,40,drawing,confirmed,BrImgBlitSkipped,SHAPE,,src/core/drawing/br_imgblit.c
8021EA34,76,,,,,,
8021EA80,8,,,,,,
8021EA88,8,,,,,,
8021EA90,68,unfiled,confirmed,BrU16QueuePop,SHAPE,,src/core/slice2_11.c
8021EAD4,8,,,,,,
8021EADC,68,,,,,,
8021EB20,16,,,,,,
8021EB30,32,unfiled,confirmed,BrMat4SetLastColumn,EXACT,,src/core/slice3_44.c
8021EB50,1368,,,,,,
8021F0A8,76,,,,,,
8021F0F4,100,,,,,,
8021F158,76,,,,,,
8021F1A4,76,unfiled,confirmed,FUN_10014cb0,SHAPE,,src/core/slice2_15.c
8021F1F0,232,,,,,,
8021F2D8,168,,,,,,
8021F380,1560,,,,,,
8021F998,1132,,,,,,
8021FE04,124,unfiled,confirmed,BrEntSetPos,SHAPE,,src/core/slice3_45.c
8021FE80,272,,,,,,
8021FF90,448,,,,,,
80220150,120,unfiled,confirmed,BrEntSetMatrix,SHAPE,,src/core/slice3_45.c
802201C8,84,unfiled,confirmed,BrEntSetVel,SHAPE,,src/core/slice3_45.c
8022021C,316,,,,,,
80220358,64,unfiled,confirmed,BrEntSetAngVel,SHAPE,,src/core/slice3_45.c
80220398,88,unfiled,confirmed,BrEntRefreshColour,SHAPE,,src/core/slice3_45.c
802203F0,72,unfiled,confirmed,BrEntSetRecord,SHAPE,,src/core/slice3_45.c
80220438,60,unfiled,confirmed,BrUiItemVtblOf,SHAPE,,src/core/slice2_23.c
80220474,192,,,,,,
80220534,16,audio,confirmed,BrAudioTrackCount,SHAPE,,src/core/audio/br_audio.c
80220544,220,,,,,,
80220620,388,,,,,,
802207A4,108,unfiled,confirmed,BrEntityBindAux,SHAPE,,src/core/slice1_09.c
80220810,1096,,,,,,
80220C58,556,,,,,,
80220E84,368,,,,,,
80220FF4,276,,,,,,
80221108,104,drawing,confirmed,BrVec3Predict,SHAPE,,src/core/drawing/br_surf.c
80221170,1780,,,,,,
80221864,220,,,,,,
80221940,1228,,,,,,
80221E0C,580,,,,,,
80222050,3332,,,,,,
80222D54,1820,,,,,,
80223470,16,unfiled,confirmed,BrPolyDistMaxX,SHAPE,,src/core/slice2_13.c
80223480,520,,,,,,
80223688,156,,,,,,
80223724,8,,,,,,
8022372C,36,,,,,,
80223750,100,,,,,,
802237B4,28,unfiled,confirmed,BrSceneAccumReset,SHAPE,,src/core/slice2_15.c
802237D0,100,,,,,,
80223834,28,,,,,,
80223850,48,geometry,confirmed,BrSub10071B60,SHAPE,,src/core/geometry/br_vec.c
80223880,28,geometry,inferred,,,,
8022389C,28,geometry,inferred,,,,
802238B8,68,geometry,inferred,,,,
802238FC,68,geometry,inferred,,,,
80223940,72,geometry,inferred,,,,
80223988,108,geometry,inferred,,,,
802239F4,116,geometry,inferred,,,,
80223A68,8,geometry,inferred,,,,
80223A70,880,geometry,inferred,,,,
80223DE0,372,geometry,inferred,,,,
80223F54,908,geometry,inferred,,,,
802242E0,188,geometry,inferred,,,,
8022439C,104,geometry,confirmed,BrVec3Cross,SHAPE,,src/core/geometry/br_vec.c
80224404,48,geometry,confirmed,BrVec3Dot,SHAPE,,src/core/geometry/br_vec.c
80224434,40,geometry,confirmed,BrVec3Negate,EXACT,,src/core/geometry/br_vec.c
8022445C,40,unfiled,confirmed,BrUiTweenReset_10047D10,SHAPE,,src/core/slice3_32.c
80224484,36,,,,,,
802244A8,32,,,,,,
802244C8,52,,,,,,
802244FC,44,geometry,confirmed,BrVec3Scale,EXACT,,src/core/geometry/br_vec.c
80224528,52,geometry,confirmed,BrVec3ScaleBy,SHAPE,,src/core/geometry/br_vec.c
8022455C,56,geometry,confirmed,BrVec3Div,SHAPE,,src/core/geometry/br_vec.c
80224594,64,geometry,confirmed,BrVec3DivBy,SHAPE,,src/core/geometry/br_vec.c
802245D4,28,unfiled,confirmed,BrVec3Copy,EXACT,,src/core/slice2_19.c
802245F0,204,unfiled,confirmed,BrVec3Direction,SHAPE,,src/core/slice2_21.c
802246BC,164,,,,,,
80224760,168,unfiled,confirmed,BrVec3NormaliseGuard,SHAPE,,src/core/slice2_21.c
80224808,52,geometry,confirmed,BrVec3Sub,EXACT,,src/core/geometry/br_vec.c
8022483C,52,geometry,confirmed,BrVec3SubFrom,EXACT,,src/core/geometry/br_vec.c
80224870,36,geometry,inferred,,,,
80224894,52,geometry,confirmed,BrVec3Add,EXACT,,src/core/geometry/br_vec.c
802248C8,52,geometry,confirmed,BrVec3AddTo,EXACT,,src/core/geometry/br_vec.c
802248FC,80,geometry,confirmed,BrVec3Lerp,SHAPE,,src/core/geometry/br_vec.c
8022494C,68,geometry,confirmed,BrVec3MulAdd,SHAPE,,src/core/geometry/br_vec.c
80224990,68,geometry,confirmed,BrVec3MulAddTo,EXACT,,src/core/geometry/br_vec.c
802249D4,72,geometry,confirmed,BrVec3Midpoint,SHAPE,,src/core/geometry/br_vec.c
80224A1C,24,geometry,confirmed,BrVec3Zero,EXACT,,src/core/geometry/br_vec.c
80224A34,68,unfiled,confirmed,BrVec3DistXY,SHAPE,,src/core/slice2_21.c
80224A78,84,geometry,confirmed,BrVec3Dist,SHAPE,,src/core/geometry/br_vec.c
80224ACC,60,geometry,confirmed,BrVec3DistSq,SHAPE,,src/core/geometry/br_vec.c
80224B08,64,geometry,confirmed,BrVec3Length,SHAPE,,src/core/geometry/br_vec.c
80224B48,52,unfiled,confirmed,BrVec3LenXY,SHAPE,,src/core/slice2_21.c
80224B7C,388,,,,,,
80224D00,220,,,,,,
80224DDC,204,,,,,,
80224EA8,232,,,,,,
80224F90,168,,,,,,
80225038,196,geometry,confirmed,BrVec3Project,SHAPE,,src/core/geometry/br_mat.c
802250FC,132,,,,,,
80225180,364,,,,,,
802252EC,100,,,,,,
80225350,32,gamedata,confirmed,BrTrackFaceCount,SHAPE,,src/core/gamedata/br_track.c
80225370,1020,,,,,,
8022576C,432,,,,,,
8022591C,292,unfiled,confirmed,BrTriContainsPoint,SHAPE,,src/core/slice1_06.c
80225A40,292,,,,,,
80225B64,696,,,,,,
80225E1C,156,,,,,,
80225EB8,24,driving,confirmed,BrCarPhysBodyState,SHAPE,,src/core/driving/br_carphys.c
80225ED0,8,,,,,,
80225ED8,12,unfiled,confirmed,BrTextBoxDtor,SHAPE,,src/core/slice6_72.c
80225EE4,76,unfiled,confirmed,BrDPlayRandStep,SHAPE,,src/core/slice2_22.c
80225F30,88,,,,,,
80225F88,92,,,,,,
80225FE4,100,,,,,,
80226048,40,unfiled,confirmed,BrUiItem,SHAPE,,src/core/slice2_23.c
80226070,48,unfiled,confirmed,BrReplayGetSize,SHAPE,,src/core/slice3_42.c
802260A0,96,,,,,,
80226100,328,,,,,,
80226248,576,,,,,,
80226488,2292,,,,,,
80226D7C,32,gamedata,confirmed,BrOperatorDelete,EXACT,,src/core/gamedata/br_crt.c
80226D9C,1144,,,,,,
80227214,1048,,,,,,
8022762C,4744,,,,,,
802288B4,32,unfiled,confirmed,BrThunk11D10,EXACT,,src/core/slice2_14.c
802288D4,360,,,,,,
80228A3C,48,,,,,,
80228A6C,984,,,,,,
80228E44,8,,,,,,
80228E4C,632,,,,,,
802290C4,308,,,,,,
802291F8,792,,,,,,
80229510,32,,,,,,
80229530,24,driving,confirmed,BrCollRespFrameMat,SHAPE,,src/core/driving/br_collresp.c
80229548,8,,,,,,
80229550,432,,,,,,
80229700,2528,,,,,,
8022A0E0,3308,,,,,,
8022ADCC,164,unfiled,confirmed,BrVarSave,SHAPE,,src/core/slice3_41.c
8022AE70,104,unfiled,confirmed,BrVarLoad,SHAPE,,src/core/slice3_41.c
8022AED8,48,startup,confirmed,BrWrap_10067940,SHAPE,,src/core/startup/br_objlife.c
8022AF08,44,unfiled,confirmed,BrUiHook84Reset,SHAPE,,src/core/slice8_84.c
8022AF34,48,unfiled,confirmed,BrUiHook81Activate_10045BC0,SHAPE,,src/core/slice7_81.c
8022AF64,44,unfiled,confirmed,BrCtrlCfgInitGlobal,SHAPE,,src/core/slice3_42.c
8022AF90,360,,,,,,
8022B0F8,220,,,,,,
8022B1D4,412,,,,,,
8022B370,84,audio,confirmed,BrSfxSrcTrigger,SHAPE,,src/core/audio/br_sfxsrc.c
8022B3C4,32,audio,confirmed,BrSfxSrcBeep,EXACT,,src/core/audio/br_sfxsrc.c
8022B3E4,32,audio,confirmed,BrSfxSrcBeep2,EXACT,,src/core/audio/br_sfxsrc.c
8022B404,36,unfiled,confirmed,BrSndNearestInvalidate,SHAPE,,src/core/slice3_41.c
8022B428,108,unfiled,confirmed,BrSndNearestReset,SHAPE,,src/core/slice3_41.c
8022B494,160,,,,,,
8022B534,1056,,,,,,
8022B954,188,,,,,,
8022BA10,136,unfiled,confirmed,BrSndNearestOfferDefault,SHAPE,,src/core/slice3_41.c
8022BA98,8,,,,,,
8022BAA0,524,,,,,,
8022BCAC,8,,,,,,
8022BCB4,3400,,,,,,
8022C9FC,1420,,,,,,
8022CF88,264,,,,,,
8022D090,116,,,,,,
8022D104,720,,,,,,
8022D3D4,104,,,,,,
8022D43C,96,,,,,,
8022D49C,836,,,,,,
8022D7E0,204,,,,,,
8022D8AC,208,,,,,,
8022D97C,2916,,,,,,
8022E4E0,4076,,,,,,
8022F4CC,16,drawing,confirmed,BrSet_10019270,SHAPE,,src/core/drawing/br_textmode.c
8022F4DC,16,unfiled,confirmed,BrMenuClearAA28A8,SHAPE,,src/core/slice2_24.c
8022F4EC,12,unfiled,confirmed,SetCommentChar,SHAPE,,src/exe/brally/0x004016C0.c
8022F4F8,12,drawing,confirmed,BrClear_10019250,SHAPE,,src/core/drawing/br_textmode.c
8022F504,16,unfiled,confirmed,BrSub_10019290,SHAPE,,src/core/slice5_61.c
8022F514,12,unfiled,confirmed,BrSub_10019260,SHAPE,,src/core/slice5_63.c
8022F520,16,unfiled,confirmed,BrSub_10019240,SHAPE,,src/core/slice6_78.c
8022F530,72,unfiled,confirmed,BrTextSetColors,SHAPE,,src/core/slice1_03.c
8022F578,88,,,,,,
8022F5D0,12,startup,confirmed,BrMainLoopSetSuspended,SHAPE,,src/core/startup/br_mainloop.c
8022F5DC,184,,,,,,
8022F694,140,,,,,,
8022F720,480,,,,,,
8022F900,104,,,,,,
8022F968,1416,,,,,,
8022FEF0,196,,,,,,
8022FFB4,1056,,,,,,
802303D4,384,,,,,,
80230554,10624,,,,,,
80232ED4,1472,,,,,,
80233494,468,,,,,,
80233668,120,,,,,,
802336E0,416,,,,,,
80233880,1424,,,,,,
80233E10,460,,,,,,
80233FDC,116,,,,,,
80234050,3952,,,,,,
80234FC0,28,,,,,,
80234FDC,20,menus,confirmed,BrUiCtlSpriteDown,SHAPE,,src/core/menus/br_uispr.c
80234FF0,8,,,,,,
80234FF8,2996,,,,,,
80235BAC,7636,,,,,,
80237980,3468,,,,,,
8023870C,8,,,,,,
80238714,248,unfiled,confirmed,BrHudDrawTimeEntry,SHAPE,,src/core/slice1_03.c
8023880C,684,,,,,,
80238AB8,796,,,,,,
80238DD4,348,,,,,,
80238F30,752,,,,,,
80239220,1328,,,,,,
80239750,1440,,,,,,
80239CF0,148,unfiled,confirmed,BrWeatherRandomiseParticles,SHAPE,,src/core/slice2_15.c
80239D84,420,,,,,,
80239F28,404,,,,,,
8023A0BC,260,,,,,,
8023A1C0,8,,,,,,
8023A1C8,1468,,,,,,
8023A784,2476,,,,,,
8023B130,72,,,,,,
8023B178,672,,,,,,
8023B418,1848,,,,,,
8023BB50,1040,,,,,,
8023BF60,2208,,,,,,
8023C800,1020,,,,,,
8023CBFC,356,,,,,,
8023CD60,464,,,,,,
8023CF30,148,,,,,,
8023CFC4,368,,,,,,
8023D134,1504,,,,,,
8023D714,1196,,,,,,
8023DBC0,832,,,,,,
8023DF00,76,drawing,confirmed,BrDlCmdFogColour,SHAPE,,src/core/drawing/br_dlcmd.c
8023DF4C,80,settings,confirmed,BrBrfChecksum,SHAPE,,src/core/settings/br_save.c
8023DF9C,3604,,,,,,
8023EDB0,212,,,,,,
8023EE84,200,,,,,,
8023EF4C,3980,,,,,,
8023FED8,92,unfiled,confirmed,BrDevSlotReleaseIface,SHAPE,,src/core/slice3_39.c
8023FF34,76,unfiled,confirmed,BrBitStreamSkipBytes,SHAPE,,src/core/slice1_09.c
8023FF80,112,,,,,,
8023FFF0,128,,,,,,
80240070,464,,,,,,
80240240,44,audio,confirmed,BrWrap_10072A70,SHAPE,,src/core/audio/br_musiccmd.c
8024026C,1444,,,,,,
80240810,216,,,,,,
802408E8,328,,,,,,
80240A30,1712,,,,,,
802410E0,160,drawing,confirmed,BrFontDrawString,SHAPE,,src/core/drawing/br_font.c
80241180,364,,,,,,
802412EC,40,unfiled,confirmed,BrDPlaySpSelectedGuid,SHAPE,,src/core/slice2_22.c
80241314,504,,,,,,
8024150C,132,,,,,,
80241590,112,,,,,,
80241600,2440,,,,,,
80241F88,56,unfiled,confirmed,BrPhaseDispatch_100450F0,SHAPE,,src/core/slice2_26.c
80241FC0,1232,,,,,,
80242490,432,,,,,,
80242640,28,,,,,,
8024265C,436,,,,,,
80242810,12,unfiled,confirmed,BrGbiMtxSlot,SHAPE,,src/core/slice2_16.c
8024281C,100,,,,,,
80242880,16,audio,confirmed,BrWrap_10072B80,SHAPE,,src/core/audio/br_musiccmd.c
80242890,176,,,,,,
80242940,20,racing,confirmed,BrRaceSub1002F6C0,SHAPE,,src/core/racing/br_racestart.c
80242954,12,racing,confirmed,BrDelta_100713A0,SHAPE,,src/core/racing/br_replayon.c
80242960,12,,,,,,
8024296C,128,,,,,,
802429EC,144,,,,,,
80242A7C,148,,,,,,
80242B10,204,,,,,,
80242BDC,1668,,,,,,
80243260,6472,,,,,,
80244BA8,256,,,,,,
80244CA8,92,,,,,,
80244D04,128,,,,,,
80244D84,1772,,,,,,
80245470,404,,,,,,
80245604,404,,,,,,
80245798,436,,,,,,
8024594C,436,,,,,,
80245B00,2800,,,,,,
802465F0,1168,,,,,,
80246A80,332,,,,,,
80246BCC,580,,,,,,
80246E10,384,,,,,,
80246F90,2940,,,,,,
80247B0C,2352,,,,,,
8024843C,1860,,,,,,
80248B80,564,,,,,,
80248DB4,388,,,,,,
80248F38,80,unfiled,confirmed,BrPhaseActivate_10046170,SHAPE,,src/core/slice3_31.c
80248F88,7400,,,,,,
8024AC70,1236,,,,,,
8024B144,3380,,,,,,
8024BE78,780,,,,,,
8024C184,4592,,,,,,
8024D374,112,,,,,,
8024D3E4,12,,,,,,
8024D3F0,96,,,,,,
8024D450,12,,,,,,
8024D45C,96,,,,,,
8024D4BC,12,,,,,,
8024D4C8,104,,,,,,
8024D530,12,,,,,,
8024D53C,380,,,,,,
8024D6B8,288,,,,,,
8024D7D8,80,,,,,,
8024D828,28,,,,,,
8024D844,68,,,,,,
8024D888,20,,,,,,
8024D89C,1028,,,,,,
8024DCA0,1160,,,,,,
8024E128,2824,,,,,,
8024EC30,976,,,,,,
8024F000,604,,,,,,
8024F25C,156,,,,,,
8024F2F8,32,,,,,,
8024F318,96,,,,,,
8024F378,36,,,,,,
8024F39C,1080,,,,,,
8024F7D4,248,,,,,,
8024F8CC,764,,,,,,
8024FBC8,752,,,,,,
8024FEB8,2016,,,,,,
80250698,1216,,,,,,
80250B58,1140,,,,,,
80250FCC,1488,,,,,,
8025159C,536,,,,,,
802517B4,672,,,,,,
80251A54,640,,,,,,
80251CD4,660,,,,,,
80251F68,1124,,,,,,
802523CC,1324,,,,,,
802528F8,932,,,,,,
80252C9C,692,,,,,,
80252F50,20,unfiled,confirmed,BrSwap2,SHAPE,,src/core/slice2_20.c
80252F64,604,,,,,,
802531C0,564,,,,,,
802533F4,108,,,,,,
80253460,124,,,,,,
802534DC,4420,,,,,,
80254620,592,,,,,,
80254870,8,,,,,,
80254878,1236,,,,,,
80254D4C,68,,,,,,
80254D90,172,,,,,,
80254E3C,240,,,,,,
80254F2C,20,,,,,,
80254F40,24,startup,confirmed,BrBootFrontier_10009C00,SHAPE,,src/core/startup/br_bootfrontier.c
80254F58,24,startup,inferred,,,,
80254F70,24,startup,inferred,,,,
80254F88,24,startup,inferred,,,,
80254FA0,24,startup,inferred,,,,
80254FB8,24,startup,inferred,,,,
80254FD0,24,startup,inferred,,,,
80254FE8,24,startup,inferred,,,,
80255000,24,startup,inferred,,,,
80255018,24,startup,confirmed,BrBootFrontier_10032530,SHAPE,,src/core/startup/br_bootfrontier.c
80255030,24,startup,confirmed,BrBootFrontier_10056260,SHAPE,,src/core/startup/br_bootfrontier.c
80255048,216,,,,,,
80255120,2032,,,,,,
80255910,36,geometry,confirmed,BrBitLatchTake,SHAPE,,src/core/geometry/br_bits.c
80255934,32,unfiled,confirmed,BrBitEdgeSplit,SHAPE,,src/core/slice2_19.c
80255954,52,,,,,,
80255988,52,unfiled,confirmed,BrUiHook84_10046FC0,SHAPE,,src/core/slice8_84.c
802559BC,40,unfiled,confirmed,BrBitStreamResetRead,SHAPE,,src/core/slice6_74.c
802559E4,52,,,,,,
80255A18,52,,,,,,
80255A4C,52,,,,,,
80255A80,40,,,,,,
80255AA8,52,,,,,,
80255ADC,120,,,,,,
80255B54,76,unfiled,confirmed,BrEntInit,SHAPE,,src/core/slice1_05.c
80255BA0,176,unfiled,confirmed,BrNodeMarkPass,SHAPE,,src/core/slice3_40.c
80255C50,80,unfiled,confirmed,BrNodeClearMarkPass,SHAPE,,src/core/slice3_40.c
80255CA0,48,unfiled,confirmed,BrNodeRunMarkPass,SHAPE,,src/core/slice3_40.c
80255CD0,80,,,,,,
80255D20,44,unfiled,confirmed,PushInclude,SHAPE,,src/exe/brally/0x00401670.c
80255D4C,88,,,,,,
80255DA4,52,,,,,,
80255DD8,88,,,,,,
80255E30,52,,,,,,
80255E64,28,gamedata,confirmed,BrStrResResetForTest,SHAPE,,src/core/gamedata/br_strres.c
80255E80,604,,,,,,
802560DC,204,,,,,,
802561A8,60,,,,,,
802561E4,68,,,,,,
80256228,72,audio,confirmed,BrMixCreate,SHAPE,,src/core/audio/br_mix.c
80256270,32,,,,,,
80256290,80,,,,,,
802562E0,16,,,,,,
802562F0,428,,,,,,
8025649C,240,,,,,,
8025658C,404,,,,,,
80256720,1292,,,,,,
80256C2C,272,,,,,,
80256D3C,176,,,,,,
80256DEC,960,,,,,,
802571AC,112,,,,,,
8025721C,936,,,,,,
802575C4,816,,,,,,
802578F4,112,,,,,,
80257964,144,,,,,,
802579F4,40,unfiled,confirmed,BrPhaseGoto_10046F50,SHAPE,,src/core/slice3_31.c
80257A1C,36,unfiled,confirmed,BrMenuFlags18D0,SHAPE,,src/core/slice2_24.c
80257A40,64,,,,,,
80257A80,40,settings,confirmed,BrCountedTotal,SHAPE,,src/core/settings/br_state.c
80257AA8,40,,,,,,
80257AD0,44,,,,,,
80257AFC,8,,,,,,
80257B04,116,,,,,,
80257B78,108,,,,,,
80257BE4,96,,,,,,
80257C44,248,,,,,,
80257D3C,820,,,,,,
80258070,8,,,,,,
80258078,8,,,,,,
80258080,188,,,,,,
8025813C,144,geometry,confirmed,BrVec4Normalise,SHAPE,,src/core/geometry/br_vecnorm.c
802581CC,124,geometry,confirmed,BrVec3Normalise,SHAPE,,src/core/geometry/br_vecnorm.c
80258248,220,,,,,,
80258324,184,,,,,,
802583DC,340,,,,,,
80258530,336,,,,,,
80258680,64,,,,,,
802586C0,152,,,,,,
80258758,144,,,,,,
802587E8,208,,,,,,
802588B8,152,,,,,,
80258950,164,,,,,,
802589F4,488,,,,,,
80258BDC,72,unfiled,confirmed,BrSndVoiceStop,SHAPE,,src/core/slice1_08.c
80258C24,396,,,,,,
80258DB0,84,unfiled,confirmed,BrMat3Skew,EXACT,,src/core/slice3_44.c
80258E04,96,unfiled,confirmed,BrMat4ToMat3Both,SHAPE,,src/core/slice3_44.c
80258E64,72,unfiled,confirmed,BrMat4ToMat3,SHAPE,,src/core/slice3_44.c
80258EAC,76,unfiled,confirmed,BrMat4ToMat3Transposed,SHAPE,,src/core/slice3_44.c
80258EF8,120,unfiled,confirmed,BrMat3Mul,SHAPE,,src/core/slice3_44.c
80258F70,100,,,,,,
80258FD4,276,,,,,,
802590E8,616,,,,,,
80259350,364,,,,,,
802594BC,376,,,,,,
80259634,472,,,,,,
8025980C,304,unfiled,confirmed,BrRbSolveAccel,SHAPE,,src/core/slice3_42.c
8025993C,220,unfiled,confirmed,BrRbAccumAll,SHAPE,,src/core/slice3_42.c
80259A18,260,,,,,,
80259B1C,252,,,,,,
80259C18,252,,,,,,
80259D14,3976,,,,,,
8025AC9C,1812,,,,,,
8025B3B0,852,,,,,,
8025B704,56,driving,confirmed,BrCrPlaneDist,SHAPE,,src/core/driving/br_collrespsolve.c
8025B73C,1128,,,,,,
8025BBA4,20,racing,confirmed,BrAiRecoveryReset,SHAPE,,src/core/racing/br_ai.c
8025BBB8,1684,,,,,,
8025C24C,48,driving,confirmed,BrCrListPush,SHAPE,,src/core/driving/br_collresp.c
8025C27C,76,unfiled,confirmed,BrX10005E70,SHAPE,,src/core/slice8_83.c
8025C2C8,232,,,,,,
8025C3B0,24,audio,confirmed,BrAudioGetVolume,SHAPE,,src/core/audio/br_audio.c
8025C3C8,744,,,,,,
8025C6B0,548,,,,,,
8025C8D4,8,,,,,,
8025C8DC,796,,,,,,
8025CBF8,560,,,,,,
8025CE28,496,,,,,,
8025D018,72,drawing,confirmed,BrTex3dFree,SHAPE,,src/core/drawing/br_tex3d.c
8025D060,764,,,,,,
8025D35C,12,,,,,,
8025D368,2384,,,,,,
8025DCB8,788,,,,,,
8025DFCC,1424,,,,,,
8025E55C,708,,,,,,
8025E820,332,,,,,,
8025E96C,784,,,,,,
8025EC7C,320,,,,,,
8025EDBC,436,,,,,,
8025EF70,308,,,,,,
8025F0A4,104,,,,,,
8025F10C,40,unfiled,confirmed,BrMenuCap0990,SHAPE,,src/core/slice2_24.c
8025F134,40,,,,,,
8025F15C,36,unfiled,confirmed,BrRasterSelect,SHAPE,,src/core/slice2_14.c
8025F180,12,,,,,,
8025F18C,876,,,,,,
8025F4F8,2284,,,,,,
8025FDE4,1708,,,,,,
80260490,796,,,,,,
802607AC,20,,,,,,
802607C0,28,gamedata,confirmed,BrObjInitInline,SHAPE,,src/core/gamedata/br_obj.c
802607DC,36,audio,confirmed,BrExt_10072A90,SHAPE,,src/core/audio/br_musiccmd.c
80260800,84,audio,inferred,,,,
80260854,76,audio,inferred,,,,
802608A0,160,audio,inferred,,,,
80260940,368,audio,inferred,,,,
80260AB0,112,audio,inferred,,,,
80260B20,44,audio,inferred,,,,
80260B4C,40,audio,inferred,,,,
80260B74,36,audio,inferred,,,,
80260B98,40,audio,confirmed,BrSfxCarChannel,SHAPE,,src/core/audio/br_sfx.c
80260BC0,404,,,,,,
80260D54,92,,,,,,
80260DB0,36,unfiled,confirmed,BrPodLoadInto,SHAPE,,src/core/slice3_31.c
80260DD4,92,unfiled,confirmed,BrPhaseLeave_10044F00,SHAPE,,src/core/slice2_26.c
80260E30,72,unfiled,confirmed,BrMat4Perspective7,SHAPE,,src/core/slice4_50.c
80260E78,88,racing,confirmed,BrAiHeading,SHAPE,,src/core/racing/br_ai.c
80260ED0,256,,,,,,
80260FD0,136,geometry,confirmed,BrMat4Identity,EXACT,,src/core/geometry/br_mat.c
80261058,48,unfiled,confirmed,BrCarNetSendState,SHAPE,,src/core/slice3_40.c
80261088,184,,,,,,
80261140,16,,,,,,
80261150,1088,,,,,,
80261590,128,,,,,,
80261610,120,,,,,,
80261688,8,,,,,,
80261690,252,,,,,,
8026178C,28,,,,,,
802617A8,28,,,,,,
802617C4,12,,,,,,
802617D0,292,,,,,,
802618F4,28,,,,,,
80261910,28,,,,,,
8026192C,20,,,,,,
80261940,416,,,,,,
80261AE0,252,,,,,,
80261BDC,212,,,,,,
80261CB0,624,,,,,,
80261F20,360,,,,,,
80262088,364,,,,,,
802621F4,380,,,,,,
80262370,464,,,,,,
80262540,276,,,,,,
80262654,12,,,,,,
80262660,608,,,,,,
802628C0,448,,,,,,
80262A80,1732,,,,,,
80263144,436,,,,,,
802632F8,488,,,,,,
802634E0,252,,,,,,
802635DC,1028,,,,,,
802639E0,336,,,,,,
80263B30,1156,,,,,,
80263FB4,612,,,,,,
80264218,200,,,,,,
802642E0,320,,,,,,
80264420,104,,,,,,
80264488,8,,,,,,
80264490,448,,,,,,
80264650,272,,,,,,
80264760,196,,,,,,
80264824,168,,,,,,
802648CC,244,,,,,,
802649C0,48,unfiled,confirmed,BrUiHook85_1003E950,SHAPE,,src/core/slice8_85.c
802649F0,112,,,,,,
80264A60,112,unfiled,confirmed,BrSub10046400,SHAPE,,src/core/slice3_31.c
80264AD0,80,drawing,confirmed,BrUiImgSavePathsInit,SHAPE,,src/core/drawing/br_uiimg.c
80264B20,64,unfiled,confirmed,BrPhaseLeave_10046560,SHAPE,,src/core/slice3_31.c
80264B60,284,,,,,,
80264C7C,400,,,,,,
80264E0C,68,audio,confirmed,BrSfxSrcRaceCountdown,SHAPE,,src/core/audio/br_sfxsrc.c
80264E50,696,,,,,,
80265108,120,,,,,,
80265180,560,,,,,,
802653B0,96,,,,,,
80265410,48,drawing,confirmed,BrImgBlitResetForTest,SHAPE,,src/core/drawing/br_imgblit.c
80265440,112,unfiled,confirmed,BrPhaseLeave_10044AE0,SHAPE,,src/core/slice2_26.c
802654B0,336,,,,,,
80265600,112,unfiled,confirmed,BrExt_10046DC0,SHAPE,,src/core/slice3_31.c
80265670,336,,,,,,
802657C0,336,,,,,,
80265910,504,,,,,,
80265B08,208,,,,,,
80265BD8,248,,,,,,
80265CD0,192,,,,,,
80265D90,656,,,,,,
80266020,44,,,,,,
8026604C,60,,,,,,
80266088,60,,,,,,
802660C4,44,,,,,,
802660F0,60,,,,,,
8026612C,92,,,,,,
80266188,48,,,,,,
802661B8,96,,,,,,
80266218,156,,,,,,
802662B4,44,,,,,,
802662E0,136,,,,,,
80266368,40,,,,,,
80266390,16,unfiled,confirmed,HasGraph,SHAPE,,src/exe/bossrally/0x00401460.c
802663A0,96,,,,,,
80266400,392,,,,,,
80266588,472,,,,,,
80266760,400,,,,,,
802668F0,224,,,,,,
802669D0,28,,,,,,
802669EC,28,,,,,,
80266A08,160,,,,,,
80266AA8,156,,,,,,
80266B44,24,,,,,,
80266B5C,24,,,,,,
80266B74,52,,,,,,
80266BA8,56,,,,,,
80266BE0,1900,,,,,,
8026734C,196,,,,,,
80267410,96,unfiled,confirmed,BrRbVelAtBodyPoint,SHAPE,,src/core/slice3_42.c
80267470,96,unfiled,confirmed,SetPlayerTitle,SHAPE,,src/exe/bossrally/0x00401700.c
802674D0,116,,,,,,
80267544,368,,,,,,
802676B4,300,,,,,,
802677E0,336,,,,,,
80267930,752,,,,,,
80267C20,736,,,,,,
80267F00,568,,,,,,
80268138,248,,,,,,
80268230,352,,,,,,
80268390,224,,,,,,
80268470,176,,,,,,
80268520,16,unfiled,confirmed,IncludeStackEmpty,SHAPE,,src/exe/brally/0x00401660.c
80268530,16,unfiled,confirmed,IncludeStackEmpty,SHAPE,,src/exe/setvideo/0x00401AC0.c
80268540,32,,,,,,
80268560,32,gamedata,confirmed,BrPodIdentity,SHAPE,,src/core/gamedata/br_pod.c
80268580,320,,,,,,
802686C0,144,,,,,,
80268750,1648,,,,,,
80268DC0,1616,,,,,,
80269410,80,unfiled,confirmed,BrGfxClearCounters,SHAPE,,src/core/slice2_13.c
80269460,68,unfiled,confirmed,BrPhaseActivate_10045460,SHAPE,,src/core/slice2_26.c
802694A4,44,racing,confirmed,BrAiAimSmooth,SHAPE,,src/core/racing/br_ai.c
802694D0,176,,,,,,
80269580,272,,,,,,
80269690,92,,,,,,
802696EC,104,,,,,,
80269754,1048,,,,,,
80269B6C,408,,,,,,
80269D04,604,,,,,,
80269F60,252,,,,,,
8026A05C,800,,,,,,
8026A37C,116,,,,,,
8026A3F0,540,,,,,,
8026A60C,372,,,,,,
8026A780,176,,,,,,
8026A830,208,,,,,,
8026A900,516,,,,,,
8026AB04,380,,,,,,
8026AC80,64,unfiled,confirmed,BrStringById,SHAPE,,src/core/slice4_53.c
8026ACC0,1348,,,,,,
8026B204,232,,,,,,
8026B2EC,256,,,,,,
8026B3EC,72,,,,,,
8026B434,16,unfiled,confirmed,BrFadeLatch,SHAPE,,src/core/slice2_16.c
8026B444,396,,,,,,
8026B5D0,336,,,,,,
8026B720,24,startup,confirmed,BrGameStepIsAddr,SHAPE,,src/core/startup/br_gamestep.c
8026B738,24,unfiled,confirmed,IsStopped,SHAPE,,src/exe/bossrally/0x00401450.c
8026B750,128,,,,,,
8026B7D0,80,,,,,,
8026B820,48,,,,,,
8026B850,16,,,,,,
8026B860,64,drawing,confirmed,BrGbiTexScanTileSync,SHAPE,,src/core/drawing/br_gbitexscan.c
8026B8A0,144,,,,,,
8026B930,48,audio,confirmed,BrAudioGetPan,SHAPE,,src/core/audio/br_audio.c
8026B960,144,,,,,,
8026B9F0,16,menus,confirmed,BrUiNavSelection,SHAPE,,src/core/menus/br_uinav.c
8026BA00,16,,,,,,
8026BA10,16,,,,,,
8026BA20,80,unfiled,confirmed,BrUiOptAddress,SHAPE,,src/core/slice7_80.c
8026BA70,80,unfiled,confirmed,BrPolyPoolFree,SHAPE,,src/core/slice2_13.c
8026BAC0,80,,,,,,
8026BB10,48,,,,,,
8026BB40,96,,,,,,
8026BBA0,160,,,,,,
8026BC40,140,,,,,,
8026BCCC,376,,,,,,
8026BE44,116,,,,,,
8026BEB8,392,,,,,,
8026C040,32,drawing,confirmed,BrGbiTexScanMark,SHAPE,,src/core/drawing/br_gbitexscan.c
8026C060,16,,,,,,
8026C070,864,,,,,,
8026C3D0,240,,,,,,
8026C4C0,256,,,,,,
8026C5C0,80,unfiled,confirmed,BrCmdSetColorA,SHAPE,,src/core/slice2_15.c
8026C610,68,unfiled,confirmed,BrPhaseActivate_10045520,SHAPE,,src/core/slice2_26.c
8026C654,44,unfiled,confirmed,BrDPlaySendTag6,SHAPE,,src/core/slice2_22.c
8026C680,224,,,,,,
8026C760,560,,,,,,
8026C990,1168,,,,,,
8026CE20,48,controls,confirmed,BrWndFrontierName,SHAPE,,src/core/controls/br_input.c
8026CE50,672,,,,,,
8026D0F0,1384,,,,,,
8026D658,8,,,,,,
8026D660,1360,,,,,,
8026DBB0,48,audio,confirmed,BrAudioIsEnabled,SHAPE,,src/core/audio/br_audio.c
8026DBE0,1700,,,,,,
8026E284,232,,,,,,
8026E36C,244,,,,,,
8026E460,160,,,,,,
8026E500,256,,,,,,
8026E600,192,,,,,,
8026E6C0,16,,,,,,
8026E6D0,96,unfiled,confirmed,BrPhaseLeave_10046D20,SHAPE,,src/core/slice3_31.c
8026E730,80,,,,,,
8026E780,80,,,,,,
8026E7D0,80,unfiled,confirmed,BrPhaseLeave_10044B40,SHAPE,,src/core/slice2_26.c
8026E820,80,unfiled,confirmed,BrUiHook87_1003FC40,SHAPE,,src/core/slice8_87.c
8026E870,256,,,,,,
8026E970,144,,,,,,
8026EA00,84,,,,,,
8026EA54,292,,,,,,
8026EB78,188,,,,,,
8026EC34,1180,,,,,,
8026F0D0,40,,,,,,
8026F0F8,72,,,,,,
8026F140,2280,,,,,,
8026FA28,32,,,,,,
8026FA48,8,,,,,,
8026FA50,88,,,,,,
8026FAA8,8,,,,,,
