date,verdict,bodies,scripts,first
2026-09-26T15:09:08,IDENTICAL,8022439C:9d3294817c7a 802245F0:5219933d6ddf 80224760:c191a83feecb,attract.txt:2400,
2026-09-28T14:54:47,DIFFERENT,80200050:ab9dc2872be0 80200154:7990a2a302ff 8020082C:e7d585ae0aa9 80208900:5e903f76ac3a 802089D0:481e5f1f7ce9 80208A58:cbb19d874059 8020C66C:f2a5f93b6c0e 80210F80:a2615810518e 802114E0:b46a972ec59e 802118B4:109011530a24 8021196C:b4e1430fde6b 80214E0C:31427eabed4b 802172D0:9359adc0ad27 802173C8:f6a9b0ad79ad 8021B97C:c12ffaca4951 8021BE28:5317f5adce51 8021C46C:6d8accb5afcf 8021D098:c53c0a92fb20 8021D140:d358e2077165 8021D32C:4304bf53b2e1 8021D6B8:25d27a581a8b 8021DC34:fbb5a353cdd5 8021E180:5deb7652a90c 8021EA0C:6dc49fee92f7 8021EB30:cc8ad4057718 8021F1F0:5792e1dec251 80220150:2d6e58f679ff 802203F0:0458a0896941 80220544:9a5a855d067c 80223480:9f5d4ff94e55 80223850:0cf8ff2cf0ec 802238B8:6584f6867e38 802238FC:c7012651bff1 80223940:d85e932d1b0e 80223F54:a5bb8287049a 8022439C:9d3294817c7a 802245F0:e7ec8676980b 80224760:fe076ad296d0 80224D00:4157351f570b 802250FC:39cb2eca2223 80225180:cd44f4e81a88 80225B64:51cbfe9f0d5c 80225EE4:25f0ea3d25e6 80225F30:0411aa8ef0c3 802288D4:4da553f0423c 80228A3C:486e13b0f197 8022B370:849d5ffea212 8022D43C:5ac137eb35ab 8022D7E0:db21b1ade559 8022F5DC:175ba7e52744 8022F900:dae1564dc0b1 80233880:95d9bcc738af 80233FDC:c5de31274da0 80238714:a6d85cf023aa 8023880C:f46ff6bccde8 80238AB8:61869cb4d759 80238DD4:85cd3451a6c7 8024BE78:2e19070d97c9 80255910:fe0628743eab 80255934:3d26e5c1fed9 80255B54:32bb4b0eeab4 80255BA0:aef5da52bdb6 80255C50:8d4092dc9257 80255CD0:4ea121585e5e 80255D4C:65ade1790c66 80255DD8:fe2593eb1870 802562E0:da39a3ee5e6b 80257964:5583f3f1a4da 80257C44:9b74024c24d2 80258248:e637f34180d6 80258324:6b2eb6325feb 802583DC:91372c70e436 802587E8:92629bc4ea5a 802588B8:1ad816a80ddb 80258E04:968a9befbbbd 80258F70:4c739ce4ac24 8025993C:eff1565875ba 8025C8DC:47911137ceb6 8025CBF8:ec6b8ea8b9e2 8025E820:d892094b4e18 80260490:bbebb58a817a,arcade_2p:3600 arcade_timeup:6000 attract:3600 champ_race:3600 loadsave:3600 options:3600 paintshop:3600 practice:3600 race_pause:4000 timeattack:3600,arcade_2p.txt frame 67 ram; arcade_timeup.txt frame 67 ram; attract.txt frame 67 ram; champ_race.txt frame 67 ram; loadsave.txt frame 67 ram; options.txt frame 67 ram; paintshop.txt frame 67 ram; practice.txt frame 67 ram; race_pause.txt frame 67 ram; timeattack.txt frame 67 ram
2026-09-28T15:13:52,DIFFERENT,80200050:ab9dc2872be0 80200154:7990a2a302ff 8020082C:6e27ce514e5a 80208900:5e903f76ac3a 802089D0:481e5f1f7ce9 80208A58:cbb19d874059 8020C66C:f2a5f93b6c0e 80210F80:a2615810518e 802114E0:b46a972ec59e 802118B4:109011530a24 8021196C:b4e1430fde6b 80214E0C:31427eabed4b 802172D0:9359adc0ad27 802173C8:f6a9b0ad79ad 8021B97C:c12ffaca4951 8021BE28:5317f5adce51 8021C46C:6d8accb5afcf 8021D098:c53c0a92fb20 8021D140:d358e2077165 8021D32C:4304bf53b2e1 8021D6B8:25d27a581a8b 8021DC34:fbb5a353cdd5 8021E180:5deb7652a90c 8021EA0C:6dc49fee92f7 8021EB30:cc8ad4057718 8021F1F0:5792e1dec251 80220150:2d6e58f679ff 802203F0:0458a0896941 80220544:9a5a855d067c 80223480:9f5d4ff94e55 80223850:0cf8ff2cf0ec 802238B8:6584f6867e38 802238FC:c7012651bff1 80223940:d85e932d1b0e 80223F54:a5bb8287049a 8022439C:9d3294817c7a 802245F0:e7ec8676980b 80224760:fe076ad296d0 80224D00:4157351f570b 802250FC:39cb2eca2223 80225180:cd44f4e81a88 80225B64:51cbfe9f0d5c 80225EE4:25f0ea3d25e6 80225F30:0411aa8ef0c3 802288D4:4da553f0423c 80228A3C:486e13b0f197 8022B370:849d5ffea212 8022D43C:5ac137eb35ab 8022D7E0:db21b1ade559 8022F5DC:175ba7e52744 8022F900:dae1564dc0b1 80233880:95d9bcc738af 80233FDC:c5de31274da0 80238714:a6d85cf023aa 8023880C:f46ff6bccde8 80238AB8:61869cb4d759 80238DD4:85cd3451a6c7 8024BE78:2e19070d97c9 80255910:fe0628743eab 80255934:3d26e5c1fed9 80255B54:32bb4b0eeab4 80255BA0:aef5da52bdb6 80255C50:8d4092dc9257 80255CD0:4ea121585e5e 80255D4C:65ade1790c66 80255DD8:fe2593eb1870 802562E0:da39a3ee5e6b 80257964:5583f3f1a4da 80257C44:9b74024c24d2 80258248:e637f34180d6 80258324:6b2eb6325feb 802583DC:91372c70e436 802587E8:92629bc4ea5a 802588B8:1ad816a80ddb 80258E04:968a9befbbbd 80258F70:4c739ce4ac24 8025993C:eff1565875ba 8025C8DC:47911137ceb6 8025CBF8:ec6b8ea8b9e2 8025E820:d892094b4e18 80260490:bbebb58a817a,arcade_2p:3600 arcade_timeup:6000 attract:3600 champ_race:3600 loadsave:3600 options:3600 paintshop:3600 practice:3600 race_pause:4000 timeattack:3600,arcade_2p.txt frame 67 ram; arcade_timeup.txt frame 67 ram; attract.txt frame 67 ram; champ_race.txt frame 67 ram; loadsave.txt frame 67 ram; options.txt frame 67 ram; paintshop.txt frame 67 ram; practice.txt frame 67 ram; race_pause.txt frame 67 ram; timeattack.txt frame 67 ram
2026-09-28T15:24:29,IDENTICAL,8020082C:d7bdb909bd27,arcade_2p:3600 arcade_timeup:6000 attract:3600 champ_race:3600 loadsave:3600 options:3600 paintshop:3600 practice:3600 race_pause:4000 timeattack:3600,
2026-09-28T15:45:45,IDENTICAL,8020082C:d7bdb909bd27 80211D70:d0f3e4b44507,arcade_2p:3600 arcade_timeup:6000 attract:3600 champ_race:3600 loadsave:3600 loadsave_pak:3000 options:3600 paintshop:3600 practice:3600 race_pause:4000 timeattack:3600,
2026-09-28T16:04:49,DIFFERENT,8020082C:d7bdb909bd27 80211D70:d0f3e4b44507 80235BAC:462708a1df6a,arcade_2p:3600 arcade_timeup:6000 attract:3600 champ_race:3600 loadsave:3600 loadsave_pak:3000 options:3600 paintshop:3600 practice:3600 race_pause:4000 timeattack:3600,attract.txt frame 1557 ram; loadsave.txt frame 2571 ram; options.txt frame 3131 ram
2026-09-28T16:11:26,IDENTICAL,8020082C:d7bdb909bd27 80211D70:d0f3e4b44507 80235BAC:462708a1df6a,arcade_2p:3600 arcade_timeup:6000 attract:3600 champ_race:3600 loadsave:3600 loadsave_pak:3000 options:3600 paintshop:3600 practice:3600 race_pause:4000 timeattack:3600,
2026-09-28T16:22:00,IDENTICAL,8020082C:d7bdb909bd27 80211D70:d0f3e4b44507 80235BAC:462708a1df6a 80248F88:f2fc0a5f9d4f,arcade_2p:3600 arcade_timeup:6000 attract:3600 champ_race:3600 loadsave:3600 loadsave_pak:3000 options:3600 paint_pak:3600 paintshop:3600 practice:3600 race_pause:4000 timeattack:3600,
2026-09-29T14:29:52,IDENTICAL,8020082C:d7bdb909bd27 80211D70:d0f3e4b44507 8022F720:dcf89771a280 80235BAC:462708a1df6a 80248F88:f2fc0a5f9d4f,arc2p_coast_rain:5631 arc2p_desert_snow:5841 arc2p_jungle_snow:5575 arc2p_mine_fog:5593 arc2p_mjungle_fog:5937 arc2p_mmountain_rain:5797 arc2p_mountain_night:5435 arc_coast_rain_car4:5403 arc_coast_snow_car5:5517 arc_desert_fog_car1:5283 arc_desert_sunny_car0:5745 arc_jungle_night_car8:5587 arc_jungle_sunny_car9:5479 arc_mcoast_night_car1:5417 arc_mcoast_sunny_car2:5499 arc_mdesert_rain_car10:5727 arc_mdesert_snow_car11:5727 arc_mine_night_car7:5479 arc_mine_snow_car6:5511 arc_mjungle_fog_car5:5633 arc_mjungle_rain_car6:5589 arc_mmine_fog_car4:5493 arc_mmine_night_car3:5525 arc_mmountain_night_car0:5689 arc_mmountain_snow_car12:5835 arc_mountain_fog_car2:5327 arc_mountain_rain_car3:5245 arcade_timeup:6000 attract:3600 champ_finish:43877 champ_race:3600 champ_round1:3383 champ_round1_car8:3573 credits_demo:8001 credits_demo2:10001 ctl_typeb_mountain:5977 ctl_typec_coast:6085 ctl_typed_jungle:6035 ctl_wheel_mdesert:6193 loadsave:3600 loadsave_pak:3000 options:3600 paint_pak:3600 paint_walk:21217 paint_walk2:31355 paintshop:3600 prac2p_mine_night:5359 prac_mcoast_rain:5639 practice:3600 race_pause:4000 rumble_jungle:5581 rumble_loadsave:2737 ta_desert_car10:5331 ta_jungle_car11:5597 ta_mmine_car9:5573 ta_mmountain_car12:5623 timeattack:3600 toggles_filter_fbfx:4803 views2p_desert:5947 views_coast_manual:5933,
