# Remastered material of every game texture, by the FNV-1a hash of its
# large level (RGBA8, as BR_TEXDUMP names it): hash,material,size format.
# Tagged by eye from contact sheets of every track (forward and reversed) in every weather.
00167F5F,rock,32x32 ff11
0073B79E,rock,32x32 ff11
0083FFD4,water,64x64 ff12
00B35FFE,foliage,32x32 ff11
00B6CDC5,effect,64x64 ff2
00C5E40E,water,32x32 ff11
01083F21,unknown,16x128 ff11
01616B5F,sky,32x32 ff11
016CE4B2,metal,32x64 ff11
0181A12D,sky,64x64 ff11
01B6CDC5,effect,64x64 ff2
01E38574,sand,32x32 ff11
01FA1326,sand,32x64 ff12
022F24AF,snow,32x32 ff11
02627CED,foliage,64x64 ff11
0292F122,building,32x64 ff11
02B6CDC5,effect,64x64 ff2
02C3D14C,dirt,32x32 ff11
030F78D8,sand,32x32 ff11
0320399B,foliage,32x32 ff11
034D08FA,wood,32x64 ff12
035F89B2,unknown,32x32 ff11
0369EFB1,snow,128x32 ff11
03ADDDD8,grass,32x32 ff11
03B6CDC5,effect,64x64 ff2
03B90E0B,rock,32x32 ff11
03CEE7D5,wood,32x128 ff11
03DA7A5D,effect,64x16 ff11
0408C1FF,foliage,32x32 ff11
04273961,snow,128x32 ff11
04352CF6,sign,32x32 ff11
044BA58D,grass,32x32 ff11
0467E99C,rock,32x32 ff11
047A9BDA,rock,32x32 ff11
048E477C,rock,32x32 ff11
0495B469,unknown,128x32 ff11
04B6CDC5,effect,64x64 ff2
04C71411,dirt,32x32 ff11
04D2ABB4,building,32x64 ff11
04DE3A59,rock,32x32 ff11
04EE07E7,grass,32x32 ff11
05042E91,snow,128x32 ff11
050577F1,effect,32x128 ff11
055CA4A6,rock,32x32 ff11
0561317E,sign,32x32 ff12
05841C6F,effect,64x64 ff4
05971130,concrete,32x32 ff11
05B6CDC5,effect,64x64 ff2
05C695A1,wood,64x32 ff11
05EABB03,snow,64x16 ff11
060E68EE,effect,32x32 ff4
060FF53D,foliage,128x128 ff11
061408DB,rock,32x32 ff11
06179729,sky,128x128 ff12
06394822,sign,16x64 ff11
06522F19,concrete,16x64 ff11
065DBA81,foliage,32x128 ff11
0670B32C,sand,32x64 ff12
067A7DD2,sky,32x32 ff11
068C1A7D,foliage,32x32 ff11
06B6CDC5,effect,64x64 ff2
06BE69B1,building,64x128 ff11
06E329C5,effect,32x32 ff11
06FB6EA9,rock,32x32 ff11
070902C5,effect,16x16 ff11
0781D710,sky,32x32 ff11
079FF29E,dirt,128x32 ff12
07B6CDC5,effect,64x64 ff2
07B79C80,ice,32x32 ff11
07F9DB05,sign,32x32 ff11
080575B2,water,64x64 ff12
08139102,water,64x64 ff12
082B8DCB,rock,32x32 ff11
084D5A21,concrete,16x64 ff11
085626DE,foliage,64x32 ff11
0862C4E7,window,32x32 ff11
087A2D8B,grass,32x32 ff11
08B6CDC5,effect,64x64 ff2
08E8A3E1,sand,32x32 ff11
08F0AD21,sign,32x128 ff11
091DA2A9,metal,16x128 ff11
0923C4D8,effect,32x32 ff11
095B4D7F,sign,16x128 ff11
09682BCA,rock,32x32 ff11
09B6CDC5,effect,64x64 ff2
09CE7BD6,sand,16x16 ff11
09CF5053,snow,32x32 ff11
0A1B5F08,rock,32x32 ff11
0A477D30,snow,16x16 ff11
0A4E5C90,grass,32x32 ff11
0A69B5C5,effect,32x64 ff2
0A73B695,sign,64x32 ff11
0A753379,snow,128x32 ff11
0A7F6C80,unknown,64x16 ff11
0A8A0BC5,sky,64x64 ff11
0AB39BC5,effect,16x16 ff11
0AB6CDC5,effect,64x64 ff2
0ABFE2FB,lamp,64x64 ff12
0ACFF71C,dirt,64x64 ff12
0AF9E114,dirt,64x64 ff12
0B0812DF,foliage,64x32 ff11
0B2B0CC8,effect,64x64 ff12
0B613B29,lamp,32x32 ff11
0B791AF7,snow,32x32 ff11
0B99BC21,rock,32x32 ff11
0BA81F48,foliage,64x32 ff11
0BB6CDC5,effect,64x64 ff2
0BD44DBC,rock,32x32 ff11
0BF1BF68,building,32x32 ff11
0C1BF5EF,building,32x32 ff11
0C1C7A12,grass,32x32 ff11
0C5027E7,rock,32x32 ff11
0C543DAD,rock,32x32 ff11
0C77D9F2,ice,64x64 ff12
0C7F1CD9,effect,32x32 ff4
0C894D06,building,64x32 ff11
0C9C4E41,rock,64x64 ff11
0C9E638F,water,64x64 ff12
0C9F1E01,concrete,32x32 ff11
0CA05E75,sand,32x32 ff11
0CAAE43B,grass,32x32 ff11
0CB6CDC5,effect,64x64 ff2
0CB93467,sand,32x32 ff11
0CB98EF8,rock,32x32 ff11
0D074E18,snow,64x16 ff11
0D3F68B8,sign,32x64 ff11
0D48E18C,sand,32x32 ff11
0D4B4705,grass,32x32 ff11
0D62642D,rock,32x32 ff11
0D71B9E9,effect,8x64 ff11
0D8C0426,concrete,16x64 ff11
0DAD6D94,snow,32x32 ff11
0DB6CDC5,effect,64x64 ff2
0DCDD955,rock,32x32 ff11
0DCE8332,rock,32x32 ff11
0E205188,lamp,64x64 ff12
0E44939A,dirt,32x32 ff11
0E4DB411,building,32x32 ff11
0E598935,rock,32x32 ff11
0E8BEB29,sky,64x64 ff11
0E9502E5,ice,32x32 ff11
0EAC3C75,sign,16x64 ff11
0EB095D1,dirt,64x64 ff11
0EB6CDC5,effect,64x64 ff2
0EE70CAF,dirt,32x32 ff11
0F30BEAF,rock,32x32 ff11
0F3BB7F6,asphalt,32x32 ff11
0F83615B,dirt,64x64 ff12
0F8CD7C1,sky,64x64 ff11
0F9946B5,dirt,64x64 ff12
0FA19509,water,32x64 ff12
0FB5FF8C,concrete,32x32 ff11
0FB6CDC5,effect,64x64 ff2
0FE19395,sand,32x64 ff12
1007E8DC,snow,32x32 ff11
10433910,building,32x32 ff11
105C742A,grass,32x32 ff11
105FC339,tunnel,128x128 ff11
106CB7C1,water,32x64 ff12
107721ED,wood,64x64 ff11
10B6CDC5,effect,64x64 ff2
10DA24C4,sky,32x32 ff11
10F1C56C,rock,32x32 ff11
111D631C,wood,32x64 ff12
115F4FB5,sky,32x32 ff11
118C8F7D,grass,32x32 ff11
119EE293,wood,32x64 ff12
11B6CDC5,effect,64x64 ff2
11B6DE63,building,32x64 ff11
11B8B79D,dirt,64x64 ff12
11E846F5,snow,64x32 ff11
1210B6B4,foliage,32x32 ff11
12248A73,building,32x64 ff11
1245A1DA,concrete,32x32 ff11
1298C6AB,effect,32x32 ff11
12A325A0,dirt,64x64 ff12
12B3603D,rock,32x32 ff11
12B6CDC5,effect,64x64 ff2
12C40FD5,foliage,64x64 ff11
12D4F294,sign,32x32 ff11
12E0644C,dirt,32x32 ff11
12EC413B,building,64x32 ff11
12EE18FF,dirt,32x32 ff11
1313B081,sky,64x64 ff11
1352F4E2,grass,32x32 ff11
1376A6C9,effect,32x128 ff11
1385ED15,concrete,16x64 ff11
138D616B,foliage,32x32 ff11
13AE57B0,water,64x64 ff12
13B6CDC5,effect,64x64 ff2
13E44B39,rock,32x32 ff11
140C0045,sky,64x64 ff11
142A54DD,foliage,64x64 ff11
142AF731,dirt,32x32 ff11
14993D02,sky,32x32 ff11
14A8BE17,water,64x64 ff12
14B6CDC5,effect,64x64 ff2
14FD9EA9,water,32x64 ff12
151069BC,lamp,64x64 ff12
15113749,building,64x64 ff11
15308AEA,dirt,64x16 ff11
1535F36A,rock,32x32 ff11
15383A51,metal,32x128 ff11
1581A649,foliage,32x32 ff11
15955572,sign,32x16 ff11
15A44685,rock,32x32 ff11
15B6CDC5,effect,64x64 ff2
15D1699E,sign,32x16 ff11
15D23980,snow,32x32 ff11
15DAA24F,sand,32x32 ff11
15EDD8E5,concrete,64x64 ff11
160B614A,building,64x64 ff11
160F3F93,rock,32x32 ff11
16163C4D,metal,32x32 ff11
1649DAFA,rock,32x32 ff11
16525DC6,rock,32x32 ff11
166B85D0,sand,32x32 ff11
16736591,dirt,32x32 ff11
168B7D2B,building,32x64 ff11
16A8110A,rock,32x32 ff11
16A98CDE,building,32x64 ff11
16B6CDC5,effect,64x64 ff2
16FFF46F,rock,32x32 ff11
1707B469,wood,32x32 ff11
1714C00F,sand,32x32 ff11
1777F517,sign,32x16 ff11
179CB02A,lamp,64x64 ff12
17A1FBB3,ice,32x32 ff11
17B0CA3A,sand,32x32 ff11
17B54348,rock,32x32 ff11
17B6CDC5,effect,64x64 ff2
17C68FBD,effect,128x32 ff12
17FDE262,foliage,16x64 ff11
181E07D0,rock,32x32 ff11
18371515,rock,32x32 ff11
186D44F1,foliage,64x32 ff11
18815981,sign,64x16 ff11
18AE378D,rock,32x32 ff11
18B6CDC5,effect,64x64 ff2
18DD12A8,rock,32x32 ff11
18E6490D,dirt,32x32 ff11
18EB1D0E,wood,32x64 ff12
190211C1,sign,32x128 ff12
1923E64E,dirt,32x32 ff11
19463F90,rock,32x32 ff11
195E2304,sign,16x64 ff11
19725EA1,sky,64x64 ff11
197FC0DC,foliage,64x32 ff11
1985D22D,dirt,64x64 ff11
19989CEA,dirt,32x32 ff11
19B6CDC5,effect,64x64 ff2
19EA22E9,metal,32x128 ff11
19F07ACB,sign,64x32 ff11
1A602EB5,sand,32x32 ff11
1A8100C1,sign,32x128 ff12
1A8C4029,foliage,64x64 ff11
1A92F277,sign,64x64 ff11
1A974F61,asphalt,128x32 ff11
1A9FA741,sign,32x32 ff11
1AAD7F7B,rock,32x32 ff11
1AB6CDC5,effect,64x64 ff2
1AC11493,effect,128x32 ff12
1AF12632,building,32x64 ff11
1B0F49BF,rock,32x32 ff11
1B6BC40E,water,32x64 ff12
1B8B2001,metal,64x32 ff11
1BAAC6ED,effect,128x32 ff12
1BB6CDC5,effect,64x64 ff2
1BBF58C5,effect,16x16 ff11
1C0D435C,building,32x32 ff11
1C2BDD6C,sign,32x128 ff12
1C4BE84C,metal,64x16 ff11
1C5871C7,dirt,64x64 ff12
1C909500,rock,32x32 ff11
1C934489,metal,16x128 ff11
1CB6CDC5,effect,64x64 ff2
1CC18FDD,concrete,16x64 ff11
1CED4675,rock,32x32 ff11
1D0CA741,sky,64x64 ff11
1D2A1889,wood,32x128 ff11
1D40EA5D,sign,64x128 ff11
1DB6CDC5,effect,64x64 ff2
1DB6DD2D,building,64x64 ff11
1DC6A97C,building,32x64 ff11
1DC8D640,grass,32x32 ff11
1DCC4BDC,effect,64x64 ff12
1DDEE887,sign,32x32 ff11
1E255EB3,unknown,64x16 ff11
1E33C60D,foliage,16x64 ff11
1E3683DF,dirt,32x32 ff11
1E638EDF,lamp,64x64 ff12
1E662EE3,rock,32x32 ff11
1E948E63,lamp,64x64 ff12
1EAECE9C,rock,32x32 ff11
1EB6CDC5,effect,64x64 ff2
1EB9B2F1,metal,128x32 ff11
1F1D71AD,grass,32x32 ff11
1F21BF21,rock,32x32 ff11
1F4AAEAF,wood,32x64 ff12
1F4CB8EB,effect,128x32 ff12
1F4FEB69,sky,64x64 ff11
1F55A9C5,vehicle,32x128 ff11
1F5E8290,sky,32x32 ff11
1F6E9350,dirt,64x64 ff12
1FABCFB7,lamp,32x32 ff11
1FB6CDC5,effect,64x64 ff2
1FDC7A1F,wood,32x32 ff11
1FDFFC74,foliage,32x32 ff11
1FFC5AED,foliage,64x64 ff11
20079A9F,effect,128x32 ff12
200CAE7E,dirt,64x64 ff12
2054F64D,dirt,32x32 ff11
206E92FE,rock,32x32 ff11
209BF389,sign,32x32 ff11
209FD531,foliage,64x64 ff11
209FEA21,building,32x64 ff11
20B6CDC5,effect,64x64 ff2
20D04D99,rock,32x32 ff11
2103AB1D,sky,64x64 ff11
21197A77,ice,64x64 ff12
2143B916,effect,64x64 ff12
215116ED,ice,64x64 ff11
215E438E,building,32x32 ff11
2179F6B0,sand,32x32 ff11
217E93E1,building,64x64 ff11
21AAA898,concrete,16x64 ff11
21B6CDC5,effect,64x64 ff2
21BB903A,sky,32x32 ff11
21C67124,effect,128x32 ff12
21DF33B5,sand,32x64 ff12
21F9D17E,effect,64x16 ff11
22096CA9,snow,32x32 ff11
22594A52,dirt,64x64 ff12
226DF011,dirt,64x64 ff11
227DEAEA,effect,64x64 ff12
22ADB8A0,unknown,64x16 ff11
22B6CDC5,effect,64x64 ff2
22CE4E20,water,32x32 ff11
22D8F3C5,asphalt,128x32 ff11
22F3F290,effect,128x32 ff12
23188A26,rock,32x32 ff11
2329B8A4,rock,32x32 ff11
2339D0DD,unknown,32x256 ff11
237F7E99,metal,16x128 ff11
239BD14B,grass,32x32 ff11
23A3759E,rock,32x32 ff11
23B6CDC5,effect,64x64 ff2
23C90BC7,sign,64x32 ff11
23DEC322,rock,32x32 ff11
23F9A1D7,snow,32x32 ff11
24204A2E,unknown,8x64 ff11
2456BEB2,effect,64x64 ff12
247845E5,lamp,32x32 ff11
247D15DD,metal,64x64 ff11
248C78A4,concrete,32x32 ff11
24B6617D,sand,32x32 ff11
24B6CDC5,effect,64x64 ff2
24EACD6A,asphalt,64x16 ff11
24FC0DCA,rock,32x32 ff11
2503D91F,dirt,32x32 ff11
250A20E5,effect,64x64 ff12
252E14C0,rock,32x32 ff11
2531F0B9,dirt,64x16 ff11
2547FED9,ice,64x32 ff11
2589CAED,lamp,64x64 ff11
258F30B0,rock,32x32 ff11
259EB923,rock,32x32 ff11
25A0BE87,building,64x32 ff11
25B6CDC5,effect,64x64 ff2
25D2A4E1,lamp,64x64 ff12
25DAC396,building,32x64 ff11
25FAD618,window,32x32 ff11
26464C29,rock,64x64 ff11
265B4D7F,sign,16x128 ff11
26766ED2,grass,32x32 ff11
268AE481,sign,32x128 ff12
26B230C5,ice,64x64 ff11
26B6CDC5,effect,64x64 ff2
26C1D304,concrete,16x64 ff11
2704074E,sign,64x16 ff11
27684782,asphalt,64x16 ff11
2784C8B9,metal,64x64 ff11
27B037BB,building,32x32 ff11
27B6CDC5,effect,64x64 ff2
27E71E0C,rock,32x32 ff11
27F1D3DB,effect,128x32 ff12
27F71199,sky,128x128 ff12
27F9B9CE,unknown,64x16 ff11
27FCECCB,rock,32x32 ff11
2808E675,foliage,128x128 ff11
28307719,rock,32x32 ff11
285BA37E,dirt,64x64 ff12
286254E8,grass,32x16 ff11
288012C5,effect,16x16 ff11
2898A975,foliage,32x128 ff11
28A48B16,rock,32x32 ff11
28B6CDC5,effect,64x64 ff2
28B9DB34,concrete,32x32 ff11
28C433D5,effect,64x64 ff12
28CAD5D5,effect,128x32 ff12
28EFB00C,sky,32x32 ff11
29261DAD,effect,32x32 ff4
293F592E,dirt,32x32 ff11
29578D14,rock,32x32 ff11
298578E6,grass,32x32 ff11
29876025,tunnel,64x64 ff11
29890AB2,concrete,32x32 ff11
29B6CDC5,effect,64x64 ff2
29C1807F,snow,32x32 ff11
29CD744A,rock,32x32 ff11
29D8C3ED,rock,32x32 ff11
29DB6CD3,sign,32x16 ff11
29E8325B,effect,64x64 ff12
2A4097FD,sky,64x64 ff11
2A7B0751,rock,32x32 ff11
2AB6CDC5,effect,64x64 ff2
2AC8FC26,metal,32x32 ff11
2ADA6D8D,snow,128x32 ff11
2B4825A9,ice,128x128 ff12
2B6D5283,foliage,32x32 ff11
2B97EE29,metal,16x128 ff11
2BA25D0E,asphalt,64x16 ff11
2BB6CDC5,effect,64x64 ff2
2BD5E8C9,sky,64x64 ff11
2C177DFF,lamp,64x32 ff12
2C461841,effect,8x64 ff11
2C936021,building,16x64 ff11
2C989445,sign,64x64 ff11
2CB6CDC5,effect,64x64 ff2
2CF15114,water,64x64 ff12
2D032B6D,foliage,128x128 ff11
2D56E0FD,foliage,128x64 ff11
2D676815,sky,64x64 ff11
2D7EDC75,sky,64x64 ff11
2DB6CDC5,effect,64x64 ff2
2DCD6581,metal,64x16 ff11
2DD73717,rock,32x32 ff11
2DF065D1,concrete,32x32 ff11
2DFEB5A6,water,32x32 ff11
2E05736D,water,64x64 ff12
2E0B3730,grass,32x32 ff11
2EB6CDC5,effect,64x64 ff2
2EDDAAA2,building,32x64 ff11
2EEFD7A9,water,64x64 ff12
2F17CDF9,rock,32x32 ff11
2F2F5FCA,water,64x64 ff12
2F688B2C,rock,32x32 ff11
2FB6CDC5,effect,64x64 ff2
2FB72171,wood,32x128 ff11
2FBD9589,building,64x64 ff11
2FCB507E,dirt,64x64 ff12
302A1FD3,wood,32x32 ff11
302F91A1,snow,32x32 ff11
3048316C,water,32x32 ff11
3055BEA1,effect,32x32 ff4
30B6CDC5,effect,64x64 ff2
30D88869,sky,64x64 ff11
30DA8638,building,128x32 ff12
30E55283,ice,64x64 ff12
31097AEB,lamp,32x32 ff11
3131BEF5,effect,64x64 ff12
3134C556,sign,32x128 ff12
313F75E7,building,32x32 ff11
3140AB51,building,32x32 ff11
3175D534,building,64x32 ff11
318B8FA6,sand,32x32 ff11
3192B39C,effect,32x64 ff11
31B6CDC5,effect,64x64 ff2
31D27A83,sign,64x16 ff11
31D5F245,snow,64x64 ff11
31DA2256,foliage,32x32 ff11
31DE1960,sand,32x32 ff11
32053E8E,water,32x64 ff12
320FFD86,effect,32x32 ff4
32697B15,foliage,64x64 ff11
32B65DA7,building,32x64 ff11
32B6CDC5,effect,64x64 ff2
32D4ED35,dirt,32x32 ff11
332784A7,unknown,64x16 ff11
33A4E555,asphalt,128x32 ff11
33B5BE7E,rock,32x32 ff11
33B6CDC5,effect,64x64 ff2
33EBCBFD,lamp,64x64 ff12
33FDFA9B,foliage,32x32 ff11
3421606B,dirt,64x64 ff12
343939EB,unknown,64x16 ff11
344E8D11,lamp,64x64 ff12
347C7C7D,rock,32x32 ff11
347D1D7A,rock,32x32 ff11
34979D4E,effect,64x64 ff4
34A2D531,concrete,64x64 ff11
34A7F925,unknown,64x16 ff11
34B6CDC5,effect,64x64 ff2
34C747B6,effect,32x64 ff11
35196E68,water,32x64 ff12
3548BB2F,water,64x64 ff12
355144D7,water,32x64 ff12
35A9B779,building,64x128 ff11
35B6CDC5,effect,64x64 ff2
35E2FC9C,effect,32x32 ff4
35F2AAD9,sky,64x16 ff11
35FDFD8D,rock,32x32 ff11
36012F6B,effect,64x64 ff12
361B09EF,water,64x64 ff12
362A070D,lamp,64x64 ff12
365CDC9A,dirt,32x32 ff11
3672D06B,lamp,32x32 ff11
36859509,sky,64x64 ff11
368E9F09,foliage,64x32 ff11
369EB35A,water,64x64 ff12
36A7DD74,effect,128x32 ff12
36B369CD,sand,32x32 ff11
36B6CDC5,effect,64x64 ff2
36E010CC,rock,32x32 ff11
36FC088D,sky,32x32 ff11
36FDB810,rock,32x32 ff11
37220209,grass,32x32 ff11
3722EB42,rock,32x32 ff11
374AE8CD,snow,32x32 ff11
3759C266,dirt,64x16 ff11
3761B8D9,snow,32x32 ff11
377E32BA,dirt,32x32 ff11
37822844,sign,32x32 ff11
37890843,rock,32x32 ff11
37A1FBFC,snow,32x32 ff11
37AC07C2,sky,32x32 ff11
37B6CDC5,effect,64x64 ff2
37BA674F,concrete,32x32 ff11
37D67E21,metal,64x64 ff11
3805FB40,snow,32x32 ff11
383E33D2,vehicle,32x32 ff11
386C3D4D,effect,16x64 ff11
38AF8963,unknown,64x16 ff11
38B2F474,foliage,32x32 ff11
38B6CDC5,effect,64x64 ff2
38D3342B,building,32x64 ff11
38F1F525,dirt,128x32 ff11
391B0271,grass,32x32 ff11
3951C5AC,grass,32x32 ff11
3952DFA9,ice,64x64 ff11
39608956,sign,64x16 ff11
39637085,foliage,64x64 ff11
39A441F6,rock,32x64 ff11
39B0B638,effect,64x64 ff12
39B6CDC5,effect,64x64 ff2
3A1DD98A,rock,32x32 ff11
3A26F426,sign,16x64 ff11
3A4554D9,dirt,64x64 ff11
3A5DD435,ice,128x32 ff11
3A8B603B,sign,64x32 ff11
3A99D9CD,snow,64x16 ff11
3AB6CDC5,effect,64x64 ff2
3AC0DA81,sky,64x64 ff11
3AE62705,sky,64x64 ff11
3B2E5322,rock,32x32 ff11
3B2EBCBF,rock,32x32 ff11
3B35F32D,snow,128x32 ff11
3B6C11E2,foliage,128x32 ff12
3B8D3208,rock,32x32 ff11
3B8DBAC3,sign,32x128 ff12
3BA8A641,sign,64x64 ff11
3BB6CDC5,effect,64x64 ff2
3BFCF8C7,dirt,32x32 ff11
3C2F6868,grass,32x32 ff11
3C314DD8,sign,64x64 ff11
3C41913A,sign,32x128 ff12
3C4C5E04,sign,64x64 ff11
3C75308B,foliage,32x32 ff11
3C778B4C,water,64x64 ff12
3C828BF0,sky,32x32 ff11
3C96F9A1,dirt,32x32 ff11
3CA73971,foliage,64x128 ff11
3CB6CDC5,effect,64x64 ff2
3CB962FE,dirt,64x64 ff12
3CD74FB5,dirt,128x32 ff11
3CDCCF0F,foliage,64x16 ff11
3CFB201D,lamp,64x64 ff11
3CFE3128,sky,32x32 ff11
3D0A872D,dirt,128x32 ff11
3D28D3C9,metal,64x16 ff11
3D5057D8,grass,32x32 ff11
3D6AFDC3,water,64x64 ff12
3D81784A,foliage,64x32 ff11
3DA356C4,unknown,64x16 ff11
3DB6CDC5,effect,64x64 ff2
3DEEAAAB,rock,32x32 ff11
3E2125EA,snow,32x32 ff11
3E2FB2F5,rock,32x32 ff11
3E611450,effect,32x32 ff11
3E6E05D7,effect,64x64 ff12
3E75EFB2,unknown,64x16 ff11
3EAA6241,snow,32x32 ff11
3EB6CDC5,effect,64x64 ff2
3ED25E39,grass,32x32 ff11
3ED38EEE,rock,32x32 ff11
3EF25755,sand,32x32 ff11
3EF77D89,effect,32x128 ff11
3EF955C5,effect,16x16 ff11
3F0716A5,rock,32x32 ff11
3F0AE3B5,unknown,64x16 ff11
3F44C869,water,64x64 ff12
3F7C64C1,metal,16x128 ff11
3F82B1D5,effect,128x32 ff12
3FAC0B4E,foliage,32x32 ff11
3FADE84D,metal,64x128 ff11
3FB6CDC5,effect,64x64 ff2
40118D4C,foliage,32x32 ff11
402D25A0,grass,32x32 ff11
4036F880,foliage,32x64 ff11
404447F8,snow,32x32 ff11
4048251D,concrete,32x32 ff11
4053EEB1,concrete,32x32 ff11
409AD3A9,sky,64x64 ff11
40A76327,wood,64x32 ff11
40B6CDC5,effect,64x64 ff2
4100F17C,concrete,16x64 ff11
410237AD,concrete,16x64 ff11
4142D3CD,dirt,64x64 ff12
4183543E,rock,32x32 ff11
41869F95,effect,128x32 ff12
41B6CDC5,effect,64x64 ff2
41BA9DDD,tunnel,32x32 ff11
41FFF199,sign,32x128 ff11
42394822,sign,16x64 ff11
42402679,unknown,32x128 ff11
4246D7AE,foliage,32x32 ff11
4250AE16,building,32x64 ff11
426C8EA9,dirt,128x32 ff11
42930A01,rock,32x32 ff11
429F0AF1,sky,64x64 ff11
42AF0255,building,32x32 ff11
42B6CDC5,effect,64x64 ff2
430564F8,snow,32x32 ff11
43436A12,lamp,32x32 ff11
438205A2,dirt,128x32 ff12
4384324D,metal,64x64 ff11
43B518F7,building,32x64 ff11
43B6CDC5,effect,64x64 ff2
43BAFD51,sign,64x64 ff12
44028CF4,snow,32x32 ff11
441DE85B,sky,32x32 ff11
4439076F,dirt,32x32 ff11
445E5C7C,effect,32x32 ff11
448A3101,dirt,128x32 ff11
44A9D68A,rock,32x32 ff11
44B6CDC5,effect,64x64 ff2
44D2E534,sign,32x64 ff11
44DF52A1,foliage,32x256 ff11
44E955AB,effect,64x64 ff12
44F31745,ice,64x64 ff12
4518AD2D,sky,64x64 ff11
4536A20B,effect,64x64 ff4
4544C869,water,64x64 ff12
45584631,sign,64x16 ff11
457D680D,dirt,64x64 ff11
4581D0AF,effect,64x64 ff12
459E35AC,sign,32x32 ff11
45A0D45A,lamp,32x32 ff11
45A819EA,rock,32x32 ff11
45B6CDC5,effect,64x64 ff2
45C98958,water,64x64 ff12
45F89CB4,dirt,64x64 ff12
4607E5C6,building,64x16 ff11
4611C128,wood,32x64 ff12
468AE1E9,sky,64x64 ff11
46B6CDC5,effect,64x64 ff2
46F4AA47,dirt,32x32 ff11
47068A80,lamp,32x32 ff11
471E3805,ice,128x32 ff11
473B7717,building,32x32 ff11
475B4D7F,sign,16x128 ff11
476643A9,snow,32x32 ff11
478020C2,effect,64x64 ff12
4792C11D,dirt,64x64 ff11
47B6CDC5,effect,64x64 ff2
47B965BE,dirt,32x32 ff11
47DF2990,water,64x64 ff12
481B1BC4,sky,32x32 ff11
4824FC36,sign,64x16 ff11
484AF231,sky,64x64 ff11
484E783F,sign,16x64 ff11
4855CA2E,building,32x64 ff11
48592789,rock,32x32 ff11
4865DA05,effect,32x128 ff11
48A3932F,foliage,32x32 ff11
48A8C3C9,concrete,64x64 ff11
48B6CDC5,effect,64x64 ff2
48B9577E,effect,128x32 ff12
48C1AD61,dirt,64x64 ff11
48CC10D2,sign,64x16 ff11
48DE63BF,unknown,32x32 ff11
48F100C2,foliage,64x32 ff11
48FACE51,building,32x32 ff11
49074E94,dirt,32x32 ff11
493A8540,sign,32x32 ff11
4976DB61,dirt,64x64 ff11
498F63C2,water,64x64 ff12
49B6CDC5,effect,64x64 ff2
49B8A3C9,metal,64x256 ff12
49E2DA8B,metal,8x64 ff11
49EBE364,sign,128x32 ff11
49FEE272,sand,32x32 ff11
4A0E6872,foliage,32x32 ff11
4A23FCA9,effect,128x32 ff12
4A331593,sign,32x32 ff11
4A3B86C8,sign,32x32 ff11
4A818615,water,64x64 ff12
4A95985D,effect,128x32 ff12
4A9F3713,metal,16x64 ff11
4AAACB75,snow,32x32 ff11
4AAFEF6A,dirt,32x32 ff11
4AB6CDC5,effect,64x64 ff2
4ABB4C2D,metal,64x64 ff11
4ABEC5C9,snow,64x64 ff11
4AD0609E,lamp,32x32 ff11
4AE29B74,effect,32x32 ff4
4AE9A885,dirt,64x64 ff11
4B1E185D,asphalt,128x32 ff11
4B2FB59E,sky,32x32 ff11
4B3D34B1,snow,64x16 ff11
4B584B7A,water,64x64 ff12
4B9A1C7F,sky,32x32 ff11
4B9DA124,sign,32x16 ff11
4BB6CDC5,effect,64x64 ff2
4BC72245,foliage,128x64 ff11
4BCBBB79,snow,128x32 ff11
4BD2B58A,ice,64x64 ff12
4BE652DF,ice,64x64 ff12
4BEE9BCA,window,32x32 ff11
4C5EA99B,snow,32x32 ff11
4C6AFDC3,water,64x64 ff12
4CB6CDC5,effect,64x64 ff2
4CD56000,ice,64x64 ff12
4CE1977C,foliage,32x32 ff11
4CFFBA2A,effect,64x64 ff12
4D3B8259,foliage,32x128 ff11
4D51C180,lamp,64x64 ff12
4D59A93F,lamp,64x64 ff12
4DA9835E,lamp,64x64 ff12
4DAD8092,rock,32x32 ff11
4DB6CDC5,effect,64x64 ff2
4DD06841,sign,64x64 ff11
4DEC8A5F,effect,32x32 ff11
4E2E608D,dirt,64x64 ff12
4E478195,sky,64x16 ff11
4E5E32E5,wood,32x64 ff12
4E77685A,asphalt,64x16 ff11
4E827DDD,sign,32x128 ff11
4E881F82,unknown,16x64 ff11
4E8950B9,concrete,32x128 ff11
4EB1DA96,rock,32x32 ff11
4EB6CDC5,effect,64x64 ff2
4EBF689E,dirt,64x16 ff11
4ECF6ADC,effect,32x32 ff4
4ED8A020,building,32x64 ff11
4F21045D,sand,32x32 ff11
4F21F3FB,grass,32x32 ff11
4F234A11,foliage,128x32 ff12
4F26F426,sign,16x64 ff11
4F2C01D0,rock,32x32 ff11
4F3E6861,unknown,64x64 ff11
4F5C3D0C,rock,32x32 ff11
4F67923C,asphalt,64x16 ff11
4F76E79B,effect,64x64 ff4
4F81F91F,building,32x32 ff11
4F8AEC5D,rock,32x32 ff11
4F8D803F,dirt,64x64 ff12
4F9CB717,unknown,64x16 ff11
4FAA5145,rock,32x32 ff11
4FB6CDC5,effect,64x64 ff2
4FCFB191,dirt,128x32 ff11
4FEA662D,lamp,64x64 ff12
4FF9CD7D,sand,64x32 ff11
502FA961,snow,32x32 ff11
5059D4E9,ice,128x32 ff12
5084AF66,sign,32x128 ff12
508D152A,concrete,16x64 ff11
50AE6E91,snow,32x32 ff11
50B6CDC5,effect,64x64 ff2
50FDC0AB,dirt,64x16 ff11
5110A072,effect,64x64 ff12
515B4D7F,sign,16x128 ff11
517468A9,foliage,64x32 ff11
5188B737,dirt,64x64 ff12
51902CAB,rock,32x32 ff11
51A3D1B7,effect,128x32 ff12
51B6CDC5,effect,64x64 ff2
51C6374E,building,32x64 ff11
51D955FF,sign,64x32 ff11
51FB891D,unknown,128x32 ff11
523C6F10,grass,32x32 ff11
526B6B5C,foliage,32x64 ff11
526C65D4,effect,64x64 ff12
52734FD9,sky,64x64 ff11
529C2281,building,64x128 ff11
529E0828,rock,32x32 ff11
52A91B6D,sky,64x64 ff11
52B6CDC5,effect,64x64 ff2
52C3511E,sand,32x32 ff11
52EF1C79,sky,64x64 ff11
52FB9AB9,sky,64x64 ff11
52FD994C,effect,64x64 ff11
531D1692,rock,32x32 ff11
5387D421,effect,64x64 ff4
53AAC2CD,building,64x32 ff11
53B62A01,wood,32x32 ff11
53B6CDC5,effect,64x64 ff2
53CB4FDB,sign,128x32 ff12
53EE1AF9,metal,16x128 ff11
540D2E8B,effect,64x64 ff12
54374B47,effect,32x32 ff11
54599EF3,snow,32x32 ff11
54B6CDC5,effect,64x64 ff2
54BB539B,effect,64x64 ff12
54CCB781,wood,32x32 ff11
54D4DE3B,effect,16x64 ff11
54E13944,sky,32x32 ff11
54E1BBA2,grass,32x32 ff11
54E33705,metal,128x32 ff11
54F9F705,rock,32x32 ff11
550886A1,effect,64x64 ff4
551FC829,wood,32x128 ff11
5526F426,sign,16x64 ff11
5554E05D,dirt,32x32 ff11
557C6E2D,rock,64x64 ff11
5590D0F9,sky,64x64 ff11
5593A42D,rock,32x32 ff11
55A167C0,snow,32x32 ff11
55B6CDC5,effect,64x64 ff2
55C6EAF1,snow,128x32 ff11
560B921F,dirt,32x32 ff11
5628D359,rock,32x32 ff11
5639E879,concrete,4x1 ff11
5652C653,rock,32x32 ff11
565A7481,unknown,128x64 ff12
56660F51,sky,64x64 ff11
56AE031A,concrete,32x32 ff11
56B69936,sign,32x128 ff12
56B6CDC5,effect,64x64 ff2
56C977DE,effect,64x64 ff4
57058491,snow,32x32 ff11
5746D629,foliage,32x128 ff11
57500E04,effect,64x16 ff11
5762C688,rock,32x32 ff11
576FD212,effect,64x64 ff12
5775B995,lamp,32x32 ff11
57A8AB4F,dirt,64x64 ff12
57B6CDC5,effect,64x64 ff2
57C60065,rock,32x32 ff11
57C79025,effect,32x32 ff4
57D0269F,sign,32x64 ff11
57E16515,sign,4x1 ff11
57EACF81,effect,64x64 ff12
58414B28,grass,32x32 ff11
5854A1D9,metal,16x128 ff11
585869F4,sign,64x16 ff11
586296B6,foliage,32x32 ff11
58B6CDC5,effect,64x64 ff2
58E7C95A,sky,32x32 ff11
58EBA997,concrete,16x128 ff11
58EE92E5,dirt,64x64 ff12
58F4D219,effect,64x64 ff12
591310B6,sand,32x32 ff11
594B362F,sand,32x64 ff12
59623009,sky,64x64 ff12
5965378B,building,32x32 ff11
5987B199,sand,32x32 ff11
599462E9,dirt,64x64 ff11
59A6B42B,metal,32x32 ff11
59B6CDC5,effect,64x64 ff2
59E2A941,asphalt,64x16 ff11
59F457C3,concrete,32x32 ff11
5A056374,lamp,64x64 ff12
5A0D36CD,grass,32x32 ff11
5A1C94D8,water,32x64 ff12
5A519A62,sign,64x32 ff11
5A976322,snow,32x32 ff11
5AB6CDC5,effect,64x64 ff2
5ADCDB82,rock,32x32 ff11
5B0A0071,foliage,128x128 ff11
5B1FE3D3,metal,64x32 ff11
5B23DE7C,effect,64x64 ff12
5B62D669,dirt,64x16 ff11
5B830F31,ice,64x64 ff11
5B85D9AC,grass,32x32 ff11
5BB6CDC5,effect,64x64 ff2
5BC81251,foliage,64x128 ff11
5BCA2065,foliage,128x128 ff11
5BD9CC80,building,32x64 ff11
5BDF609D,foliage,64x32 ff11
5BE13449,concrete,64x64 ff11
5C1CD8F5,sky,64x64 ff11
5C28A588,lamp,64x64 ff12
5C525C81,sky,64x64 ff11
5C6BF738,effect,64x64 ff12
5C6CD545,unknown,4x1 ff11
5C707461,sky,64x64 ff11
5C7A560F,dirt,64x64 ff12
5C92D73A,rock,32x32 ff11
5CB6CDC5,effect,64x64 ff2
5CCE0A2B,rock,32x32 ff11
5CE77DC1,sand,32x32 ff11
5CE888BD,asphalt,64x16 ff11
5D1F6960,building,32x32 ff11
5D398637,effect,64x64 ff12
5D688F3C,rock,32x32 ff11
5D73EEC0,snow,32x32 ff11
5D77FBEC,sign,64x64 ff11
5D78694A,effect,128x32 ff12
5D89F9FF,lamp,16x16 ff11
5D966AEF,grass,32x32 ff11
5DB6CDC5,effect,64x64 ff2
5DC3EEA1,lamp,32x32 ff11
5DE1A012,rock,32x32 ff11
5DED4BC1,foliage,64x64 ff11
5DF8AE67,snow,32x64 ff11
5DF9CA34,lamp,32x32 ff11
5E21F1CD,sky,64x64 ff11
5E75A6E1,rock,32x32 ff11
5E95CA28,grass,32x32 ff11
5EA69240,effect,32x64 ff11
5EB0736C,water,64x64 ff12
5EB6CDC5,effect,64x64 ff2
5EDB0A6D,lamp,64x64 ff12
5EEF94F7,foliage,64x32 ff11
5F4A58A2,effect,128x32 ff12
5F54138F,effect,128x32 ff12
5F83ED51,sky,64x64 ff11
5FA8061D,lamp,64x64 ff11
5FB6CDC5,effect,64x64 ff2
5FD402BE,wood,32x64 ff12
5FF8073E,grass,32x32 ff11
5FFB8E2E,snow,64x16 ff11
60020982,sign,32x32 ff11
600C9F14,dirt,64x64 ff12
6013FEA6,metal,32x32 ff11
6014F1B6,wood,64x32 ff11
60298253,foliage,32x32 ff11
6048DB52,rock,32x32 ff11
604B1B95,building,64x64 ff11
6055E70D,building,64x64 ff11
605B1CF7,rock,32x32 ff11
609CB4EC,foliage,32x32 ff11
60A66B68,wood,32x64 ff12
60B6CDC5,effect,64x64 ff2
60C3CB6E,lamp,64x64 ff12
60D8E915,dirt,128x32 ff11
60DAD30B,metal,32x32 ff11
60F4365F,snow,32x32 ff11
6113E111,foliage,32x32 ff11
6114C579,concrete,16x64 ff11
6127BEA5,asphalt,128x32 ff11
61639D9F,water,64x64 ff12
619E14D4,ice,64x64 ff12
61A8633F,dirt,64x64 ff12
61B6CDC5,effect,64x64 ff2
61D678A6,rock,32x32 ff11
61E6EC8C,lamp,64x64 ff12
621397E1,rock,32x32 ff11
62149BBA,rock,32x32 ff11
622C3349,water,64x64 ff11
6262F5C3,foliage,32x32 ff11
62785520,foliage,32x32 ff11
62B6CDC5,effect,64x64 ff2
62C3A309,rock,32x32 ff11
62C5BE4E,wood,64x32 ff11
62F2862E,effect,64x64 ff4
630925D8,rock,32x32 ff11
630961F5,effect,128x64 ff11
63394822,sign,16x64 ff11
633F287F,rock,32x32 ff11
6349B024,snow,32x32 ff11
63673FD0,water,64x64 ff12
637A2E5C,rock,32x32 ff11
63B6CDC5,effect,64x64 ff2
63DEED21,sign,64x64 ff11
63F37211,concrete,16x64 ff11
63FD1F93,sign,128x32 ff11
63FD7540,rock,32x32 ff11
6400B679,metal,128x32 ff11
6412AC43,rock,32x32 ff11
64131F75,grass,32x32 ff11
641A349A,water,64x64 ff12
64389E59,sky,64x64 ff11
643A1539,concrete,16x64 ff11
643F4BEE,effect,64x64 ff12
644D1C30,foliage,32x32 ff11
6465064A,lamp,32x32 ff11
647CE405,unknown,128x32 ff11
6487F092,rock,32x32 ff11
64B6632E,sign,32x64 ff11
64B6CDC5,effect,64x64 ff2
64C58C00,building,16x64 ff11
65000B46,dirt,32x32 ff11
651C54B5,water,64x64 ff12
65367C03,sign,32x16 ff11
6573FDEA,sign,32x16 ff11
6576F328,building,32x32 ff11
65871BEE,effect,64x64 ff12
65AAD57D,unknown,64x64 ff11
65B6CDC5,effect,64x64 ff2
66068866,effect,256x256 ff11
661162A7,foliage,32x32 ff11
6630DE75,lamp,32x32 ff11
66B6CDC5,effect,64x64 ff2
66BAC927,rock,32x32 ff11
66D10C7F,effect,64x64 ff11
66E09040,dirt,64x64 ff12
6707E532,ice,32x32 ff11
670E5E64,dirt,32x32 ff11
6760F370,building,32x64 ff11
676A1E12,rock,32x32 ff11
6792A979,building,32x32 ff11
6793E2EA,tunnel,32x32 ff11
67B6CDC5,effect,64x64 ff2
682C4280,asphalt,64x16 ff11
682EBE52,wood,64x32 ff11
685DFFA0,sand,32x64 ff12
68668000,sign,32x128 ff12
68822E69,ice,64x64 ff11
6887C556,sand,32x32 ff11
68B6CDC5,effect,64x64 ff2
68D778B1,foliage,64x64 ff11
68E40C7D,grass,32x32 ff11
68F624F1,ice,128x32 ff11
69181A78,snow,32x32 ff11
69584B7A,water,64x64 ff12
6972E3ED,metal,32x128 ff11
6996110A,lamp,64x64 ff12
69B6CDC5,effect,64x64 ff2
69BB9E2F,water,64x64 ff12
69CA65CD,asphalt,128x32 ff11
69D2C60A,rock,32x32 ff11
69DEA660,sign,32x128 ff12
69EDAA36,rock,32x32 ff11
6A128ABB,ice,32x32 ff11
6A1FEFDD,water,64x64 ff12
6A28E416,effect,64x64 ff12
6A2B0906,rock,32x32 ff11
6A439912,grass,32x32 ff11
6A5E596C,water,32x64 ff12
6A7B2FDA,sign,32x32 ff11
6A7E3DCC,asphalt,64x16 ff11
6A822EFA,building,32x64 ff11
6AAE9A43,ice,64x64 ff12
6AB6CDC5,effect,64x64 ff2
6AE7F2E1,unknown,32x128 ff11
6B0D3487,sand,32x32 ff11
6B50F5DB,concrete,32x64 ff11
6B7705C5,tunnel,32x16 ff11
6BB6CDC5,effect,64x64 ff2
6BBD34CE,dirt,64x16 ff11
6C5DEF67,sand,32x32 ff11
6C6AF373,sign,64x64 ff11
6C6FC7BA,rock,32x32 ff11
6CB01FD9,effect,64x64 ff12
6CB6CDC5,effect,64x64 ff2
6CED486C,water,64x64 ff12
6CED767C,dirt,64x64 ff12
6D226DC9,snow,128x32 ff11
6D3BAEE5,sky,64x64 ff11
6D56D935,metal,16x128 ff11
6D5C68F8,dirt,32x32 ff11
6D669140,effect,128x32 ff12
6DB54AB8,sign,64x32 ff11
6DB6CDC5,effect,64x64 ff2
6DBB2111,effect,64x64 ff12
6DD13BC9,effect,32x32 ff11
6E28A2D5,sign,64x128 ff11
6E44FAF5,rock,32x32 ff11
6E5B4D7F,sign,16x128 ff11
6E6D9536,sky,32x32 ff11
6E718CE9,sky,64x64 ff11
6E87BB2E,lamp,64x64 ff12
6EA329CC,sign,32x128 ff12
6EAC6413,dirt,64x64 ff12
6EB6CDC5,effect,64x64 ff2
6ED07217,water,64x64 ff12
6F3E3353,rock,32x32 ff11
6F8E0C8B,dirt,64x64 ff12
6F9256BF,foliage,64x32 ff11
6F9B64A3,grass,32x32 ff11
6FA36DF5,effect,4x4 ff2
6FA61F38,foliage,32x32 ff11
6FAF3908,sign,32x128 ff12
6FB6CDC5,effect,64x64 ff2
6FC272E7,effect,64x64 ff12
6FC65C4C,grass,32x32 ff11
6FC82885,sign,32x128 ff11
6FCE5772,water,64x64 ff12
6FD34928,wood,32x64 ff12
70136968,sand,32x32 ff11
70283768,rock,32x32 ff11
703C2329,metal,16x128 ff11
704706F3,sign,64x32 ff11
7055C2F1,concrete,16x64 ff11
705926A9,effect,64x64 ff12
705D4DBC,rock,32x32 ff11
708D5FBD,effect,64x64 ff4
70AA981D,concrete,16x64 ff11
70B6CDC5,effect,64x64 ff2
70C0D8FE,foliage,32x32 ff11
713D4D77,snow,32x32 ff11
714B86E6,rock,32x32 ff11
71515A78,building,32x64 ff11
715F6F25,metal,64x16 ff11
716888A5,concrete,4x1 ff11
719B409B,effect,16x64 ff11
71B6CDC5,effect,64x64 ff2
71C764FD,rock,32x32 ff11
71FB9568,effect,128x32 ff12
72050FDE,effect,64x64 ff12
720C6C58,snow,32x32 ff11
72126396,rock,32x32 ff11
7217C3DE,snow,32x32 ff11
7225F8DF,building,32x64 ff11
722F2DB9,metal,16x128 ff11
727E00F9,lamp,32x32 ff11
7280C3EF,sign,32x128 ff12
72915852,ice,64x64 ff12
72AF4FCF,lamp,32x32 ff11
72B4436F,sky,32x32 ff11
72B6CDC5,effect,64x64 ff2
72D36E2D,dirt,32x32 ff11
72F12CE0,tunnel,32x32 ff11
7315A996,sign,32x16 ff11
731E1879,asphalt,128x32 ff11
733B060A,effect,32x32 ff4
733CA757,foliage,32x32 ff11
7344165B,ice,32x32 ff11
73503C39,metal,64x64 ff11
735A2D4A,effect,32x32 ff11
736E6A7C,foliage,32x32 ff11
737E8A41,foliage,64x64 ff11
73A43DC4,rock,32x32 ff11
73A88FBD,dirt,64x64 ff11
73B6CDC5,effect,64x64 ff2
73DFD585,building,64x64 ff11
73F83513,dirt,32x32 ff11
740F2DB4,ice,32x32 ff11
746A1CBB,effect,64x64 ff12
74754A31,sky,128x128 ff12
74B6CDC5,effect,64x64 ff2
74CEF839,sign,32x64 ff11
74F79A39,effect,32x128 ff11
7524636D,dirt,32x32 ff11
7548DF61,sky,64x64 ff11
7564B722,sign,32x32 ff11
757FB386,grass,32x32 ff11
758A6DCC,effect,64x64 ff12
75905DA2,snow,64x16 ff11
7591F1A6,foliage,32x32 ff11
75A4F41D,dirt,128x32 ff12
75B6CDC5,effect,64x64 ff2
75EE40FB,rock,32x32 ff11
761807CF,snow,32x32 ff11
76816C9B,rock,32x32 ff11
76943281,foliage,32x256 ff11
76ADAAF8,grass,32x32 ff11
76B5CA4D,foliage,32x32 ff11
76B6CDC5,effect,64x64 ff2
7730CBCD,foliage,32x256 ff11
7734934F,sign,32x64 ff11
774BBCBA,rock,32x32 ff11
774C83EF,grass,32x32 ff11
776693E1,snow,32x32 ff11
777D735E,effect,32x32 ff11
77846151,tunnel,32x32 ff11
778CE406,dirt,64x64 ff12
77B6CDC5,effect,64x64 ff2
77CECD3E,sky,32x32 ff11
7801F29D,effect,16x128 ff11
7815E450,rock,32x32 ff11
781A327A,foliage,32x32 ff11
7820F1B1,sign,32x32 ff11
7840EF75,rock,32x32 ff11
7852CCF1,sky,64x64 ff11
7866E780,rock,32x32 ff11
78697FDD,water,64x64 ff11
788D1871,rock,32x32 ff11
78938425,wood,32x16 ff11
789D346E,dirt,64x64 ff12
78B6CDC5,effect,64x64 ff2
78DA25DE,wood,32x64 ff12
78FE2EE7,wood,32x32 ff11
78FFE86D,rock,32x32 ff11
79226A4C,wood,32x32 ff11
796DC4B5,rock,32x32 ff11
79784769,water,64x64 ff11
7991E7DD,wood,32x32 ff11
7996AEF8,building,64x64 ff11
799D3A98,rock,32x32 ff11
79A65C79,sky,64x64 ff11
79AEF729,sky,32x32 ff11
79B6CDC5,effect,64x64 ff2
79F151DF,building,32x64 ff11
79FFB078,effect,128x32 ff12
7A02530E,rock,32x32 ff11
7A0781F4,foliage,32x32 ff11
7A2A255C,snow,64x16 ff11
7A57DCDE,snow,64x16 ff11
7A57F749,grass,32x32 ff11
7A85B4CA,effect,64x16 ff11
7AB6CDC5,effect,64x64 ff2
7AB9EBB5,building,32x32 ff11
7AC7D745,sign,32x32 ff11
7AEA532E,water,32x32 ff11
7B319B6E,grass,32x32 ff11
7B3A9B1F,snow,32x32 ff11
7B48B76E,rock,32x32 ff11
7B4CF61F,sand,32x32 ff11
7B8CFDE8,dirt,64x64 ff12
7B958445,snow,32x32 ff11
7B9E638F,water,64x64 ff12
7B9F8DD6,water,64x64 ff12
7BB6CDC5,effect,64x64 ff2
7BB88480,asphalt,32x32 ff11
7BCD02E2,concrete,16x64 ff11
7BD1EA8D,rock,32x32 ff11
7BD511B4,effect,128x32 ff12
7BE99FF5,sky,64x64 ff11
7BEE5336,concrete,16x64 ff11
7C4F3AE5,wood,32x32 ff11
7C57437A,effect,128x32 ff12
7C69AFC1,metal,32x128 ff11
7CA87AE5,sky,64x64 ff11
7CB6CDC5,effect,64x64 ff2
7CE864D2,metal,32x32 ff11
7D10A85D,foliage,64x32 ff11
7D210611,window,32x32 ff11
7D25E65D,sky,64x64 ff11
7D2EE194,rock,32x32 ff11
7D739419,concrete,32x128 ff11
7D7BDD21,metal,32x32 ff11
7DB1855D,dirt,64x64 ff12
7DB6CDC5,effect,64x64 ff2
7E107540,sign,32x32 ff11
7E141DBB,building,32x32 ff11
7E16E2DD,sky,64x64 ff11
7E1A443B,effect,64x64 ff11
7E46CE4D,rock,32x32 ff11
7E7496CA,grass,32x32 ff11
7EB6CDC5,effect,64x64 ff2
7EC3CBAD,effect,64x64 ff12
7EF27849,rock,32x32 ff11
7EFFC8A1,foliage,64x128 ff11
7F0CF74C,rock,32x32 ff11
7F72A98F,water,64x64 ff12
7F89DB89,sign,64x32 ff11
7FA0F3CD,tunnel,64x64 ff11
7FA27EDD,dirt,128x32 ff11
7FAD87D9,asphalt,128x32 ff11
7FB6CDC5,effect,64x64 ff2
7FC36DED,unknown,64x128 ff11
7FD467AE,grass,32x32 ff11
7FEDA5F1,foliage,64x64 ff11
7FEE967F,water,64x64 ff12
7FFC6B1B,effect,128x32 ff12
8031456B,concrete,32x32 ff11
803DCFF4,effect,32x32 ff4
8066052D,lamp,32x128 ff11
806BA7F4,snow,64x16 ff11
80B6CDC5,effect,64x64 ff2
80E2CCC2,dirt,64x64 ff12
810F536A,water,64x64 ff12
814158A4,effect,64x64 ff12
8175C61A,foliage,64x32 ff11
81A0A9CC,water,64x64 ff12
81B49F43,rock,32x32 ff11
81B6CDC5,effect,64x64 ff2
81BC0C7A,sign,64x16 ff11
81CD17AE,foliage,32x32 ff11
81D40D36,water,32x32 ff11
820F6EB5,rock,32x32 ff11
824B77B0,dirt,32x32 ff11
824DC25D,sand,32x64 ff12
82783D5A,dirt,32x32 ff11
8284B67A,rock,32x32 ff11
82886266,foliage,32x32 ff11
828E57E6,effect,128x32 ff12
8292ABDE,concrete,32x32 ff11
829892B8,sign,128x32 ff11
82B6CDC5,effect,64x64 ff2
82BD7E20,unknown,64x16 ff11
82D16C46,metal,32x32 ff11
82F26DA5,water,64x64 ff11
830933FA,sign,32x32 ff11
831E6965,grass,32x32 ff11
8357563A,sky,64x32 ff11
835964DB,rock,32x32 ff11
8364C365,sign,32x128 ff12
838DF636,dirt,32x32 ff11
838F09B3,sign,32x32 ff11
839959E4,effect,128x32 ff12
839BE177,concrete,16x64 ff11
83A3A907,metal,32x64 ff11
83B6CDC5,effect,64x64 ff2
83BD6CA5,dirt,128x32 ff11
83D6CF01,foliage,32x32 ff11
842D76E5,sky,64x64 ff11
845F2432,foliage,64x32 ff11
846E2913,building,32x64 ff11
8492C8A5,unknown,4x1 ff11
8496F13D,grass,32x32 ff11
84B6CDC5,effect,64x64 ff2
84E04B67,grass,32x32 ff11
84F6FA88,asphalt,64x16 ff11
850D9789,building,64x32 ff11
852F5407,dirt,64x64 ff12
8533A603,sand,32x32 ff11
85716BD9,rock,32x32 ff11
857826F4,rock,32x32 ff11
85983210,building,32x64 ff11
85B6CDC5,effect,64x64 ff2
85C3FD0B,dirt,32x32 ff11
85C678D5,sand,32x32 ff11
85FD7B5B,rock,32x32 ff11
8622E498,sign,32x128 ff12
862497D5,snow,128x32 ff11
86253AA8,snow,64x16 ff11
8632AD05,wood,32x128 ff11
865B3D08,sign,64x64 ff12
866004F1,building,64x64 ff11
86620826,sign,32x128 ff12
867B43E4,effect,64x64 ff4
86B6CDC5,effect,64x64 ff2
86EF0BBD,sign,128x32 ff11
86F62DC9,lamp,64x64 ff12
8701C386,rock,32x32 ff11
87378EC5,rock,32x32 ff11
8761C998,dirt,32x32 ff11
876CCDC5,sky,64x64 ff11
876F9B36,snow,64x16 ff11
87B6CDC5,effect,64x64 ff2
87F2BA2A,dirt,64x64 ff12
88062905,effect,64x64 ff11
8811EE95,dirt,64x64 ff12
886C0A3E,sign,32x16 ff11
88B6CDC5,effect,64x64 ff2
88F6EB81,dirt,64x64 ff11
8936D135,metal,32x32 ff11
896145F6,sand,32x32 ff11
8985564F,effect,32x32 ff4
898ABE56,dirt,32x32 ff11
898BEFBD,sign,128x32 ff11
899B2E2D,metal,16x128 ff11
89B6CDC5,effect,64x64 ff2
89F9FE05,grass,32x32 ff11
8A109BF5,ice,128x32 ff11
8A1EEF79,rock,32x32 ff11
8A25B3B8,dirt,32x32 ff11
8A3E8C15,unknown,64x16 ff11
8A6716A5,foliage,32x32 ff11
8A95138D,asphalt,64x16 ff11
8AB33DDE,effect,32x32 ff4
8AB6CDC5,effect,64x64 ff2
8AB7C07D,grass,32x32 ff11
8AD5A0A1,lamp,64x64 ff12
8ADB80A5,grass,32x32 ff11
8AE9128B,concrete,16x64 ff11
8AEF6C13,water,32x32 ff11
8B0519E5,metal,32x128 ff11
8B0F716D,snow,32x32 ff11
8B30893B,foliage,32x64 ff11
8B48BB2F,water,64x64 ff12
8B505CEF,sky,32x32 ff11
8B8EB02A,dirt,64x64 ff12
8BAD4679,foliage,64x64 ff11
8BB6CDC5,effect,64x64 ff2
8BC57621,snow,128x32 ff11
8BF51B77,snow,32x32 ff11
8C0F2F28,effect,32x32 ff4
8C190133,sign,32x128 ff12
8C2A92DE,foliage,32x32 ff11
8C2E4B37,sand,32x32 ff11
8C575F78,water,64x64 ff12
8C92015A,dirt,64x64 ff12
8CA0FAAA,dirt,32x32 ff11
8CB6CDC5,effect,64x64 ff2
8CFFE72F,water,64x64 ff12
8D19E1E9,dirt,64x64 ff12
8D363E35,foliage,64x64 ff11
8D81A22E,snow,32x32 ff11
8DA072C9,metal,32x128 ff11
8DB6CDC5,effect,64x64 ff2
8DC9D4AE,effect,64x64 ff4
8DFDA43A,rock,32x32 ff11
8E00E643,sky,64x32 ff11
8E3035BD,sand,32x32 ff11
8E3FC109,metal,16x128 ff11
8E705189,rock,32x32 ff11
8E9E1CF5,building,64x128 ff11
8EA514EF,building,32x64 ff11
8EA51DCC,lamp,64x64 ff12
8EB6CDC5,effect,64x64 ff2
8EE7818B,dirt,64x64 ff12
8EF61CA5,rock,32x32 ff11
8F0DA7C0,lamp,32x32 ff11
8F0EE18A,rock,32x32 ff11
8F2A9816,lamp,64x64 ff12
8F2F587C,sign,32x16 ff11
8F50E3A2,sand,32x32 ff11
8F92C675,ice,64x64 ff11
8FAC8139,grass,32x32 ff11
8FB6CDC5,effect,64x64 ff2
8FD9F2A5,sky,64x64 ff11
900C986D,sky,64x64 ff11
90192309,concrete,64x64 ff11
90195491,effect,64x64 ff12
902B570B,rock,32x32 ff11
904C3A77,building,32x64 ff11
906AE07F,dirt,64x64 ff12
90B4437D,effect,64x64 ff11
90B6CDC5,effect,64x64 ff2
90BD7D8E,sign,32x16 ff11
90BE4319,water,64x64 ff11
90DECC1E,rock,32x32 ff11
911629AE,rock,32x32 ff11
9123B020,dirt,64x64 ff12
9135C349,sign,64x32 ff12
913A4FB6,building,32x32 ff11
91670F99,snow,32x32 ff11
91976369,building,32x64 ff11
91B6CDC5,effect,64x64 ff2
91C240EF,foliage,32x32 ff11
91D27281,building,64x64 ff11
920B5DCA,window,32x32 ff11
92139102,water,64x64 ff12
922E14B4,unknown,64x16 ff11
92525BD1,sky,64x64 ff11
925BA91D,rock,32x32 ff11
927B31DA,water,32x64 ff12
92AD0084,rock,32x32 ff11
92B6CDC5,effect,64x64 ff2
92C26C1D,sky,64x64 ff11
92C5D1B9,concrete,32x128 ff11
92D9D151,dirt,64x64 ff12
9302C03D,dirt,128x32 ff11
93320D66,foliage,64x32 ff11
93328AC5,rock,32x32 ff11
93ACFB28,building,32x64 ff11
93AF91D5,building,32x64 ff11
93B2CF89,rock,32x32 ff11
93B6CDC5,effect,64x64 ff2
93B890F6,lamp,32x32 ff11
9407C80C,rock,32x32 ff11
942ABADA,unknown,32x32 ff11
944A960C,sign,32x128 ff12
944E6AB5,sign,32x128 ff12
944F63E6,sand,32x32 ff11
9457DF23,sign,64x16 ff11
9474E2C4,rock,32x32 ff11
94901880,rock,32x32 ff11
9498544D,concrete,64x64 ff11
94B0736C,water,64x64 ff12
94B6CDC5,effect,64x64 ff2
94BEAEB4,sign,32x128 ff12
94D39B39,snow,64x16 ff11
94DD8547,water,32x64 ff12
94F63B26,building,32x32 ff11
94FC4A35,snow,128x32 ff11
9534FAF9,rock,32x32 ff11
953F5F9C,foliage,16x64 ff11
954572F0,rock,32x32 ff11
9564CCF0,wood,32x32 ff11
95728D50,sign,64x16 ff11
957FD13F,rock,32x32 ff11
95B6CDC5,effect,64x64 ff2
95DA460F,rock,32x32 ff11
95EB58B9,grass,32x32 ff11
9610E488,rock,32x32 ff11
961F5271,metal,16x128 ff11
96347613,rock,32x32 ff11
968FDEDD,rock,32x32 ff11
96A859BD,metal,32x128 ff11
96AAF997,rock,32x32 ff11
96B6CDC5,effect,64x64 ff2
96E01259,sky,64x64 ff11
971D8236,rock,32x32 ff11
972933CE,wood,32x64 ff11
9736C791,sky,64x64 ff11
974444FB,rock,32x32 ff11
976AE835,water,64x64 ff11
977DBF4C,sand,32x32 ff11
9787D66F,sand,32x64 ff12
97B6CDC5,effect,64x64 ff2
97DB39C5,sky,64x64 ff11
985B7817,dirt,64x16 ff11
985CC642,effect,64x64 ff12
986D53B7,rock,32x32 ff11
9885986C,rock,32x32 ff11
98910F4B,effect,128x32 ff12
989B4209,sand,32x32 ff11
98B6CDC5,effect,64x64 ff2
98CA9D23,effect,64x64 ff12
98F66518,concrete,16x64 ff11
992AADDC,sand,32x64 ff12
9931A767,sign,16x128 ff11
998E267A,dirt,32x32 ff11
99A8B991,effect,64x64 ff11
99B58CD1,dirt,128x32 ff11
99B6CDC5,effect,64x64 ff2
99F87B1F,snow,64x16 ff11
9A1F8229,metal,16x128 ff11
9A20A0BE,rock,32x32 ff11
9A2110BE,grass,16x128 ff11
9A755D67,rock,32x32 ff11
9A75C078,ice,32x32 ff11
9AB5B8B1,foliage,64x128 ff11
9AB6CDC5,effect,64x64 ff2
9AB9B2D7,snow,32x32 ff11
9AD3F2E9,rock,32x32 ff11
9AEAA292,sign,32x32 ff11
9B394822,sign,16x64 ff11
9B67DE89,sign,64x16 ff11
9B69D122,rock,32x32 ff11
9B96D13D,metal,32x128 ff11
9BAD52C1,sand,32x64 ff12
9BB6CDC5,effect,64x64 ff2
9BCD121B,effect,32x32 ff4
9BD6D74D,dirt,128x32 ff11
9BDA16A9,ice,32x32 ff11
9BE9C187,sand,32x32 ff11
9BF83CC0,rock,32x32 ff11
9BFDBDF2,grass,32x32 ff11
9C208A69,foliage,64x128 ff11
9C33B264,grass,32x32 ff11
9C42A108,effect,32x32 ff4
9C65D652,unknown,32x32 ff11
9C771D11,unknown,64x16 ff11
9C7C4851,grass,32x32 ff11
9C9C0E7D,foliage,64x128 ff11
9CA121F9,ice,64x64 ff12
9CB6CDC5,effect,64x64 ff2
9CBB8BB9,snow,128x32 ff11
9CDC48FD,metal,16x128 ff11
9D0F2DB4,ice,32x32 ff11
9D26D17F,metal,16x64 ff11
9D2DC768,grass,32x32 ff11
9D3B7C6C,sky,32x32 ff11
9D6EC2BD,foliage,64x64 ff11
9DB6CDC5,effect,64x64 ff2
9DC380DA,dirt,64x64 ff12
9DDB05C5,concrete,32x64 ff11
9DF32B83,effect,32x32 ff4
9E118D4C,foliage,32x32 ff11
9E163891,sky,64x64 ff11
9E44798A,metal,16x64 ff11
9E635E41,sign,64x64 ff11
9E83D8CC,rock,32x32 ff11
9EB6CDC5,effect,64x64 ff2
9EE9318E,building,32x64 ff11
9F1E1200,dirt,64x64 ff12
9F2524A1,dirt,64x64 ff12
9F5C28F1,sand,32x32 ff11
9FB1C5AE,water,64x64 ff12
9FB6CDC5,effect,64x64 ff2
9FB8AC59,grass,32x32 ff11
9FC98958,water,64x64 ff12
A01E4E10,effect,32x32 ff11
A02573E2,water,64x64 ff12
A067B9A3,lamp,32x32 ff11
A06FA2F6,dirt,64x64 ff12
A0B6CDC5,effect,64x64 ff2
A1312711,sky,64x64 ff11
A137713F,wood,32x64 ff12
A152BD0D,foliage,64x128 ff11
A15B4D7F,sign,16x128 ff11
A175E8ED,ice,32x32 ff11
A177BE32,lamp,64x64 ff12
A18E5F33,rock,32x32 ff11
A1969AC4,dirt,64x64 ff12
A1AA7485,foliage,32x32 ff11
A1B30899,dirt,32x32 ff11
A1B6CDC5,effect,64x64 ff2
A1DEB851,sky,64x64 ff11
A2681DC5,sky,64x64 ff11
A2898556,ice,64x64 ff12
A2AF4506,sky,32x32 ff11
A2B6CDC5,effect,64x64 ff2
A2D32AD8,effect,64x64 ff12
A2E998DD,sky,64x64 ff11
A30A3415,metal,16x128 ff11
A3146171,water,64x64 ff11
A336087E,grass,32x32 ff11
A34DB83B,rock,32x32 ff11
A35301E5,metal,128x32 ff11
A36EC454,sky,32x32 ff11
A3B41CA7,rock,32x32 ff11
A3B489E1,lamp,64x64 ff11
A3B523AD,water,32x32 ff11
A3B6CDC5,effect,64x64 ff2
A3D8A27F,rock,32x32 ff11
A40F536A,water,64x64 ff12
A443B70C,rock,32x32 ff11
A44710A9,dirt,64x64 ff12
A4652BA1,dirt,32x32 ff11
A4686CE5,lamp,64x64 ff12
A478A10E,effect,128x32 ff12
A4970859,effect,64x16 ff11
A4AB10DF,concrete,32x32 ff11
A4B6CDC5,effect,64x64 ff2
A4B9772E,wood,32x64 ff12
A54400C4,foliage,32x32 ff11
A5693511,dirt,128x32 ff11
A57B0228,dirt,64x64 ff12
A5893939,foliage,128x128 ff12
A59B806E,dirt,32x32 ff11
A5B6CDC5,effect,64x64 ff2
A5C5EB52,grass,32x32 ff11
A5E10DF8,ice,128x32 ff11
A5E9506D,building,32x64 ff11
A5F7C8A1,sky,64x64 ff11
A61EEF21,wood,32x128 ff11
A63D4D6C,rock,32x32 ff11
A6439603,rock,32x32 ff11
A65DC4FA,sign,32x32 ff11
A66E6CBB,sign,32x128 ff12
A68D4A20,concrete,64x16 ff11
A6953F10,grass,32x32 ff11
A6ABE397,snow,32x32 ff11
A6B6CDC5,effect,64x64 ff2
A6ED1DE2,rock,32x32 ff11
A729BAF9,foliage,64x128 ff11
A733A00D,effect,128x32 ff11
A759989D,dirt,64x64 ff11
A76088D8,foliage,32x32 ff11
A7796392,grass,32x32 ff11
A785F953,metal,32x32 ff11
A7A2906D,sky,32x32 ff11
A7B6CDC5,effect,64x64 ff2
A7CB9EA9,wood,32x16 ff11
A808656D,building,64x128 ff11
A84E8736,ice,64x64 ff12
A869B1F4,sign,32x64 ff11
A882455F,concrete,32x32 ff11
A89AEF17,effect,128x32 ff12
A8B6CDC5,effect,64x64 ff2
A8C0DE8A,effect,128x32 ff12
A8E329C5,effect,32x32 ff11
A8E4347A,snow,32x32 ff11
A8EEEAD7,effect,64x64 ff12
A8F5057B,rock,32x32 ff11
A939B1E6,concrete,32x32 ff11
A95115C9,foliage,128x64 ff12
A962BCA9,asphalt,128x32 ff11
A9778B4C,water,64x64 ff12
A989E478,concrete,64x16 ff11
A9B6CDC5,effect,64x64 ff2
AA160D08,foliage,32x64 ff11
AA2F264C,ice,32x32 ff11
AA3BE191,ice,64x64 ff11
AA489F9C,effect,32x32 ff11
AA553AAE,effect,128x32 ff12
AA7B7309,foliage,128x64 ff11
AAB37DD1,rock,32x32 ff11
AAB6CDC5,effect,64x64 ff2
AAC07FF2,snow,32x32 ff11
AAC3ACFA,lamp,64x64 ff12
AAE549E5,unknown,128x64 ff12
AB129C49,sand,32x32 ff11
AB2C08C6,water,32x32 ff11
AB394822,sign,16x64 ff11
AB934965,rock,32x32 ff11
AB9A6EB7,building,64x64 ff11
AB9CB978,sign,64x64 ff11
ABA45D0E,concrete,16x64 ff11
ABB6CDC5,effect,64x64 ff2
ABEDB814,dirt,32x32 ff11
ABEE44A5,concrete,4x1 ff11
AC4270A9,snow,128x32 ff12
AC95D7A9,sand,32x64 ff12
ACA4CB81,sand,32x32 ff11
ACB59F01,water,64x64 ff12
ACB6CDC5,effect,64x64 ff2
ACBA8B77,metal,128x16 ff11
ACC0A332,building,32x64 ff11
ACC2C41A,sand,32x32 ff11
ACD72C67,rock,32x32 ff11
ACEFD7A9,water,64x64 ff12
ACF9E936,metal,32x32 ff11
ACFB57C8,sand,32x64 ff12
ACFC0F02,foliage,32x32 ff11
AD637085,foliage,64x64 ff11
ADB6CDC5,effect,64x64 ff2
ADC446DC,concrete,32x32 ff11
ADDD610F,sign,32x32 ff11
AE0A6447,dirt,32x32 ff11
AE107D65,effect,64x64 ff12
AE347D1C,dirt,64x64 ff12
AE402574,sign,32x32 ff11
AE411CBC,sign,64x16 ff11
AE5BE05D,snow,64x64 ff11
AE6523D5,sky,64x64 ff11
AEB6CDC5,effect,64x64 ff2
AED3088E,effect,128x32 ff12
AEF4E27B,effect,128x32 ff12
AF315C90,snow,32x32 ff11
AF351A8F,lamp,32x32 ff11
AF4AF611,effect,32x128 ff11
AF5B4D7F,sign,16x128 ff11
AF784AF3,foliage,64x32 ff11
AF82E8CC,water,32x32 ff11
AF83FC90,rock,32x32 ff11
AFA36DF5,effect,4x4 ff2
AFB6CDC5,effect,64x64 ff2
AFE2E7E1,effect,64x64 ff4
AFFD326E,grass,32x32 ff11
B00CA208,rock,32x32 ff11
B01B936D,metal,64x256 ff12
B02D6EAC,effect,64x64 ff12
B0375A2D,snow,32x32 ff11
B066EA11,sky,64x32 ff11
B06DEAE6,concrete,16x64 ff11
B0ABE686,concrete,16x64 ff11
B0B6CDC5,effect,64x64 ff2
B0BB5178,effect,32x32 ff11
B0CFC526,sky,32x32 ff11
B0E8702C,lamp,32x32 ff11
B0ECF2F2,rock,32x32 ff11
B16B8DB6,sky,32x32 ff11
B17A44A5,water,64x64 ff12
B17DB6D7,building,32x32 ff11
B18A9D5B,building,32x32 ff11
B1A4FDA9,sky,64x64 ff11
B1B6CDC5,effect,64x64 ff2
B1CB502F,foliage,64x32 ff11
B1CDC9C5,ice,128x64 ff12
B1D5C606,sign,64x64 ff11
B1D7CD98,effect,64x64 ff12
B1DDCAC5,building,64x128 ff11
B1FFF0F5,ice,32x64 ff12
B202A099,asphalt,128x32 ff11
B21EE6AF,ice,64x64 ff12
B220F0D0,rock,32x32 ff11
B226F959,building,32x32 ff11
B2389F9B,sign,64x16 ff11
B23E6815,dirt,64x64 ff12
B252859A,water,64x64 ff12
B25DCAD1,lamp,32x32 ff11
B262104C,rock,32x32 ff11
B28FA198,dirt,32x32 ff11
B29B0B2D,snow,32x32 ff11
B29D29D0,sky,64x32 ff11
B2B6CDC5,effect,64x64 ff2
B2C155D9,sky,64x64 ff11
B2CB111A,dirt,32x32 ff11
B2D6AB3D,effect,32x128 ff11
B2F178AE,sand,32x64 ff12
B32FF457,rock,32x32 ff11
B34F6935,effect,64x64 ff12
B3507FCF,effect,64x64 ff12
B3612E29,snow,32x32 ff11
B3B6CDC5,effect,64x64 ff2
B3BB2111,effect,64x64 ff12
B3DCADC5,ice,32x32 ff12
B3E217CA,sign,64x16 ff11
B3F36E45,foliage,64x128 ff11
B410F244,concrete,16x64 ff11
B41E12C1,rock,32x32 ff11
B422B57D,rock,32x32 ff11
B42573E2,water,64x64 ff12
B4575F78,water,64x64 ff12
B4B5C719,sand,32x32 ff11
B4B6CDC5,effect,64x64 ff2
B4BAF168,sign,128x32 ff11
B4BE368F,snow,32x32 ff11
B5138991,sky,64x64 ff11
B521E74A,wood,32x32 ff11
B5377DB6,effect,128x32 ff12
B540D12B,effect,64x64 ff12
B5AF7CA7,rock,32x32 ff11
B5B43A79,snow,32x32 ff11
B5B6CDC5,effect,64x64 ff2
B638F6C3,dirt,64x64 ff12
B646982C,sign,32x16 ff11
B667548E,ice,32x32 ff11
B668F258,rock,32x32 ff11
B6763956,foliage,32x64 ff11
B6B6CDC5,effect,64x64 ff2
B6DC1DC5,concrete,32x32 ff11
B6DE299D,sign,32x128 ff11
B6EBEEED,sign,64x64 ff11
B721BDA9,foliage,32x32 ff11
B72AF195,snow,32x32 ff11
B7343737,rock,32x32 ff11
B739C3A4,sky,32x32 ff11
B7581151,sky,64x64 ff11
B75F49A5,grass,32x32 ff11
B76EAE59,grass,32x32 ff11
B7751CF9,snow,128x32 ff11
B77B7F3F,ice,64x64 ff12
B781D649,water,64x64 ff12
B78F7A32,effect,128x32 ff12
B79F4674,sand,32x32 ff11
B7B6CDC5,effect,64x64 ff2
B7B71FBC,effect,32x32 ff11
B7D38E12,dirt,32x32 ff11
B7F7D247,sign,64x64 ff11
B7F8D7A9,water,64x64 ff11
B7FA4BC5,sign,32x32 ff11
B8069900,rock,32x32 ff11
B83E6C87,wood,16x64 ff11
B844D94E,dirt,64x64 ff12
B859C358,rock,32x32 ff11
B86A4494,effect,64x64 ff12
B8881375,building,32x64 ff11
B8B6CDC5,effect,64x64 ff2
B8BCE0A4,sign,64x64 ff11
B8C16090,grass,32x32 ff11
B8C2C7F4,sign,128x32 ff11
B8DCBADA,sign,32x64 ff11
B8F41631,snow,64x16 ff11
B9046F68,effect,128x32 ff12
B923821C,foliage,32x32 ff11
B9410BEC,rock,32x32 ff11
B94D6023,snow,64x16 ff11
B95495E5,concrete,32x128 ff11
B98A2D5A,sign,64x64 ff11
B9A52235,vehicle,32x32 ff11
B9AF65AD,sign,64x128 ff11
B9B6CDC5,effect,64x64 ff2
B9E2C9F7,building,32x32 ff11
B9E2E3CD,wood,64x32 ff11
B9E648D8,sky,32x32 ff11
BA1EA125,sign,64x32 ff11
BA5BF341,effect,16x128 ff11
BA686A62,sign,32x64 ff11
BA87E37A,effect,32x32 ff4
BAB6CDC5,effect,64x64 ff2
BAD8F700,rock,32x32 ff11
BAEA6365,asphalt,64x64 ff11
BB7D60ED,unknown,32x128 ff11
BB808228,unknown,64x16 ff11
BB8E602C,dirt,64x64 ff12
BB901D58,water,64x64 ff12
BBA636A5,snow,32x32 ff11
BBA752AD,rock,32x32 ff11
BBAFD9D5,rock,64x64 ff11
BBB6CDC5,effect,64x64 ff2
BBB8551A,sign,128x32 ff11
BBD39B79,sky,64x64 ff11
BBE4F7F5,sky,64x64 ff11
BC48BDC4,ice,32x32 ff11
BC4DB89D,dirt,32x32 ff11
BC72A98F,water,64x64 ff12
BCAD53EE,effect,128x32 ff12
BCB05E96,rock,32x32 ff11
BCB6CDC5,effect,64x64 ff2
BCDE99EE,sky,32x32 ff11
BD07A494,foliage,32x32 ff11
BD27E07C,wood,64x16 ff11
BD32BFCD,sky,64x64 ff11
BD358F6D,rock,32x32 ff11
BD9C68BC,dirt,64x64 ff12
BDA763EC,foliage,32x32 ff11
BDB6CDC5,effect,64x64 ff2
BDFEC5CE,rock,32x32 ff11
BE243C95,ice,64x64 ff12
BE7E76F9,rock,32x32 ff11
BE832B3B,rock,32x32 ff11
BE990D0D,tunnel,32x32 ff11
BEB6CDC5,effect,64x64 ff2
BEB9D823,foliage,32x32 ff11
BEC045CF,unknown,64x16 ff11
BEC174BE,effect,64x16 ff11
BED51BD6,concrete,16x64 ff11
BF0913DD,rock,32x32 ff11
BF0AC592,effect,256x256 ff11
BF2461AE,grass,32x32 ff11
BF308704,grass,32x32 ff11
BF564E04,sign,16x64 ff11
BF8DAB9A,concrete,16x64 ff11
BF901D58,water,64x64 ff12
BF91BCF7,sign,64x64 ff11
BF93022E,rock,32x32 ff11
BF9880D1,asphalt,128x32 ff11
BFB6CDC5,effect,64x64 ff2
BFD3EEE1,building,32x64 ff11
C0085C1D,sky,64x64 ff11
C064D3C5,foliage,16x64 ff11
C0725E86,rock,32x32 ff11
C090DFB1,metal,32x32 ff11
C0B6CDC5,effect,64x64 ff2
C0D9093D,rock,32x32 ff11
C0F35575,sky,64x64 ff11
C1135735,ice,64x64 ff11
C11805A6,rock,32x32 ff11
C13A7B9B,sign,32x32 ff11
C1468105,water,32x64 ff12
C148545E,dirt,32x32 ff11
C197BD57,concrete,32x32 ff11
C1B6CDC5,effect,64x64 ff2
C1B74781,sign,32x128 ff12
C1E421A5,sand,32x32 ff11
C206ADED,sign,64x64 ff11
C2621484,ice,64x64 ff12
C2690726,dirt,64x64 ff12
C269A18D,metal,32x128 ff11
C28B680D,foliage,64x128 ff11
C2B6CDC5,effect,64x64 ff2
C2BAE912,rock,32x32 ff11
C2BBF96A,foliage,64x32 ff11
C2F627A1,foliage,32x128 ff11
C36A82F9,effect,64x64 ff11
C36C8CE9,sky,64x64 ff11
C3B6CDC5,effect,64x64 ff2
C3B848D3,lamp,32x32 ff11
C3C40A7C,concrete,16x64 ff11
C4087BE4,foliage,32x32 ff11
C42DC915,sky,64x64 ff11
C43EBE9B,concrete,16x64 ff11
C4506A3E,sign,64x16 ff11
C4B6CDC5,effect,64x64 ff2
C4D119FD,lamp,64x64 ff12
C5537932,snow,32x32 ff11
C5614FAE,water,32x32 ff11
C56240FC,asphalt,64x16 ff11
C56FEE64,dirt,64x64 ff12
C57154C3,snow,32x32 ff11
C575AD41,effect,64x64 ff12
C583FFD4,water,64x64 ff12
C596B57D,foliage,32x32 ff11
C5A28ED5,grass,32x32 ff11
C5B6CDC5,effect,64x64 ff2
C5BFF9E9,sky,64x64 ff11
C5CFD551,building,32x16 ff11
C5F97FC7,dirt,64x64 ff12
C5FE68C5,effect,16x16 ff11
C6226C88,effect,64x64 ff4
C6272641,dirt,64x64 ff12
C6291B7C,sign,32x16 ff11
C6337E0B,rock,32x16 ff11
C6477691,dirt,128x32 ff11
C64EC221,water,128x16 ff12
C6731CEF,rock,32x32 ff11
C6744101,snow,128x32 ff11
C68512E4,lamp,64x64 ff12
C6B6CDC5,effect,64x64 ff2
C6BF06F1,metal,16x128 ff11
C6D0C648,effect,64x64 ff4
C6D3A8C3,effect,128x32 ff12
C6E3310D,sand,32x32 ff11
C6FB6E31,snow,32x32 ff11
C70C7365,building,64x64 ff11
C70FF4A9,sky,64x64 ff11
C787D80F,rock,32x32 ff11
C789C41B,building,32x64 ff11
C794A8BD,concrete,32x128 ff11
C7B6CDC5,effect,64x64 ff2
C7C6C7B5,building,32x64 ff11
C7DE6FB1,dirt,32x32 ff11
C7DEE7C5,dirt,32x32 ff11
C7E946ED,dirt,32x32 ff11
C7F69DB8,sand,32x32 ff11
C7F87722,foliage,32x32 ff11
C7FBC90F,unknown,16x128 ff11
C814AC38,ice,32x32 ff11
C82BF313,rock,32x32 ff11
C84786C5,effect,16x16 ff11
C8494640,rock,32x32 ff11
C89FB33F,rock,32x32 ff11
C8B6CDC5,effect,64x64 ff2
C8BDAEE9,rock,32x32 ff11
C8C2D601,ice,32x32 ff11
C8CA29F1,sign,64x16 ff11
C8EF6AE5,asphalt,128x32 ff11
C8EFAB48,rock,32x32 ff11
C91902DC,water,32x64 ff12
C926FCAA,sand,32x32 ff11
C977F445,sky,64x64 ff11
C97E9228,effect,128x32 ff12
C98C3188,rock,32x32 ff11
C9B6CDC5,effect,64x64 ff2
C9CD393F,rock,32x32 ff11
C9D7C46D,water,64x64 ff12
C9E8E5EB,water,64x64 ff12
C9F064FE,snow,128x32 ff12
CA26F426,sign,16x64 ff11
CA456238,wood,32x64 ff12
CA578296,effect,32x32 ff11
CA82EB3A,foliage,32x32 ff11
CA8C8281,effect,64x16 ff11
CAA526E6,foliage,32x32 ff11
CAB6CDC5,effect,64x64 ff2
CABAD9DE,dirt,32x32 ff11
CAC2BA41,effect,32x32 ff4
CB07FD1C,effect,64x64 ff4
CB2F2ED1,ice,64x64 ff11
CB631618,rock,32x32 ff11
CB724D1A,dirt,64x64 ff12
CBA48DE9,water,32x32 ff11
CBB6CDC5,effect,64x64 ff2
CBBD7ADB,ice,64x64 ff12
CC115D65,asphalt,128x32 ff11
CC594660,dirt,32x32 ff11
CC596F03,sign,32x128 ff12
CC9B6092,building,64x64 ff11
CCA6A631,sky,128x128 ff12
CCA7FED1,ice,128x32 ff12
CCB6CDC5,effect,64x64 ff2
CCBE6F9C,dirt,64x64 ff12
CCD53272,rock,32x32 ff11
CCE4BA33,rock,32x32 ff11
CD0638CD,lamp,64x64 ff12
CD1AA4E2,foliage,32x32 ff11
CD42F037,rock,32x32 ff11
CD59E3AD,ice,32x32 ff11
CD5A2752,rock,32x32 ff11
CD83236A,concrete,16x64 ff11
CDAF233D,sign,32x32 ff11
CDB4D9BD,dirt,64x64 ff11
CDB506C0,sign,64x64 ff12
CDB6CDC5,effect,64x64 ff2
CDC5184F,dirt,64x64 ff12
CDE8F01E,lamp,64x64 ff12
CE0EB2F0,concrete,16x64 ff11
CE25AB4D,dirt,64x64 ff12
CE360DA0,lamp,64x64 ff12
CE38BE39,effect,32x32 ff11
CE5A127F,rock,32x32 ff11
CE668234,effect,128x32 ff12
CEA7E2F4,grass,32x32 ff11
CEB0A278,rock,32x32 ff11
CEB58E96,foliage,32x64 ff11
CEB6CDC5,effect,64x64 ff2
CEC35B55,rock,32x32 ff11
CEEE967F,water,64x64 ff12
CF2F5D30,effect,64x16 ff11
CF30E5F3,grass,32x32 ff11
CF70270D,ice,64x64 ff11
CF82871F,dirt,32x32 ff11
CF86243D,dirt,64x64 ff12
CFA0DE91,sign,32x128 ff12
CFA902AD,building,32x32 ff11
CFB6CDC5,effect,64x64 ff2
D00F9BAA,rock,32x32 ff11
D03DABE5,concrete,16x64 ff11
D05A96C9,foliage,32x32 ff11
D0664C31,sky,64x64 ff11
D084A7EC,effect,128x32 ff12
D088AFC5,effect,16x16 ff11
D0B6CDC5,effect,64x64 ff2
D0C90881,foliage,128x128 ff11
D0CCFD45,rock,32x32 ff11
D0E528E8,snow,64x16 ff11
D0E68E99,sky,64x64 ff11
D0EF4A49,snow,128x32 ff11
D0F43D4A,rock,32x32 ff11
D118CCBA,rock,32x32 ff11
D1197C9F,sand,32x64 ff12
D12980D3,effect,128x32 ff12
D136279C,sand,32x32 ff11
D152E5D2,rock,32x32 ff11
D1629E4D,dirt,32x32 ff11
D1770ED9,sky,64x64 ff11
D19F69F5,concrete,16x64 ff11
D1B647FD,building,32x32 ff11
D1B6CDC5,effect,64x64 ff2
D1FAF3A9,ice,64x64 ff12
D2051D50,sign,64x16 ff11
D21EDFA1,rock,32x32 ff11
D23AB397,sky,32x32 ff11
D2459185,concrete,32x32 ff11
D26CE67D,dirt,32x32 ff11
D2810CC5,snow,64x64 ff11
D2B6CDC5,effect,64x64 ff2
D2C26345,dirt,64x64 ff12
D2F08B23,rock,32x32 ff11
D3027878,metal,8x64 ff11
D31B5839,sign,32x32 ff11
D3475510,water,32x64 ff12
D3845E49,sky,64x64 ff11
D38D614E,lamp,64x64 ff12
D39A0BE5,sky,64x64 ff11
D39F39C1,sky,64x64 ff11
D3B6CDC5,effect,64x64 ff2
D3B9404B,lamp,64x64 ff12
D3CF4BFB,effect,32x32 ff4
D3F599F6,sign,32x32 ff11
D4046BFE,sand,32x32 ff11
D416D97E,sign,32x128 ff12
D4388995,effect,128x32 ff12
D44BC45C,ice,32x32 ff11
D44BD1FB,rock,32x32 ff11
D4B6CDC5,effect,64x64 ff2
D4DE2AC7,dirt,32x32 ff11
D50C1EF0,sign,32x128 ff12
D5103646,water,64x64 ff12
D5225FCD,rock,32x32 ff11
D524BF91,sky,64x64 ff11
D535439F,dirt,32x32 ff11
D55CC2F5,building,64x64 ff11
D562898D,rock,64x64 ff11
D574C523,lamp,32x32 ff11
D5A18E93,rock,32x32 ff11
D5AF4811,effect,128x32 ff12
D5B6CDC5,effect,64x64 ff2
D6017F19,foliage,64x64 ff11
D60694D5,dirt,64x64 ff12
D6085416,effect,128x32 ff12
D61DBEC1,building,32x128 ff11
D6228DC5,sky,64x64 ff11
D62441AC,building,32x64 ff11
D63B8D97,sign,64x32 ff11
D67D8C90,sand,32x64 ff12
D68E5A23,sign,32x32 ff11
D6AB3FED,effect,32x64 ff11
D6B6CDC5,effect,64x64 ff2
D714A32F,sign,16x64 ff11
D7740301,rock,32x32 ff11
D7860C4D,ice,32x32 ff11
D78BE7F1,wood,32x32 ff11
D78E24DC,grass,32x32 ff11
D7B6CDC5,effect,64x64 ff2
D7D5068D,metal,16x128 ff11
D7ED0672,lamp,32x32 ff11
D8340079,metal,64x128 ff11
D852859A,water,64x64 ff12
D85996EF,foliage,32x32 ff11
D87952A3,snow,64x16 ff11
D87FD412,rock,32x32 ff11
D8B6CDC5,effect,64x64 ff2
D8FB187C,asphalt,32x32 ff11
D9356963,building,32x64 ff11
D9573882,building,32x64 ff11
D9A3A1FF,effect,64x64 ff12
D9B6CDC5,effect,64x64 ff2
D9BB8A78,building,32x64 ff11
D9EBB4A3,rock,32x32 ff11
D9FE0ADE,sky,32x32 ff11
DA210CA0,sign,32x128 ff12
DA21A00A,rock,32x32 ff11
DA26C237,dirt,64x16 ff11
DA42A4A1,rock,32x32 ff11
DA4E5F88,rock,32x32 ff11
DA7CC756,rock,32x32 ff11
DA8C2692,effect,64x64 ff12
DAA7AA0B,snow,32x32 ff11
DAB6CDC5,effect,64x64 ff2
DABE2052,water,32x32 ff11
DAD553FC,sign,64x16 ff11
DAE4FE59,effect,32x32 ff11
DB00BB2C,foliage,64x32 ff11
DB16ACCD,dirt,64x64 ff12
DB25E3E5,snow,128x32 ff11
DB5D4DC7,ice,64x64 ff12
DB84D5AE,effect,128x32 ff12
DB8527B3,water,32x64 ff12
DBA476F5,snow,128x32 ff11
DBABE867,rock,32x32 ff11
DBB6CDC5,effect,64x64 ff2
DBCC3DA6,lamp,64x64 ff12
DBF896A2,effect,128x32 ff12
DC00EA85,rock,32x32 ff11
DC046793,water,64x64 ff12
DC0BFAE8,sand,32x64 ff12
DC3486B3,concrete,32x32 ff11
DC372743,unknown,64x16 ff11
DC446966,ice,64x64 ff12
DCA76451,foliage,32x32 ff11
DCB6CDC5,effect,64x64 ff2
DCEB60B9,sky,64x64 ff11
DD27B099,concrete,64x64 ff11
DD83337D,unknown,64x16 ff11
DD8ABDFD,snow,64x64 ff11
DDB66B45,sky,64x64 ff11
DDB6CDC5,effect,64x64 ff2
DDD8CD6D,lamp,32x32 ff11
DDEE0F45,foliage,64x64 ff11
DE04C2D6,rock,32x32 ff11
DE21E28B,unknown,64x16 ff11
DE24AEFD,sand,32x32 ff11
DE3D276C,sand,32x32 ff11
DE3E5AE1,rock,32x32 ff11
DE56F78C,metal,32x32 ff11
DE72FAE2,wood,32x64 ff12
DE8B5249,effect,128x32 ff12
DE8FBCFA,dirt,64x64 ff12
DE9C3E89,building,64x128 ff11
DEAEF760,rock,32x32 ff11
DEB6CDC5,effect,64x64 ff2
DEC7973B,unknown,64x16 ff11
DED2397D,asphalt,128x32 ff11
DEF113D1,sign,32x128 ff12
DEF9C4A5,concrete,64x128 ff11
DF2C4F62,rock,32x32 ff11
DF50F31D,effect,64x64 ff11
DF58D9DF,foliage,32x32 ff11
DF5DBFCA,dirt,32x32 ff11
DF6DCF3B,effect,128x32 ff12
DF953AE0,sky,32x32 ff11
DF9D5035,foliage,128x64 ff12
DFAA93C9,snow,64x16 ff11
DFB6CDC5,effect,64x64 ff2
E01B2FB2,sand,32x32 ff11
E0506BBD,effect,128x32 ff12
E07EFBAD,ice,64x64 ff12
E09E9947,foliage,128x32 ff12
E0ADA947,snow,64x16 ff11
E0AEED31,concrete,16x64 ff11
E0B2C204,building,32x32 ff11
E0B6CDC5,effect,64x64 ff2
E0BF489D,sand,32x32 ff11
E0C33473,effect,64x64 ff12
E0CC05ED,lamp,64x64 ff11
E11F8A65,foliage,64x64 ff11
E12832A6,ice,32x32 ff11
E1457317,wood,32x64 ff12
E154641E,grass,32x32 ff11
E16C0E7A,water,64x64 ff12
E1A273BD,sky,64x64 ff11
E1AF7B58,effect,128x32 ff12
E1B6CDC5,effect,64x64 ff2
E1F9B86F,building,32x16 ff11
E2029281,grass,64x64 ff11
E2043211,rock,32x32 ff11
E2090F25,unknown,64x16 ff11
E278798D,dirt,64x64 ff11
E289EF4B,rock,32x32 ff11
E2B6CDC5,effect,64x64 ff2
E2D2FCDC,effect,64x64 ff12
E2DE790A,effect,64x64 ff12
E2E95DA4,sign,128x32 ff11
E2ED0B31,metal,64x64 ff11
E2F35057,effect,32x64 ff11
E2FFE96B,water,32x64 ff12
E32AC6AC,snow,64x16 ff11
E32EADCA,foliage,32x32 ff11
E338FD42,wood,64x16 ff11
E34D189B,building,32x64 ff11
E34F70D7,building,32x64 ff11
E3870876,rock,32x32 ff11
E396D74B,foliage,32x32 ff11
E3B6CDC5,effect,64x64 ff2
E3DE074A,sand,32x32 ff11
E4363CCF,dirt,32x32 ff11
E4688517,foliage,64x32 ff11
E46DAF57,water,64x64 ff12
E478D701,sign,32x128 ff12
E48B42D5,wood,32x64 ff12
E4B04699,wood,64x128 ff11
E4B6CDC5,effect,64x64 ff2
E4C861D4,rock,32x32 ff11
E508961D,lamp,32x128 ff11
E537F1D7,rock,32x32 ff11
E566DCC8,grass,32x32 ff11
E573901B,foliage,32x32 ff11
E5798DDC,grass,32x32 ff11
E5825754,foliage,16x64 ff11
E5B6CDC5,effect,64x64 ff2
E5E232BA,grass,32x32 ff11
E6045538,rock,32x32 ff11
E6349874,foliage,32x32 ff11
E672E881,sky,64x64 ff11
E67FA2F8,foliage,32x32 ff11
E690FAF5,snow,128x32 ff12
E69A4BC9,sky,64x64 ff11
E6A83476,snow,32x64 ff11
E6AB00CA,dirt,32x32 ff11
E6AC1B2E,grass,32x32 ff11
E6B6CDC5,effect,64x64 ff2
E6DADD85,dirt,64x64 ff11
E6DE6418,effect,128x32 ff12
E6EDA7A8,effect,32x64 ff11
E6F66069,ice,64x64 ff11
E712E17C,building,32x64 ff11
E72F720D,rock,32x32 ff11
E7304985,metal,16x128 ff11
E74D936F,sign,32x32 ff11
E75564CC,effect,32x32 ff4
E765B6CD,concrete,128x32 ff11
E77DED6D,rock,64x64 ff11
E781CA49,effect,32x32 ff4
E7A49D85,effect,16x16 ff11
E7B6CDC5,effect,64x64 ff2
E7C94024,effect,32x32 ff11
E7CF7411,foliage,128x64 ff11
E81C7FDA,effect,32x32 ff4
E84393CF,rock,32x32 ff11
E84F93D7,effect,128x32 ff12
E85DE3F5,dirt,32x32 ff11
E883289D,effect,64x64 ff4
E8B6CDC5,effect,64x64 ff2
E8CF1879,sand,32x32 ff11
E8F61462,effect,32x32 ff4
E908C07F,rock,32x32 ff11
E91A21F2,effect,128x32 ff12
E92D4E31,sign,64x32 ff12
E92FCF7D,snow,32x16 ff11
E934A012,snow,32x32 ff11
E9B6CDC5,effect,64x64 ff2
E9E2B6E4,wood,32x64 ff12
EA529F89,metal,128x32 ff11
EA67A6ED,dirt,64x16 ff11
EA7147CC,foliage,32x32 ff11
EAAE15F1,asphalt,128x32 ff11
EAB6CDC5,effect,64x64 ff2
EABDADD0,effect,32x32 ff4
EAE0B589,building,64x64 ff11
EAE863CD,rock,32x32 ff11
EAEAFB01,rock,32x32 ff11
EB0E1B84,sign,32x128 ff12
EB35C359,dirt,64x64 ff12
EB4882E9,sky,64x64 ff11
EB96C76C,sky,32x32 ff11
EB9FCFDE,building,32x32 ff11
EBA48C91,metal,16x128 ff11
EBB6CDC5,effect,64x64 ff2
EBD3034D,lamp,32x32 ff11
EBD412C1,foliage,64x64 ff11
EBE49CB1,sky,64x64 ff11
EBF995C9,sky,64x64 ff11
EC012B18,metal,32x32 ff11
EC26F975,sand,32x64 ff12
EC2BCC4C,lamp,32x32 ff11
EC4E3359,wood,32x128 ff11
EC608211,dirt,64x16 ff11
EC753C2F,rock,32x32 ff11
EC78B40C,water,32x64 ff12
EC810B0D,dirt,32x32 ff11
EC97F1ED,foliage,64x64 ff11
EC9DABA1,concrete,16x64 ff11
ECA4BEED,metal,64x128 ff11
ECAE44C1,metal,16x128 ff11
ECAE8116,snow,32x32 ff11
ECB550FB,rock,32x32 ff11
ECB6CDC5,effect,64x64 ff2
ECD0F022,rock,32x32 ff11
ED000E4C,rock,32x32 ff11
ED23BDF5,effect,128x32 ff12
ED2479E9,foliage,32x128 ff11
ED26F426,sign,16x64 ff11
ED32DE78,asphalt,64x16 ff11
ED5DC72D,sky,64x64 ff11
ED6ED841,foliage,32x32 ff11
ED933883,sign,64x64 ff11
EDB6CDC5,effect,64x64 ff2
EDC1BFF1,tunnel,64x64 ff11
EDE44C64,snow,32x32 ff11
EE0BEDF5,water,64x64 ff12
EE8F4B88,unknown,32x32 ff11
EE993265,grass,32x32 ff11
EEB6CDC5,effect,64x64 ff2
EEBA7969,building,32x64 ff11
EEC89DB8,ice,32x32 ff11
EF1A870A,foliage,64x32 ff11
EF24181F,rock,32x32 ff11
EF3354C5,lamp,64x64 ff11
EF4CA23A,sky,32x32 ff11
EF60DCD6,grass,32x32 ff11
EF822D7E,ice,32x64 ff12
EFB6CDC5,effect,64x64 ff2
F01D9190,water,32x64 ff12
F02AAE45,asphalt,128x32 ff11
F07D0FC1,rock,32x32 ff11
F08379F3,rock,32x32 ff11
F08AC558,grass,32x32 ff11
F09623F5,snow,128x32 ff11
F0A598E1,metal,16x128 ff11
F0B468CD,grass,32x32 ff11
F0B6CDC5,effect,64x64 ff2
F0DAB450,sand,32x64 ff12
F0DE1D29,water,64x64 ff11
F0E91200,wood,32x64 ff12
F10AA87B,water,32x64 ff12
F122DFD1,rock,32x32 ff11
F13CF4E4,building,32x64 ff11
F13E3F2F,effect,16x64 ff11
F15B9DF9,rock,32x32 ff11
F175D391,dirt,64x64 ff12
F1B6CDC5,effect,64x64 ff2
F1BEA72E,grass,32x32 ff11
F1E28F3D,unknown,128x32 ff11
F2115DFA,asphalt,64x16 ff11
F23C6FE5,effect,64x64 ff11
F25C1519,sign,32x128 ff11
F2B6CDC5,effect,64x64 ff2
F2C67332,wood,64x32 ff11
F2FF924E,sign,32x16 ff11
F30C7D15,metal,32x128 ff11
F32A9E4A,rock,32x32 ff11
F345E37D,sign,64x32 ff11
F3A5BBB8,sky,32x32 ff11
F3B6CDC5,effect,64x64 ff2
F3E53F98,building,32x64 ff11
F40DDCF5,concrete,16x64 ff11
F4149BFF,effect,64x64 ff12
F43BB832,sand,32x32 ff11
F44A0C03,effect,64x64 ff12
F4A4D298,lamp,64x64 ff12
F4AD694E,lamp,64x64 ff12
F4B6CDC5,effect,64x64 ff2
F4C53723,snow,32x32 ff11
F4D06333,rock,32x32 ff11
F4D104AA,ice,64x64 ff12
F4D2C88E,effect,32x32 ff4
F4E99E69,lamp,64x64 ff11
F4F87374,dirt,32x32 ff11
F508E908,rock,32x32 ff11
F526A8A5,unknown,4x1 ff11
F567A429,foliage,64x64 ff11
F5925C9D,snow,64x16 ff11
F5A62AA9,tunnel,128x128 ff11
F5B6CDC5,effect,64x64 ff2
F5DBC2EB,snow,32x32 ff11
F5EC3305,unknown,32x32 ff11
F608996C,rock,32x32 ff11
F60EC598,rock,32x32 ff11
F639DE17,effect,32x64 ff11
F68024A7,effect,32x32 ff4
F686EE79,wood,4x1 ff11
F6A43500,snow,32x32 ff11
F6B664DD,rock,32x32 ff11
F6B6CDC5,effect,64x64 ff2
F6C74389,asphalt,128x32 ff11
F6DBD769,building,64x128 ff11
F6E1ACDC,effect,32x32 ff4
F6F584E5,foliage,64x32 ff11
F7091741,water,64x64 ff11
F740A6D4,snow,32x32 ff11
F7569573,dirt,64x64 ff12
F756C0BB,water,64x64 ff12
F76436F2,rock,32x32 ff11
F76FDC0D,rock,32x32 ff11
F78CE337,effect,64x64 ff12
F7B6CDC5,effect,64x64 ff2
F7D065D8,foliage,16x64 ff11
F7D0A0CB,rock,32x32 ff11
F81FB751,metal,16x128 ff11
F835A8E5,concrete,16x64 ff11
F8694B55,snow,128x32 ff11
F883FEFD,dirt,32x32 ff11
F891B6AD,sand,32x32 ff11
F89AA7D9,wood,64x64 ff11
F8B6CDC5,effect,64x64 ff2
F8B79D39,snow,128x32 ff11
F8D6525A,effect,64x64 ff4
F8F51B21,foliage,64x32 ff11
F9051C54,snow,32x32 ff11
F9099EE5,foliage,64x64 ff11
F90A9225,building,32x32 ff11
F9108E15,sky,64x64 ff11
F919AA08,sand,32x64 ff12
F91D8B65,sky,64x64 ff11
F93E5341,sky,64x64 ff11
F95FFCDB,rock,32x32 ff11
F9848D9A,dirt,64x64 ff12
F9990697,building,32x32 ff11
F9B6CDC5,effect,64x64 ff2
F9C219ED,unknown,16x128 ff11
F9E9B4D8,sand,32x32 ff11
F9EA096D,rock,32x32 ff11
FA20F61C,metal,32x32 ff11
FA3794DF,lamp,16x128 ff11
FA554967,effect,64x64 ff12
FA63AA02,effect,128x32 ff12
FA6655E4,lamp,32x32 ff11
FA7C3725,building,32x64 ff11
FA8C93B3,rock,32x32 ff11
FA959CC5,effect,16x16 ff11
FAB6CDC5,effect,64x64 ff2
FB251241,lamp,64x64 ff11
FB271208,rock,32x32 ff11
FB3240EA,grass,32x32 ff11
FB35EC3A,sky,64x16 ff11
FB647249,sand,32x32 ff11
FB900821,effect,64x64 ff12
FBB6CDC5,effect,64x64 ff2
FBDB8A7D,sign,64x64 ff11
FBF21FCD,ice,64x64 ff11
FBFE5888,effect,16x64 ff11
FC25F38A,snow,32x32 ff11
FC679F2D,sky,64x64 ff11
FC6BDE97,dirt,64x16 ff11
FCA290DA,snow,32x32 ff11
FCB6CDC5,effect,64x64 ff2
FCCEE782,effect,64x64 ff12
FCD5A486,dirt,32x32 ff11
FCD90B61,rock,32x32 ff11
FCE901A5,concrete,64x64 ff11
FD109699,snow,32x32 ff11
FD5B4D7F,sign,16x128 ff11
FD5D41E8,water,64x64 ff12
FD69A435,effect,128x32 ff12
FD781565,metal,8x64 ff11
FD7B17E0,rock,32x32 ff11
FD888D8D,rock,32x32 ff11
FDA16DC8,dirt,32x32 ff11
FDA2F8E8,metal,8x64 ff11
FDB5D14D,snow,32x32 ff11
FDB6CDC5,effect,64x64 ff2
FDB86F93,lamp,64x64 ff12
FDC92CF7,ice,64x64 ff12
FDCF8BE5,sign,32x32 ff11
FDD4C816,sign,32x32 ff11
FDEC3E7E,rock,32x32 ff11
FE020C97,tunnel,64x64 ff11
FE028B5C,rock,32x32 ff11
FE05E3CE,rock,32x32 ff11
FE351EEE,sign,32x128 ff12
FE36ED23,water,64x64 ff12
FE3A3933,effect,64x64 ff12
FE434C9B,sign,128x64 ff11
FE4CE3E9,effect,64x16 ff11
FE8204C3,effect,64x64 ff12
FE8A658D,rock,32x32 ff11
FE965CFD,sky,64x64 ff11
FEA9B5D5,foliage,64x64 ff11
FEB6CDC5,effect,64x64 ff2
FEC12232,snow,32x32 ff11
FED658F3,grass,32x32 ff11
FED8E75C,rock,32x32 ff11
FEDB8E73,water,64x64 ff12
FEE4DE23,rock,32x32 ff11
FF056672,effect,64x64 ff4
FF59FAC5,wood,32x128 ff11
FF7C4851,grass,32x32 ff11
FFB6CDC5,effect,64x64 ff2
FFD56F72,effect,64x64 ff12
FFF6844D,building,32x64 ff11
