DPLAYX.dll,#4,0x118F0430
glide2x.dll,_grTexMinAddress@4,0x118F068C
glide2x.dll,_grSstQueryHardware@4,0x118F0690
glide2x.dll,_grGlideInit@0,0x118F0694
glide2x.dll,_grLfbWriteRegion@32,0x118F0698
glide2x.dll,_grTexCalcMemRequired@16,0x118F069C
glide2x.dll,_grTexSource@16,0x118F06A0
glide2x.dll,_grTexClampMode@12,0x118F06A4
glide2x.dll,_grTexLodBiasValue@8,0x118F06A8
glide2x.dll,_grTexMipMapMode@12,0x118F06AC
glide2x.dll,_grTexDownloadMipMap@16,0x118F06B0
glide2x.dll,_grTexTextureMemRequired@8,0x118F06B4
glide2x.dll,_grTexMaxAddress@4,0x118F06B8
glide2x.dll,_grDepthMask@4,0x118F06BC
glide2x.dll,_guFogGenerateLinear@12,0x118F06C0
glide2x.dll,_grFogTable@4,0x118F06C4
glide2x.dll,_grFogMode@4,0x118F06C8
glide2x.dll,_grDrawPolygonVertexList@8,0x118F06CC
glide2x.dll,_grFogColorValue@4,0x118F06D0
glide2x.dll,_grAlphaBlendFunction@16,0x118F06D4
glide2x.dll,_grDrawTriangle@12,0x118F06D8
glide2x.dll,_grSstWinClose@0,0x118F06DC
glide2x.dll,_grAlphaTestFunction@4,0x118F06E0
glide2x.dll,_grSstSelect@4,0x118F06E4
glide2x.dll,_grClipWindow@16,0x118F06E8
glide2x.dll,_grDepthBufferMode@4,0x118F06EC
glide2x.dll,_grDepthBufferFunction@4,0x118F06F0
glide2x.dll,_grConstantColorValue@4,0x118F06F4
glide2x.dll,_grBufferClear@12,0x118F06F8
glide2x.dll,_grCullMode@4,0x118F06FC
glide2x.dll,_grAlphaCombine@20,0x118F0700
glide2x.dll,_grTexCombine@28,0x118F0704
glide2x.dll,_grAlphaTestReferenceValue@4,0x118F0708
glide2x.dll,_grTexFilterMode@12,0x118F070C
glide2x.dll,_grColorCombine@20,0x118F0710
glide2x.dll,_grBufferNumPending@0,0x118F0714
glide2x.dll,_grSstWinOpen@28,0x118F0718
glide2x.dll,_grGlideShutdown@0,0x118F071C
glide2x.dll,_grBufferSwap@4,0x118F0720
KERNEL32.dll,DisableThreadLibraryCalls,0x118F0448
KERNEL32.dll,WaitForSingleObject,0x118F044C
KERNEL32.dll,GlobalUnlock,0x118F0450
KERNEL32.dll,GlobalHandle,0x118F0454
KERNEL32.dll,WaitForMultipleObjects,0x118F0458
KERNEL32.dll,CreateMutexA,0x118F045C
KERNEL32.dll,DeleteCriticalSection,0x118F0460
KERNEL32.dll,QueryPerformanceCounter,0x118F0464
KERNEL32.dll,QueryPerformanceFrequency,0x118F0468
KERNEL32.dll,GetDriveTypeA,0x118F046C
KERNEL32.dll,GetVolumeInformationA,0x118F0470
KERNEL32.dll,lstrcpyA,0x118F0474
KERNEL32.dll,GetVersionExA,0x118F0478
KERNEL32.dll,FreeLibrary,0x118F047C
KERNEL32.dll,LoadLibraryA,0x118F0480
KERNEL32.dll,GetProcAddress,0x118F0484
KERNEL32.dll,InitializeCriticalSection,0x118F0488
KERNEL32.dll,CreateEventA,0x118F048C
KERNEL32.dll,CreateThread,0x118F0490
KERNEL32.dll,CloseHandle,0x118F0494
KERNEL32.dll,SetEvent,0x118F0498
KERNEL32.dll,EnterCriticalSection,0x118F049C
KERNEL32.dll,LeaveCriticalSection,0x118F04A0
KERNEL32.dll,ExitThread,0x118F04A4
KERNEL32.dll,lstrlenA,0x118F04A8
KERNEL32.dll,GlobalAlloc,0x118F04AC
KERNEL32.dll,GlobalLock,0x118F04B0
KERNEL32.dll,GetModuleHandleA,0x118F04B4
KERNEL32.dll,OutputDebugStringA,0x118F04B8
KERNEL32.dll,ReleaseMutex,0x118F04BC
KERNEL32.dll,GlobalFree,0x118F04C0
KERNEL32.dll,Sleep,0x118F04C4
KERNEL32.dll,GlobalMemoryStatus,0x118F04C8
USER32.dll,GetForegroundWindow,0x118F05C0
USER32.dll,GetDesktopWindow,0x118F05C4
USER32.dll,IsWindow,0x118F05C8
USER32.dll,FindWindowA,0x118F05CC
USER32.dll,GetAsyncKeyState,0x118F05D0
USER32.dll,RegisterWindowMessageA,0x118F05D4
USER32.dll,IsIconic,0x118F05D8
USER32.dll,GetWindowThreadProcessId,0x118F05DC
USER32.dll,BringWindowToTop,0x118F05E0
USER32.dll,SetForegroundWindow,0x118F05E4
USER32.dll,PostMessageA,0x118F05E8
USER32.dll,LoadImageA,0x118F05EC
USER32.dll,LoadStringA,0x118F05F0
USER32.dll,MessageBoxA,0x118F05F4
USER32.dll,GetActiveWindow,0x118F05F8
USER32.dll,KillTimer,0x118F05FC
USER32.dll,PeekMessageA,0x118F0600
USER32.dll,UpdateWindow,0x118F0604
USER32.dll,SetFocus,0x118F0608
USER32.dll,DispatchMessageA,0x118F060C
USER32.dll,GetMessageA,0x118F0610
USER32.dll,TranslateMessage,0x118F0614
USER32.dll,LoadCursorA,0x118F0618
USER32.dll,WaitMessage,0x118F061C
USER32.dll,LoadIconA,0x118F0620
USER32.dll,PostQuitMessage,0x118F0624
USER32.dll,RegisterClassA,0x118F0628
USER32.dll,CreateWindowExA,0x118F062C
USER32.dll,InvalidateRect,0x118F0630
USER32.dll,SetCursor,0x118F0634
USER32.dll,GetWindowLongA,0x118F0638
USER32.dll,GetLastActivePopup,0x118F063C
USER32.dll,DefWindowProcA,0x118F0640
USER32.dll,ShowWindow,0x118F0644
USER32.dll,wsprintfA,0x118F0648
USER32.dll,SetTimer,0x118F064C
GDI32.dll,GetStockObject,0x118F0438
GDI32.dll,GetObjectA,0x118F043C
GDI32.dll,DeleteObject,0x118F0440
ADVAPI32.dll,GetUserNameA,0x118F0414
ADVAPI32.dll,RegQueryValueExA,0x118F0418
ADVAPI32.dll,RegOpenKeyExA,0x118F041C
ADVAPI32.dll,RegCloseKey,0x118F0420
ole32.dll,CoUninitialize,0x118F0728
ole32.dll,CoInitialize,0x118F072C
ole32.dll,CoCreateInstance,0x118F0730
DINPUT.dll,DirectInputCreateA,0x118F0428
MSACM32.dll,acmMetrics,0x118F04D0
WINMM.dll,mmioDescend,0x118F0654
WINMM.dll,mmioGetInfo,0x118F0658
WINMM.dll,mmioAdvance,0x118F065C
WINMM.dll,mmioSetInfo,0x118F0660
WINMM.dll,mmioSeek,0x118F0664
WINMM.dll,mmioOpenA,0x118F0668
WINMM.dll,mmioRead,0x118F066C
WINMM.dll,mmioAscend,0x118F0670
WINMM.dll,mmioClose,0x118F0674
WINMM.dll,timeEndPeriod,0x118F0678
WINMM.dll,timeBeginPeriod,0x118F067C
WINMM.dll,timeGetTime,0x118F0680
WINMM.dll,mciSendCommandA,0x118F0684
MSVCRT.dll,__dllonexit,0x118F04D8
MSVCRT.dll,_finite,0x118F04DC
MSVCRT.dll,_findfirst,0x118F04E0
MSVCRT.dll,??2@YAPAXI@Z,0x118F04E4
MSVCRT.dll,strerror,0x118F04E8
MSVCRT.dll,_errno,0x118F04EC
MSVCRT.dll,vsprintf,0x118F04F0
MSVCRT.dll,qsort,0x118F04F4
MSVCRT.dll,sscanf,0x118F04F8
MSVCRT.dll,memmove,0x118F04FC
MSVCRT.dll,_findclose,0x118F0500
MSVCRT.dll,asin,0x118F0504
MSVCRT.dll,printf,0x118F0508
MSVCRT.dll,_CIasin,0x118F050C
MSVCRT.dll,memcpy,0x118F0510
MSVCRT.dll,strrchr,0x118F0514
MSVCRT.dll,_chdir,0x118F0518
MSVCRT.dll,_chdrive,0x118F051C
MSVCRT.dll,_strupr,0x118F0520
MSVCRT.dll,_getcwd,0x118F0524
MSVCRT.dll,_getdrive,0x118F0528
MSVCRT.dll,strncpy,0x118F052C
MSVCRT.dll,_findnext,0x118F0530
MSVCRT.dll,fseek,0x118F0534
MSVCRT.dll,_CIpow,0x118F0538
MSVCRT.dll,_onexit,0x118F053C
MSVCRT.dll,_except_handler3,0x118F0540
MSVCRT.dll,?terminate@@YAXXZ,0x118F0544
MSVCRT.dll,_initterm,0x118F0548
MSVCRT.dll,_adjust_fdiv,0x118F054C
MSVCRT.dll,_itoa,0x118F0550
MSVCRT.dll,_stricmp,0x118F0554
MSVCRT.dll,ftell,0x118F0558
MSVCRT.dll,srand,0x118F055C
MSVCRT.dll,_ftol,0x118F0560
MSVCRT.dll,rand,0x118F0564
MSVCRT.dll,malloc,0x118F0568
MSVCRT.dll,free,0x118F056C
MSVCRT.dll,sprintf,0x118F0570
MSVCRT.dll,fclose,0x118F0574
MSVCRT.dll,fprintf,0x118F0578
MSVCRT.dll,exit,0x118F057C
MSVCRT.dll,getc,0x118F0580
MSVCRT.dll,fread,0x118F0584
MSVCRT.dll,fopen,0x118F0588
MSVCRT.dll,ungetc,0x118F058C
MSVCRT.dll,realloc,0x118F0590
MSVCRT.dll,__p__iob,0x118F0594
MSVCRT.dll,fwrite,0x118F0598
MSVCRT.dll,floor,0x118F059C
MSVCRT.dll,strchr,0x118F05A0
MSVCRT.dll,__CxxFrameHandler,0x118F05A4
MSVCRT.dll,atoi,0x118F05A8
MSVCRT.dll,strncmp,0x118F05AC
MSVCRT.dll,strstr,0x118F05B0
MSVCRT.dll,??3@YAXPAX@Z,0x118F05B4
MSVCRT.dll,toupper,0x118F05B8
