va,size,class,reason
0x1001DD70,5,jump_stub,single jmp; incremental-link / tail stub; reproduced at link
0x10059F00,5,jump_stub,single jmp; incremental-link / tail stub; reproduced at link
0x1006A320,5,jump_stub,single jmp; incremental-link / tail stub; reproduced at link
0x10072960,6,import_thunk,linker jmp[IAT] import stub; reproduced at link
0x10072966,6,import_thunk,linker jmp[IAT] import stub; reproduced at link
0x10072972,6,import_thunk,linker jmp[IAT] import stub; reproduced at link
0x10072978,6,import_thunk,linker jmp[IAT] import stub; reproduced at link
0x1007297E,6,import_thunk,linker jmp[IAT] import stub; reproduced at link
0x10072984,6,import_thunk,linker jmp[IAT] import stub; reproduced at link
0x1007298A,6,import_thunk,linker jmp[IAT] import stub; reproduced at link
0x10072990,6,import_thunk,linker jmp[IAT] import stub; reproduced at link
0x1007299C,6,import_thunk,linker jmp[IAT] import stub; reproduced at link
0x100729A2,6,import_thunk,linker jmp[IAT] import stub; reproduced at link
0x100729A8,6,import_thunk,linker jmp[IAT] import stub; reproduced at link
0x100729AE,6,import_thunk,linker jmp[IAT] import stub; reproduced at link
0x100729B4,6,import_thunk,linker jmp[IAT] import stub; reproduced at link
0x100729BA,6,import_thunk,linker jmp[IAT] import stub; reproduced at link
0x100729C0,6,import_thunk,linker jmp[IAT] import stub; reproduced at link
0x100729C6,6,import_thunk,linker jmp[IAT] import stub; reproduced at link
0x100729CC,6,import_thunk,linker jmp[IAT] import stub; reproduced at link
0x100729D8,6,import_thunk,linker jmp[IAT] import stub; reproduced at link
0x100729DE,6,import_thunk,linker jmp[IAT] import stub; reproduced at link
0x100729E4,6,import_thunk,linker jmp[IAT] import stub; reproduced at link
0x100729F0,6,import_thunk,linker jmp[IAT] import stub; reproduced at link
0x10072A02,6,import_thunk,linker jmp[IAT] import stub; reproduced at link
0x10072A08,6,import_thunk,linker jmp[IAT] import stub; reproduced at link
0x10072A0E,6,import_thunk,linker jmp[IAT] import stub; reproduced at link
0x10072A14,6,import_thunk,linker jmp[IAT] import stub; reproduced at link
0x10072A1A,6,import_thunk,linker jmp[IAT] import stub; reproduced at link
0x10072A20,6,import_thunk,linker jmp[IAT] import stub; reproduced at link
0x10072A26,6,import_thunk,linker jmp[IAT] import stub; reproduced at link
0x10072A2C,6,import_thunk,linker jmp[IAT] import stub; reproduced at link
0x10072A32,6,import_thunk,linker jmp[IAT] import stub; reproduced at link
0x10072A38,6,import_thunk,linker jmp[IAT] import stub; reproduced at link
0x10072A3E,6,import_thunk,linker jmp[IAT] import stub; reproduced at link
0x10072A44,6,import_thunk,linker jmp[IAT] import stub; reproduced at link
0x10073784,3,eh_data,"EH table bytes misparsed as code (retf/iret); data, not code"
0x10073789,3,eh_data,"EH table bytes misparsed as code (retf/iret); data, not code"
0x10073794,1,eh_data,"EH table bytes misparsed as code (retf/iret); data, not code"
0x10073799,1,eh_data,"EH table bytes misparsed as code (retf/iret); data, not code"
0x100737D4,1,eh_data,"EH table bytes misparsed as code (retf/iret); data, not code"
0x100737D9,1,eh_data,"EH table bytes misparsed as code (retf/iret); data, not code"
0x10073AF8,6,import_thunk,linker jmp[IAT] import stub; reproduced at link
0x10074558,6,import_thunk,linker jmp[IAT] import stub; reproduced at link
0x10074566,6,import_thunk,linker jmp[IAT] import stub; reproduced at link
0x1007456C,6,import_thunk,linker jmp[IAT] import stub; reproduced at link
0x10074600,6,import_thunk,linker jmp[IAT] import stub; reproduced at link
0x10074606,6,import_thunk,linker jmp[IAT] import stub; reproduced at link
0x100746B4,6,import_thunk,linker jmp[IAT] import stub; reproduced at link
0x10074AF2,6,import_thunk,linker jmp[IAT] import stub; reproduced at link
0x10074B30,11,eh_funclet,C++ EH catch/cleanup funclet; emitted by parent TU try/catch
0x10074B3B,10,eh_dispatch,C++ EH catch dispatch stub; emitted by parent TU
0x10074B50,11,eh_funclet,C++ EH catch/cleanup funclet; emitted by parent TU try/catch
0x10074B5B,10,eh_dispatch,C++ EH catch dispatch stub; emitted by parent TU
0x10074B7B,10,eh_dispatch,C++ EH catch dispatch stub; emitted by parent TU
0x10074B90,11,eh_funclet,C++ EH catch/cleanup funclet; emitted by parent TU try/catch
0x10074B9B,10,eh_dispatch,C++ EH catch dispatch stub; emitted by parent TU
0x10074BB0,11,eh_funclet,C++ EH catch/cleanup funclet; emitted by parent TU try/catch
0x10074BBB,10,eh_dispatch,C++ EH catch dispatch stub; emitted by parent TU
0x10074BD0,11,eh_funclet,C++ EH catch/cleanup funclet; emitted by parent TU try/catch
0x10074BDB,10,eh_dispatch,C++ EH catch dispatch stub; emitted by parent TU
0x10074BF0,11,eh_funclet,C++ EH catch/cleanup funclet; emitted by parent TU try/catch
0x10074BFB,10,eh_dispatch,C++ EH catch dispatch stub; emitted by parent TU
0x10074C10,11,eh_funclet,C++ EH catch/cleanup funclet; emitted by parent TU try/catch
0x10074C1B,10,eh_dispatch,C++ EH catch dispatch stub; emitted by parent TU
0x10074C30,11,eh_funclet,C++ EH catch/cleanup funclet; emitted by parent TU try/catch
0x10074C3B,10,eh_dispatch,C++ EH catch dispatch stub; emitted by parent TU
0x10074C50,11,eh_funclet,C++ EH catch/cleanup funclet; emitted by parent TU try/catch
0x10074C5B,10,eh_dispatch,C++ EH catch dispatch stub; emitted by parent TU
0x10074C70,11,eh_funclet,C++ EH catch/cleanup funclet; emitted by parent TU try/catch
0x10074C7B,10,eh_dispatch,C++ EH catch dispatch stub; emitted by parent TU
0x10074C90,11,eh_funclet,C++ EH catch/cleanup funclet; emitted by parent TU try/catch
0x10074C9B,10,eh_dispatch,C++ EH catch dispatch stub; emitted by parent TU
0x10074CB0,11,eh_funclet,C++ EH catch/cleanup funclet; emitted by parent TU try/catch
0x10074CBB,10,eh_dispatch,C++ EH catch dispatch stub; emitted by parent TU
0x10074CD0,11,eh_funclet,C++ EH catch/cleanup funclet; emitted by parent TU try/catch
0x10074CDB,10,eh_dispatch,C++ EH catch dispatch stub; emitted by parent TU
0x10074CF0,11,eh_funclet,C++ EH catch/cleanup funclet; emitted by parent TU try/catch
0x10074CFB,10,eh_dispatch,C++ EH catch dispatch stub; emitted by parent TU
0x10074D10,11,eh_funclet,C++ EH catch/cleanup funclet; emitted by parent TU try/catch
0x10074D1B,10,eh_dispatch,C++ EH catch dispatch stub; emitted by parent TU
0x10074D30,11,eh_funclet,C++ EH catch/cleanup funclet; emitted by parent TU try/catch
0x10074D3B,10,eh_dispatch,C++ EH catch dispatch stub; emitted by parent TU
0x10074D50,11,eh_funclet,C++ EH catch/cleanup funclet; emitted by parent TU try/catch
0x10074D5B,10,eh_dispatch,C++ EH catch dispatch stub; emitted by parent TU
0x10074D70,11,eh_funclet,C++ EH catch/cleanup funclet; emitted by parent TU try/catch
0x10074D7B,10,eh_dispatch,C++ EH catch dispatch stub; emitted by parent TU
0x10074D90,11,eh_funclet,C++ EH catch/cleanup funclet; emitted by parent TU try/catch
0x10074D9B,10,eh_dispatch,C++ EH catch dispatch stub; emitted by parent TU
0x10074DB0,11,eh_funclet,C++ EH catch/cleanup funclet; emitted by parent TU try/catch
0x10074DBB,10,eh_dispatch,C++ EH catch dispatch stub; emitted by parent TU
0x10074DD0,11,eh_funclet,C++ EH catch/cleanup funclet; emitted by parent TU try/catch
0x10074DDB,10,eh_dispatch,C++ EH catch dispatch stub; emitted by parent TU
0x10074DF0,11,eh_funclet,C++ EH catch/cleanup funclet; emitted by parent TU try/catch
0x10074DFB,10,eh_dispatch,C++ EH catch dispatch stub; emitted by parent TU
0x10074E10,11,eh_funclet,C++ EH catch/cleanup funclet; emitted by parent TU try/catch
0x10074E1B,10,eh_dispatch,C++ EH catch dispatch stub; emitted by parent TU
0x10074E30,11,eh_funclet,C++ EH catch/cleanup funclet; emitted by parent TU try/catch
0x10074E3B,10,eh_dispatch,C++ EH catch dispatch stub; emitted by parent TU
0x10074E50,11,eh_funclet,C++ EH catch/cleanup funclet; emitted by parent TU try/catch
0x10074E5B,10,eh_dispatch,C++ EH catch dispatch stub; emitted by parent TU
0x10074E70,11,eh_funclet,C++ EH catch/cleanup funclet; emitted by parent TU try/catch
0x10074E7B,10,eh_dispatch,C++ EH catch dispatch stub; emitted by parent TU
0x10074E90,11,eh_funclet,C++ EH catch/cleanup funclet; emitted by parent TU try/catch
0x10074E9B,10,eh_dispatch,C++ EH catch dispatch stub; emitted by parent TU
0x10074EB0,11,eh_funclet,C++ EH catch/cleanup funclet; emitted by parent TU try/catch
0x10074EBB,10,eh_dispatch,C++ EH catch dispatch stub; emitted by parent TU
0x10074ED0,11,eh_funclet,C++ EH catch/cleanup funclet; emitted by parent TU try/catch
0x10074EDB,10,eh_dispatch,C++ EH catch dispatch stub; emitted by parent TU
0x10074EF0,11,eh_funclet,C++ EH catch/cleanup funclet; emitted by parent TU try/catch
0x10074EFB,10,eh_dispatch,C++ EH catch dispatch stub; emitted by parent TU
0x10074F10,11,eh_funclet,C++ EH catch/cleanup funclet; emitted by parent TU try/catch
0x10074F1B,10,eh_dispatch,C++ EH catch dispatch stub; emitted by parent TU
0x10074F30,11,eh_funclet,C++ EH catch/cleanup funclet; emitted by parent TU try/catch
0x10074F3B,10,eh_dispatch,C++ EH catch dispatch stub; emitted by parent TU
0x10074F50,11,eh_funclet,C++ EH catch/cleanup funclet; emitted by parent TU try/catch
0x10074F5B,11,eh_funclet,C++ EH catch/cleanup funclet; emitted by parent TU try/catch
0x10074F66,10,eh_dispatch,C++ EH catch dispatch stub; emitted by parent TU
0x10074F7B,10,eh_dispatch,C++ EH catch dispatch stub; emitted by parent TU
0x10074F90,11,eh_funclet,C++ EH catch/cleanup funclet; emitted by parent TU try/catch
0x10074F9B,10,eh_dispatch,C++ EH catch dispatch stub; emitted by parent TU
0x10074FB0,11,eh_funclet,C++ EH catch/cleanup funclet; emitted by parent TU try/catch
0x10074FBB,11,eh_funclet,C++ EH catch/cleanup funclet; emitted by parent TU try/catch
0x10074FC6,10,eh_dispatch,C++ EH catch dispatch stub; emitted by parent TU
0x10074FD0,11,eh_funclet,C++ EH catch/cleanup funclet; emitted by parent TU try/catch
0x10074FDB,10,eh_dispatch,C++ EH catch dispatch stub; emitted by parent TU
0x10074FF0,11,eh_funclet,C++ EH catch/cleanup funclet; emitted by parent TU try/catch
0x10074FFB,10,eh_dispatch,C++ EH catch dispatch stub; emitted by parent TU
0x10075010,11,eh_funclet,C++ EH catch/cleanup funclet; emitted by parent TU try/catch
0x1007501B,10,eh_dispatch,C++ EH catch dispatch stub; emitted by parent TU
0x1007504B,10,eh_dispatch,C++ EH catch dispatch stub; emitted by parent TU
0x1007507B,10,eh_dispatch,C++ EH catch dispatch stub; emitted by parent TU
0x10075090,11,eh_funclet,C++ EH catch/cleanup funclet; emitted by parent TU try/catch
0x1007509B,11,eh_funclet,C++ EH catch/cleanup funclet; emitted by parent TU try/catch
0x100750A6,10,eh_dispatch,C++ EH catch dispatch stub; emitted by parent TU
0x100750B0,11,eh_funclet,C++ EH catch/cleanup funclet; emitted by parent TU try/catch
0x100750BB,11,eh_funclet,C++ EH catch/cleanup funclet; emitted by parent TU try/catch
0x100750C6,11,eh_funclet,C++ EH catch/cleanup funclet; emitted by parent TU try/catch
0x100750D1,11,eh_funclet,C++ EH catch/cleanup funclet; emitted by parent TU try/catch
0x100750DC,11,eh_funclet,C++ EH catch/cleanup funclet; emitted by parent TU try/catch
0x100750E7,11,eh_funclet,C++ EH catch/cleanup funclet; emitted by parent TU try/catch
0x100750F2,11,eh_funclet,C++ EH catch/cleanup funclet; emitted by parent TU try/catch
0x100750FD,11,eh_funclet,C++ EH catch/cleanup funclet; emitted by parent TU try/catch
0x10075108,11,eh_funclet,C++ EH catch/cleanup funclet; emitted by parent TU try/catch
0x10075113,11,eh_funclet,C++ EH catch/cleanup funclet; emitted by parent TU try/catch
0x1007511E,11,eh_funclet,C++ EH catch/cleanup funclet; emitted by parent TU try/catch
0x10075129,11,eh_funclet,C++ EH catch/cleanup funclet; emitted by parent TU try/catch
0x10075134,11,eh_funclet,C++ EH catch/cleanup funclet; emitted by parent TU try/catch
0x1007513F,11,eh_funclet,C++ EH catch/cleanup funclet; emitted by parent TU try/catch
0x1007514A,11,eh_funclet,C++ EH catch/cleanup funclet; emitted by parent TU try/catch
0x10075155,11,eh_funclet,C++ EH catch/cleanup funclet; emitted by parent TU try/catch
0x10075160,11,eh_funclet,C++ EH catch/cleanup funclet; emitted by parent TU try/catch
0x1007516B,10,eh_dispatch,C++ EH catch dispatch stub; emitted by parent TU
0x10075180,11,eh_funclet,C++ EH catch/cleanup funclet; emitted by parent TU try/catch
0x1007518B,11,eh_funclet,C++ EH catch/cleanup funclet; emitted by parent TU try/catch
0x10075196,11,eh_funclet,C++ EH catch/cleanup funclet; emitted by parent TU try/catch
0x100751A1,11,eh_funclet,C++ EH catch/cleanup funclet; emitted by parent TU try/catch
0x100751AC,11,eh_funclet,C++ EH catch/cleanup funclet; emitted by parent TU try/catch
0x100751B7,10,eh_dispatch,C++ EH catch dispatch stub; emitted by parent TU
0x100751DB,11,eh_funclet,C++ EH catch/cleanup funclet; emitted by parent TU try/catch
0x100751E6,11,eh_funclet,C++ EH catch/cleanup funclet; emitted by parent TU try/catch
0x100751F1,11,eh_funclet,C++ EH catch/cleanup funclet; emitted by parent TU try/catch
0x100751FC,11,eh_funclet,C++ EH catch/cleanup funclet; emitted by parent TU try/catch
0x10075207,10,eh_dispatch,C++ EH catch dispatch stub; emitted by parent TU
0x10075220,11,eh_funclet,C++ EH catch/cleanup funclet; emitted by parent TU try/catch
0x1007522B,11,eh_funclet,C++ EH catch/cleanup funclet; emitted by parent TU try/catch
0x10075236,11,eh_funclet,C++ EH catch/cleanup funclet; emitted by parent TU try/catch
0x10075241,11,eh_funclet,C++ EH catch/cleanup funclet; emitted by parent TU try/catch
0x1007524C,11,eh_funclet,C++ EH catch/cleanup funclet; emitted by parent TU try/catch
0x10075257,10,eh_dispatch,C++ EH catch dispatch stub; emitted by parent TU
0x10075270,11,eh_funclet,C++ EH catch/cleanup funclet; emitted by parent TU try/catch
0x1007527B,11,eh_funclet,C++ EH catch/cleanup funclet; emitted by parent TU try/catch
0x10075286,11,eh_funclet,C++ EH catch/cleanup funclet; emitted by parent TU try/catch
0x10075291,11,eh_funclet,C++ EH catch/cleanup funclet; emitted by parent TU try/catch
0x1007529C,11,eh_funclet,C++ EH catch/cleanup funclet; emitted by parent TU try/catch
0x100752A7,11,eh_funclet,C++ EH catch/cleanup funclet; emitted by parent TU try/catch
0x100752B2,11,eh_funclet,C++ EH catch/cleanup funclet; emitted by parent TU try/catch
0x100752BD,11,eh_funclet,C++ EH catch/cleanup funclet; emitted by parent TU try/catch
0x100752C8,11,eh_funclet,C++ EH catch/cleanup funclet; emitted by parent TU try/catch
0x100752D3,11,eh_funclet,C++ EH catch/cleanup funclet; emitted by parent TU try/catch
0x100752DE,11,eh_funclet,C++ EH catch/cleanup funclet; emitted by parent TU try/catch
0x100752E9,11,eh_funclet,C++ EH catch/cleanup funclet; emitted by parent TU try/catch
0x100752F4,11,eh_funclet,C++ EH catch/cleanup funclet; emitted by parent TU try/catch
0x100752FF,11,eh_funclet,C++ EH catch/cleanup funclet; emitted by parent TU try/catch
0x1007530A,11,eh_funclet,C++ EH catch/cleanup funclet; emitted by parent TU try/catch
0x10075315,11,eh_funclet,C++ EH catch/cleanup funclet; emitted by parent TU try/catch
0x10075320,11,eh_funclet,C++ EH catch/cleanup funclet; emitted by parent TU try/catch
0x1007532B,11,eh_funclet,C++ EH catch/cleanup funclet; emitted by parent TU try/catch
0x10075336,11,eh_funclet,C++ EH catch/cleanup funclet; emitted by parent TU try/catch
0x10075341,11,eh_funclet,C++ EH catch/cleanup funclet; emitted by parent TU try/catch
0x1007534C,11,eh_funclet,C++ EH catch/cleanup funclet; emitted by parent TU try/catch
0x10075357,11,eh_funclet,C++ EH catch/cleanup funclet; emitted by parent TU try/catch
0x10075362,11,eh_funclet,C++ EH catch/cleanup funclet; emitted by parent TU try/catch
0x1007536D,10,eh_dispatch,C++ EH catch dispatch stub; emitted by parent TU
0x10075380,11,eh_funclet,C++ EH catch/cleanup funclet; emitted by parent TU try/catch
0x1007538B,11,eh_funclet,C++ EH catch/cleanup funclet; emitted by parent TU try/catch
0x10075396,11,eh_funclet,C++ EH catch/cleanup funclet; emitted by parent TU try/catch
0x100753A1,11,eh_funclet,C++ EH catch/cleanup funclet; emitted by parent TU try/catch
0x100753AC,11,eh_funclet,C++ EH catch/cleanup funclet; emitted by parent TU try/catch
0x100753B7,11,eh_funclet,C++ EH catch/cleanup funclet; emitted by parent TU try/catch
0x100753C2,11,eh_funclet,C++ EH catch/cleanup funclet; emitted by parent TU try/catch
0x100753CD,11,eh_funclet,C++ EH catch/cleanup funclet; emitted by parent TU try/catch
0x100753D8,11,eh_funclet,C++ EH catch/cleanup funclet; emitted by parent TU try/catch
0x100753E3,11,eh_funclet,C++ EH catch/cleanup funclet; emitted by parent TU try/catch
0x100753EE,11,eh_funclet,C++ EH catch/cleanup funclet; emitted by parent TU try/catch
0x100753F9,11,eh_funclet,C++ EH catch/cleanup funclet; emitted by parent TU try/catch
0x10075404,11,eh_funclet,C++ EH catch/cleanup funclet; emitted by parent TU try/catch
0x1007540F,11,eh_funclet,C++ EH catch/cleanup funclet; emitted by parent TU try/catch
0x1007541A,11,eh_funclet,C++ EH catch/cleanup funclet; emitted by parent TU try/catch
0x10075425,10,eh_dispatch,C++ EH catch dispatch stub; emitted by parent TU
0x10075430,11,eh_funclet,C++ EH catch/cleanup funclet; emitted by parent TU try/catch
0x1007543B,11,eh_funclet,C++ EH catch/cleanup funclet; emitted by parent TU try/catch
0x10075446,11,eh_funclet,C++ EH catch/cleanup funclet; emitted by parent TU try/catch
0x10075451,11,eh_funclet,C++ EH catch/cleanup funclet; emitted by parent TU try/catch
0x1007545C,11,eh_funclet,C++ EH catch/cleanup funclet; emitted by parent TU try/catch
0x10075467,11,eh_funclet,C++ EH catch/cleanup funclet; emitted by parent TU try/catch
0x10075472,11,eh_funclet,C++ EH catch/cleanup funclet; emitted by parent TU try/catch
0x1007547D,11,eh_funclet,C++ EH catch/cleanup funclet; emitted by parent TU try/catch
0x10075488,11,eh_funclet,C++ EH catch/cleanup funclet; emitted by parent TU try/catch
0x10075493,11,eh_funclet,C++ EH catch/cleanup funclet; emitted by parent TU try/catch
0x1007549E,11,eh_funclet,C++ EH catch/cleanup funclet; emitted by parent TU try/catch
0x100754A9,10,eh_dispatch,C++ EH catch dispatch stub; emitted by parent TU
0x100754C0,11,eh_funclet,C++ EH catch/cleanup funclet; emitted by parent TU try/catch
0x100754CB,11,eh_funclet,C++ EH catch/cleanup funclet; emitted by parent TU try/catch
0x100754D6,11,eh_funclet,C++ EH catch/cleanup funclet; emitted by parent TU try/catch
0x100754E1,11,eh_funclet,C++ EH catch/cleanup funclet; emitted by parent TU try/catch
0x100754EC,11,eh_funclet,C++ EH catch/cleanup funclet; emitted by parent TU try/catch
0x100754F7,11,eh_funclet,C++ EH catch/cleanup funclet; emitted by parent TU try/catch
0x10075502,11,eh_funclet,C++ EH catch/cleanup funclet; emitted by parent TU try/catch
0x1007550D,11,eh_funclet,C++ EH catch/cleanup funclet; emitted by parent TU try/catch
0x10075518,11,eh_funclet,C++ EH catch/cleanup funclet; emitted by parent TU try/catch
0x10075523,11,eh_funclet,C++ EH catch/cleanup funclet; emitted by parent TU try/catch
0x1007552E,10,eh_dispatch,C++ EH catch dispatch stub; emitted by parent TU
0x10075540,11,eh_funclet,C++ EH catch/cleanup funclet; emitted by parent TU try/catch
0x1007554B,11,eh_funclet,C++ EH catch/cleanup funclet; emitted by parent TU try/catch
0x10075556,11,eh_funclet,C++ EH catch/cleanup funclet; emitted by parent TU try/catch
0x10075561,11,eh_funclet,C++ EH catch/cleanup funclet; emitted by parent TU try/catch
0x1007556C,11,eh_funclet,C++ EH catch/cleanup funclet; emitted by parent TU try/catch
0x10075577,11,eh_funclet,C++ EH catch/cleanup funclet; emitted by parent TU try/catch
0x10075582,11,eh_funclet,C++ EH catch/cleanup funclet; emitted by parent TU try/catch
0x1007558D,11,eh_funclet,C++ EH catch/cleanup funclet; emitted by parent TU try/catch
0x10075598,11,eh_funclet,C++ EH catch/cleanup funclet; emitted by parent TU try/catch
0x100755A3,11,eh_funclet,C++ EH catch/cleanup funclet; emitted by parent TU try/catch
0x100755AE,11,eh_funclet,C++ EH catch/cleanup funclet; emitted by parent TU try/catch
0x100755B9,10,eh_dispatch,C++ EH catch dispatch stub; emitted by parent TU
0x100755D0,11,eh_funclet,C++ EH catch/cleanup funclet; emitted by parent TU try/catch
0x100755DB,11,eh_funclet,C++ EH catch/cleanup funclet; emitted by parent TU try/catch
0x100755E6,11,eh_funclet,C++ EH catch/cleanup funclet; emitted by parent TU try/catch
0x100755F1,11,eh_funclet,C++ EH catch/cleanup funclet; emitted by parent TU try/catch
0x100755FC,11,eh_funclet,C++ EH catch/cleanup funclet; emitted by parent TU try/catch
0x10075607,11,eh_funclet,C++ EH catch/cleanup funclet; emitted by parent TU try/catch
0x10075612,10,eh_dispatch,C++ EH catch dispatch stub; emitted by parent TU
0x10075620,11,eh_funclet,C++ EH catch/cleanup funclet; emitted by parent TU try/catch
0x1007562B,11,eh_funclet,C++ EH catch/cleanup funclet; emitted by parent TU try/catch
0x10075636,11,eh_funclet,C++ EH catch/cleanup funclet; emitted by parent TU try/catch
0x10075641,11,eh_funclet,C++ EH catch/cleanup funclet; emitted by parent TU try/catch
0x1007564C,11,eh_funclet,C++ EH catch/cleanup funclet; emitted by parent TU try/catch
0x10075657,11,eh_funclet,C++ EH catch/cleanup funclet; emitted by parent TU try/catch
0x10075662,11,eh_funclet,C++ EH catch/cleanup funclet; emitted by parent TU try/catch
0x1007566D,11,eh_funclet,C++ EH catch/cleanup funclet; emitted by parent TU try/catch
0x10075678,10,eh_dispatch,C++ EH catch dispatch stub; emitted by parent TU
0x10075690,11,eh_funclet,C++ EH catch/cleanup funclet; emitted by parent TU try/catch
0x1007569B,11,eh_funclet,C++ EH catch/cleanup funclet; emitted by parent TU try/catch
0x100756A6,11,eh_funclet,C++ EH catch/cleanup funclet; emitted by parent TU try/catch
0x100756B1,11,eh_funclet,C++ EH catch/cleanup funclet; emitted by parent TU try/catch
0x100756BC,11,eh_funclet,C++ EH catch/cleanup funclet; emitted by parent TU try/catch
0x100756C7,11,eh_funclet,C++ EH catch/cleanup funclet; emitted by parent TU try/catch
0x100756D2,11,eh_funclet,C++ EH catch/cleanup funclet; emitted by parent TU try/catch
0x100756DD,11,eh_funclet,C++ EH catch/cleanup funclet; emitted by parent TU try/catch
0x100756E8,11,eh_funclet,C++ EH catch/cleanup funclet; emitted by parent TU try/catch
0x100756F3,11,eh_funclet,C++ EH catch/cleanup funclet; emitted by parent TU try/catch
0x100756FE,11,eh_funclet,C++ EH catch/cleanup funclet; emitted by parent TU try/catch
0x10075709,11,eh_funclet,C++ EH catch/cleanup funclet; emitted by parent TU try/catch
0x10075714,11,eh_funclet,C++ EH catch/cleanup funclet; emitted by parent TU try/catch
0x1007571F,10,eh_dispatch,C++ EH catch dispatch stub; emitted by parent TU
0x10075730,11,eh_funclet,C++ EH catch/cleanup funclet; emitted by parent TU try/catch
0x1007573B,11,eh_funclet,C++ EH catch/cleanup funclet; emitted by parent TU try/catch
0x10075746,11,eh_funclet,C++ EH catch/cleanup funclet; emitted by parent TU try/catch
0x10075751,11,eh_funclet,C++ EH catch/cleanup funclet; emitted by parent TU try/catch
0x1007575C,11,eh_funclet,C++ EH catch/cleanup funclet; emitted by parent TU try/catch
0x10075767,11,eh_funclet,C++ EH catch/cleanup funclet; emitted by parent TU try/catch
0x10075772,11,eh_funclet,C++ EH catch/cleanup funclet; emitted by parent TU try/catch
0x1007577D,11,eh_funclet,C++ EH catch/cleanup funclet; emitted by parent TU try/catch
0x10075788,11,eh_funclet,C++ EH catch/cleanup funclet; emitted by parent TU try/catch
0x10075793,11,eh_funclet,C++ EH catch/cleanup funclet; emitted by parent TU try/catch
0x1007579E,11,eh_funclet,C++ EH catch/cleanup funclet; emitted by parent TU try/catch
0x100757A9,11,eh_funclet,C++ EH catch/cleanup funclet; emitted by parent TU try/catch
0x100757B4,11,eh_funclet,C++ EH catch/cleanup funclet; emitted by parent TU try/catch
0x100757BF,11,eh_funclet,C++ EH catch/cleanup funclet; emitted by parent TU try/catch
0x100757CA,11,eh_funclet,C++ EH catch/cleanup funclet; emitted by parent TU try/catch
0x100757D5,11,eh_funclet,C++ EH catch/cleanup funclet; emitted by parent TU try/catch
0x100757E0,11,eh_funclet,C++ EH catch/cleanup funclet; emitted by parent TU try/catch
0x100757EB,10,eh_dispatch,C++ EH catch dispatch stub; emitted by parent TU
0x10075800,11,eh_funclet,C++ EH catch/cleanup funclet; emitted by parent TU try/catch
0x1007580B,11,eh_funclet,C++ EH catch/cleanup funclet; emitted by parent TU try/catch
0x10075816,11,eh_funclet,C++ EH catch/cleanup funclet; emitted by parent TU try/catch
0x10075821,11,eh_funclet,C++ EH catch/cleanup funclet; emitted by parent TU try/catch
0x1007582C,11,eh_funclet,C++ EH catch/cleanup funclet; emitted by parent TU try/catch
0x10075837,11,eh_funclet,C++ EH catch/cleanup funclet; emitted by parent TU try/catch
0x10075842,11,eh_funclet,C++ EH catch/cleanup funclet; emitted by parent TU try/catch
0x1007584D,10,eh_dispatch,C++ EH catch dispatch stub; emitted by parent TU
0x10075860,11,eh_funclet,C++ EH catch/cleanup funclet; emitted by parent TU try/catch
0x1007586B,11,eh_funclet,C++ EH catch/cleanup funclet; emitted by parent TU try/catch
0x10075876,11,eh_funclet,C++ EH catch/cleanup funclet; emitted by parent TU try/catch
0x10075881,11,eh_funclet,C++ EH catch/cleanup funclet; emitted by parent TU try/catch
0x1007588C,11,eh_funclet,C++ EH catch/cleanup funclet; emitted by parent TU try/catch
0x10075897,11,eh_funclet,C++ EH catch/cleanup funclet; emitted by parent TU try/catch
0x100758A2,11,eh_funclet,C++ EH catch/cleanup funclet; emitted by parent TU try/catch
0x100758AD,11,eh_funclet,C++ EH catch/cleanup funclet; emitted by parent TU try/catch
0x100758B8,11,eh_funclet,C++ EH catch/cleanup funclet; emitted by parent TU try/catch
0x100758C3,11,eh_funclet,C++ EH catch/cleanup funclet; emitted by parent TU try/catch
0x100758CE,11,eh_funclet,C++ EH catch/cleanup funclet; emitted by parent TU try/catch
0x100758D9,11,eh_funclet,C++ EH catch/cleanup funclet; emitted by parent TU try/catch
0x100758E4,11,eh_funclet,C++ EH catch/cleanup funclet; emitted by parent TU try/catch
0x100758EF,11,eh_funclet,C++ EH catch/cleanup funclet; emitted by parent TU try/catch
0x100758FA,10,eh_dispatch,C++ EH catch dispatch stub; emitted by parent TU
0x10075910,11,eh_funclet,C++ EH catch/cleanup funclet; emitted by parent TU try/catch
0x1007591B,11,eh_funclet,C++ EH catch/cleanup funclet; emitted by parent TU try/catch
0x10075926,11,eh_funclet,C++ EH catch/cleanup funclet; emitted by parent TU try/catch
0x10075931,11,eh_funclet,C++ EH catch/cleanup funclet; emitted by parent TU try/catch
0x1007593C,11,eh_funclet,C++ EH catch/cleanup funclet; emitted by parent TU try/catch
0x10075947,11,eh_funclet,C++ EH catch/cleanup funclet; emitted by parent TU try/catch
0x10075952,11,eh_funclet,C++ EH catch/cleanup funclet; emitted by parent TU try/catch
0x1007595D,11,eh_funclet,C++ EH catch/cleanup funclet; emitted by parent TU try/catch
0x10075968,11,eh_funclet,C++ EH catch/cleanup funclet; emitted by parent TU try/catch
0x10075973,11,eh_funclet,C++ EH catch/cleanup funclet; emitted by parent TU try/catch
0x1007597E,11,eh_funclet,C++ EH catch/cleanup funclet; emitted by parent TU try/catch
0x10075989,11,eh_funclet,C++ EH catch/cleanup funclet; emitted by parent TU try/catch
0x10075994,11,eh_funclet,C++ EH catch/cleanup funclet; emitted by parent TU try/catch
0x1007599F,11,eh_funclet,C++ EH catch/cleanup funclet; emitted by parent TU try/catch
0x100759AA,11,eh_funclet,C++ EH catch/cleanup funclet; emitted by parent TU try/catch
0x100759B5,10,eh_dispatch,C++ EH catch dispatch stub; emitted by parent TU
0x100759C0,11,eh_funclet,C++ EH catch/cleanup funclet; emitted by parent TU try/catch
0x100759CB,11,eh_funclet,C++ EH catch/cleanup funclet; emitted by parent TU try/catch
0x100759D6,11,eh_funclet,C++ EH catch/cleanup funclet; emitted by parent TU try/catch
0x100759E1,11,eh_funclet,C++ EH catch/cleanup funclet; emitted by parent TU try/catch
0x100759EC,11,eh_funclet,C++ EH catch/cleanup funclet; emitted by parent TU try/catch
0x100759F7,11,eh_funclet,C++ EH catch/cleanup funclet; emitted by parent TU try/catch
0x10075A02,11,eh_funclet,C++ EH catch/cleanup funclet; emitted by parent TU try/catch
0x10075A0D,11,eh_funclet,C++ EH catch/cleanup funclet; emitted by parent TU try/catch
0x10075A18,11,eh_funclet,C++ EH catch/cleanup funclet; emitted by parent TU try/catch
0x10075A23,11,eh_funclet,C++ EH catch/cleanup funclet; emitted by parent TU try/catch
0x10075A2E,11,eh_funclet,C++ EH catch/cleanup funclet; emitted by parent TU try/catch
0x10075A39,11,eh_funclet,C++ EH catch/cleanup funclet; emitted by parent TU try/catch
0x10075A44,11,eh_funclet,C++ EH catch/cleanup funclet; emitted by parent TU try/catch
0x10075A4F,11,eh_funclet,C++ EH catch/cleanup funclet; emitted by parent TU try/catch
0x10075A5A,11,eh_funclet,C++ EH catch/cleanup funclet; emitted by parent TU try/catch
0x10075A65,11,eh_funclet,C++ EH catch/cleanup funclet; emitted by parent TU try/catch
0x10075A70,11,eh_funclet,C++ EH catch/cleanup funclet; emitted by parent TU try/catch
0x10075A7B,11,eh_funclet,C++ EH catch/cleanup funclet; emitted by parent TU try/catch
0x10075A86,11,eh_funclet,C++ EH catch/cleanup funclet; emitted by parent TU try/catch
0x10075A91,11,eh_funclet,C++ EH catch/cleanup funclet; emitted by parent TU try/catch
0x10075A9C,11,eh_funclet,C++ EH catch/cleanup funclet; emitted by parent TU try/catch
0x10075AA7,11,eh_funclet,C++ EH catch/cleanup funclet; emitted by parent TU try/catch
0x10075AB2,11,eh_funclet,C++ EH catch/cleanup funclet; emitted by parent TU try/catch
0x10075ABD,11,eh_funclet,C++ EH catch/cleanup funclet; emitted by parent TU try/catch
0x10075AC8,10,eh_dispatch,C++ EH catch dispatch stub; emitted by parent TU
0x10075AE0,11,eh_funclet,C++ EH catch/cleanup funclet; emitted by parent TU try/catch
0x10075AEB,11,eh_funclet,C++ EH catch/cleanup funclet; emitted by parent TU try/catch
0x10075AF6,11,eh_funclet,C++ EH catch/cleanup funclet; emitted by parent TU try/catch
0x10075B01,11,eh_funclet,C++ EH catch/cleanup funclet; emitted by parent TU try/catch
0x10075B0C,11,eh_funclet,C++ EH catch/cleanup funclet; emitted by parent TU try/catch
0x10075B17,11,eh_funclet,C++ EH catch/cleanup funclet; emitted by parent TU try/catch
0x10075B22,11,eh_funclet,C++ EH catch/cleanup funclet; emitted by parent TU try/catch
0x10075B2D,10,eh_dispatch,C++ EH catch dispatch stub; emitted by parent TU
0x10075B40,11,eh_funclet,C++ EH catch/cleanup funclet; emitted by parent TU try/catch
0x10075B4B,11,eh_funclet,C++ EH catch/cleanup funclet; emitted by parent TU try/catch
0x10075B56,11,eh_funclet,C++ EH catch/cleanup funclet; emitted by parent TU try/catch
0x10075B61,11,eh_funclet,C++ EH catch/cleanup funclet; emitted by parent TU try/catch
0x10075B6C,10,eh_dispatch,C++ EH catch dispatch stub; emitted by parent TU
0x10075B80,11,eh_funclet,C++ EH catch/cleanup funclet; emitted by parent TU try/catch
0x10075B8B,11,eh_funclet,C++ EH catch/cleanup funclet; emitted by parent TU try/catch
0x10075B96,11,eh_funclet,C++ EH catch/cleanup funclet; emitted by parent TU try/catch
0x10075BA1,11,eh_funclet,C++ EH catch/cleanup funclet; emitted by parent TU try/catch
0x10075BAC,11,eh_funclet,C++ EH catch/cleanup funclet; emitted by parent TU try/catch
0x10075BB7,11,eh_funclet,C++ EH catch/cleanup funclet; emitted by parent TU try/catch
0x10075BC2,11,eh_funclet,C++ EH catch/cleanup funclet; emitted by parent TU try/catch
0x10075BCD,11,eh_funclet,C++ EH catch/cleanup funclet; emitted by parent TU try/catch
0x10075BD8,11,eh_funclet,C++ EH catch/cleanup funclet; emitted by parent TU try/catch
0x10075BE3,11,eh_funclet,C++ EH catch/cleanup funclet; emitted by parent TU try/catch
0x10075BEE,11,eh_funclet,C++ EH catch/cleanup funclet; emitted by parent TU try/catch
0x10075BF9,11,eh_funclet,C++ EH catch/cleanup funclet; emitted by parent TU try/catch
0x10075C04,11,eh_funclet,C++ EH catch/cleanup funclet; emitted by parent TU try/catch
0x10075C0F,11,eh_funclet,C++ EH catch/cleanup funclet; emitted by parent TU try/catch
0x10075C1A,11,eh_funclet,C++ EH catch/cleanup funclet; emitted by parent TU try/catch
0x10075C25,11,eh_funclet,C++ EH catch/cleanup funclet; emitted by parent TU try/catch
0x10075C30,11,eh_funclet,C++ EH catch/cleanup funclet; emitted by parent TU try/catch
0x10075C3B,11,eh_funclet,C++ EH catch/cleanup funclet; emitted by parent TU try/catch
0x10075C46,11,eh_funclet,C++ EH catch/cleanup funclet; emitted by parent TU try/catch
0x10075C51,11,eh_funclet,C++ EH catch/cleanup funclet; emitted by parent TU try/catch
0x10075C5C,11,eh_funclet,C++ EH catch/cleanup funclet; emitted by parent TU try/catch
0x10075C67,11,eh_funclet,C++ EH catch/cleanup funclet; emitted by parent TU try/catch
0x10075C72,11,eh_funclet,C++ EH catch/cleanup funclet; emitted by parent TU try/catch
0x10075C7D,11,eh_funclet,C++ EH catch/cleanup funclet; emitted by parent TU try/catch
0x10075C88,10,eh_dispatch,C++ EH catch dispatch stub; emitted by parent TU
0x10075CA0,11,eh_funclet,C++ EH catch/cleanup funclet; emitted by parent TU try/catch
0x10075CAB,11,eh_funclet,C++ EH catch/cleanup funclet; emitted by parent TU try/catch
0x10075CB6,11,eh_funclet,C++ EH catch/cleanup funclet; emitted by parent TU try/catch
0x10075CC1,11,eh_funclet,C++ EH catch/cleanup funclet; emitted by parent TU try/catch
0x10075CCC,11,eh_funclet,C++ EH catch/cleanup funclet; emitted by parent TU try/catch
0x10075CD7,11,eh_funclet,C++ EH catch/cleanup funclet; emitted by parent TU try/catch
0x10075CE2,11,eh_funclet,C++ EH catch/cleanup funclet; emitted by parent TU try/catch
0x10075CED,11,eh_funclet,C++ EH catch/cleanup funclet; emitted by parent TU try/catch
0x10075CF8,11,eh_funclet,C++ EH catch/cleanup funclet; emitted by parent TU try/catch
0x10075D03,11,eh_funclet,C++ EH catch/cleanup funclet; emitted by parent TU try/catch
0x10075D0E,11,eh_funclet,C++ EH catch/cleanup funclet; emitted by parent TU try/catch
0x10075D19,11,eh_funclet,C++ EH catch/cleanup funclet; emitted by parent TU try/catch
0x10075D24,11,eh_funclet,C++ EH catch/cleanup funclet; emitted by parent TU try/catch
0x10075D2F,11,eh_funclet,C++ EH catch/cleanup funclet; emitted by parent TU try/catch
0x10075D3A,11,eh_funclet,C++ EH catch/cleanup funclet; emitted by parent TU try/catch
0x10075D45,11,eh_funclet,C++ EH catch/cleanup funclet; emitted by parent TU try/catch
0x10075D50,11,eh_funclet,C++ EH catch/cleanup funclet; emitted by parent TU try/catch
0x10075D5B,11,eh_funclet,C++ EH catch/cleanup funclet; emitted by parent TU try/catch
0x10075D66,11,eh_funclet,C++ EH catch/cleanup funclet; emitted by parent TU try/catch
0x10075D71,11,eh_funclet,C++ EH catch/cleanup funclet; emitted by parent TU try/catch
0x10075D7C,11,eh_funclet,C++ EH catch/cleanup funclet; emitted by parent TU try/catch
0x10075D87,10,eh_dispatch,C++ EH catch dispatch stub; emitted by parent TU
0x10075DA0,11,eh_funclet,C++ EH catch/cleanup funclet; emitted by parent TU try/catch
0x10075DAB,11,eh_funclet,C++ EH catch/cleanup funclet; emitted by parent TU try/catch
0x10075DB6,11,eh_funclet,C++ EH catch/cleanup funclet; emitted by parent TU try/catch
0x10075DC1,11,eh_funclet,C++ EH catch/cleanup funclet; emitted by parent TU try/catch
0x10075DCC,11,eh_funclet,C++ EH catch/cleanup funclet; emitted by parent TU try/catch
0x10075DD7,11,eh_funclet,C++ EH catch/cleanup funclet; emitted by parent TU try/catch
0x10075DE2,11,eh_funclet,C++ EH catch/cleanup funclet; emitted by parent TU try/catch
0x10075DED,11,eh_funclet,C++ EH catch/cleanup funclet; emitted by parent TU try/catch
0x10075DF8,11,eh_funclet,C++ EH catch/cleanup funclet; emitted by parent TU try/catch
0x10075E03,11,eh_funclet,C++ EH catch/cleanup funclet; emitted by parent TU try/catch
0x10075E0E,11,eh_funclet,C++ EH catch/cleanup funclet; emitted by parent TU try/catch
0x10075E19,11,eh_funclet,C++ EH catch/cleanup funclet; emitted by parent TU try/catch
0x10075E24,11,eh_funclet,C++ EH catch/cleanup funclet; emitted by parent TU try/catch
0x10075E2F,11,eh_funclet,C++ EH catch/cleanup funclet; emitted by parent TU try/catch
0x10075E3A,11,eh_funclet,C++ EH catch/cleanup funclet; emitted by parent TU try/catch
0x10075E45,11,eh_funclet,C++ EH catch/cleanup funclet; emitted by parent TU try/catch
0x10075E50,11,eh_funclet,C++ EH catch/cleanup funclet; emitted by parent TU try/catch
0x10075E5B,11,eh_funclet,C++ EH catch/cleanup funclet; emitted by parent TU try/catch
0x10075E66,11,eh_funclet,C++ EH catch/cleanup funclet; emitted by parent TU try/catch
0x10075E71,11,eh_funclet,C++ EH catch/cleanup funclet; emitted by parent TU try/catch
0x10075E7C,11,eh_funclet,C++ EH catch/cleanup funclet; emitted by parent TU try/catch
0x10075E87,10,eh_dispatch,C++ EH catch dispatch stub; emitted by parent TU
0x10075EA0,11,eh_funclet,C++ EH catch/cleanup funclet; emitted by parent TU try/catch
0x10075EAB,11,eh_funclet,C++ EH catch/cleanup funclet; emitted by parent TU try/catch
0x10075EB6,11,eh_funclet,C++ EH catch/cleanup funclet; emitted by parent TU try/catch
0x10075EC1,11,eh_funclet,C++ EH catch/cleanup funclet; emitted by parent TU try/catch
0x10075ECC,11,eh_funclet,C++ EH catch/cleanup funclet; emitted by parent TU try/catch
0x10075ED7,11,eh_funclet,C++ EH catch/cleanup funclet; emitted by parent TU try/catch
0x10075EE2,11,eh_funclet,C++ EH catch/cleanup funclet; emitted by parent TU try/catch
0x10075EED,11,eh_funclet,C++ EH catch/cleanup funclet; emitted by parent TU try/catch
0x10075EF8,11,eh_funclet,C++ EH catch/cleanup funclet; emitted by parent TU try/catch
0x10075F03,11,eh_funclet,C++ EH catch/cleanup funclet; emitted by parent TU try/catch
0x10075F0E,11,eh_funclet,C++ EH catch/cleanup funclet; emitted by parent TU try/catch
0x10075F19,11,eh_funclet,C++ EH catch/cleanup funclet; emitted by parent TU try/catch
0x10075F24,11,eh_funclet,C++ EH catch/cleanup funclet; emitted by parent TU try/catch
0x10075F2F,11,eh_funclet,C++ EH catch/cleanup funclet; emitted by parent TU try/catch
0x10075F3A,11,eh_funclet,C++ EH catch/cleanup funclet; emitted by parent TU try/catch
0x10075F45,11,eh_funclet,C++ EH catch/cleanup funclet; emitted by parent TU try/catch
0x10075F50,11,eh_funclet,C++ EH catch/cleanup funclet; emitted by parent TU try/catch
0x10075F5B,11,eh_funclet,C++ EH catch/cleanup funclet; emitted by parent TU try/catch
0x10075F66,11,eh_funclet,C++ EH catch/cleanup funclet; emitted by parent TU try/catch
0x10075F71,11,eh_funclet,C++ EH catch/cleanup funclet; emitted by parent TU try/catch
0x10075F7C,11,eh_funclet,C++ EH catch/cleanup funclet; emitted by parent TU try/catch
0x10075F87,10,eh_dispatch,C++ EH catch dispatch stub; emitted by parent TU
0x10075FA0,11,eh_funclet,C++ EH catch/cleanup funclet; emitted by parent TU try/catch
0x10075FAB,11,eh_funclet,C++ EH catch/cleanup funclet; emitted by parent TU try/catch
0x10075FB6,11,eh_funclet,C++ EH catch/cleanup funclet; emitted by parent TU try/catch
0x10075FC1,11,eh_funclet,C++ EH catch/cleanup funclet; emitted by parent TU try/catch
0x10075FCC,11,eh_funclet,C++ EH catch/cleanup funclet; emitted by parent TU try/catch
0x10075FD7,11,eh_funclet,C++ EH catch/cleanup funclet; emitted by parent TU try/catch
0x10075FE2,11,eh_funclet,C++ EH catch/cleanup funclet; emitted by parent TU try/catch
0x10075FED,11,eh_funclet,C++ EH catch/cleanup funclet; emitted by parent TU try/catch
0x10075FF8,11,eh_funclet,C++ EH catch/cleanup funclet; emitted by parent TU try/catch
0x10076003,11,eh_funclet,C++ EH catch/cleanup funclet; emitted by parent TU try/catch
0x1007600E,11,eh_funclet,C++ EH catch/cleanup funclet; emitted by parent TU try/catch
0x10076019,11,eh_funclet,C++ EH catch/cleanup funclet; emitted by parent TU try/catch
0x10076024,11,eh_funclet,C++ EH catch/cleanup funclet; emitted by parent TU try/catch
0x1007602F,11,eh_funclet,C++ EH catch/cleanup funclet; emitted by parent TU try/catch
0x1007603A,11,eh_funclet,C++ EH catch/cleanup funclet; emitted by parent TU try/catch
0x10076045,11,eh_funclet,C++ EH catch/cleanup funclet; emitted by parent TU try/catch
0x10076050,11,eh_funclet,C++ EH catch/cleanup funclet; emitted by parent TU try/catch
0x1007605B,11,eh_funclet,C++ EH catch/cleanup funclet; emitted by parent TU try/catch
0x10076066,10,eh_dispatch,C++ EH catch dispatch stub; emitted by parent TU
0x10076070,11,eh_funclet,C++ EH catch/cleanup funclet; emitted by parent TU try/catch
0x1007607B,11,eh_funclet,C++ EH catch/cleanup funclet; emitted by parent TU try/catch
0x10076086,11,eh_funclet,C++ EH catch/cleanup funclet; emitted by parent TU try/catch
0x10076091,11,eh_funclet,C++ EH catch/cleanup funclet; emitted by parent TU try/catch
0x1007609C,11,eh_funclet,C++ EH catch/cleanup funclet; emitted by parent TU try/catch
0x100760A7,11,eh_funclet,C++ EH catch/cleanup funclet; emitted by parent TU try/catch
0x100760B2,11,eh_funclet,C++ EH catch/cleanup funclet; emitted by parent TU try/catch
0x100760BD,11,eh_funclet,C++ EH catch/cleanup funclet; emitted by parent TU try/catch
0x100760C8,11,eh_funclet,C++ EH catch/cleanup funclet; emitted by parent TU try/catch
0x100760D3,10,eh_dispatch,C++ EH catch dispatch stub; emitted by parent TU
0x100760E0,11,eh_funclet,C++ EH catch/cleanup funclet; emitted by parent TU try/catch
0x100760EB,11,eh_funclet,C++ EH catch/cleanup funclet; emitted by parent TU try/catch
0x100760F6,11,eh_funclet,C++ EH catch/cleanup funclet; emitted by parent TU try/catch
0x10076101,11,eh_funclet,C++ EH catch/cleanup funclet; emitted by parent TU try/catch
0x1007610C,11,eh_funclet,C++ EH catch/cleanup funclet; emitted by parent TU try/catch
0x10076117,11,eh_funclet,C++ EH catch/cleanup funclet; emitted by parent TU try/catch
0x10076122,11,eh_funclet,C++ EH catch/cleanup funclet; emitted by parent TU try/catch
0x1007612D,11,eh_funclet,C++ EH catch/cleanup funclet; emitted by parent TU try/catch
0x10076138,11,eh_funclet,C++ EH catch/cleanup funclet; emitted by parent TU try/catch
0x10076143,10,eh_dispatch,C++ EH catch dispatch stub; emitted by parent TU
0x10076150,11,eh_funclet,C++ EH catch/cleanup funclet; emitted by parent TU try/catch
0x1007615B,11,eh_funclet,C++ EH catch/cleanup funclet; emitted by parent TU try/catch
0x10076166,11,eh_funclet,C++ EH catch/cleanup funclet; emitted by parent TU try/catch
0x10076171,11,eh_funclet,C++ EH catch/cleanup funclet; emitted by parent TU try/catch
0x1007617C,11,eh_funclet,C++ EH catch/cleanup funclet; emitted by parent TU try/catch
0x10076187,11,eh_funclet,C++ EH catch/cleanup funclet; emitted by parent TU try/catch
0x10076192,11,eh_funclet,C++ EH catch/cleanup funclet; emitted by parent TU try/catch
0x1007619D,11,eh_funclet,C++ EH catch/cleanup funclet; emitted by parent TU try/catch
0x100761A8,11,eh_funclet,C++ EH catch/cleanup funclet; emitted by parent TU try/catch
0x100761B3,10,eh_dispatch,C++ EH catch dispatch stub; emitted by parent TU
0x100761C0,11,eh_funclet,C++ EH catch/cleanup funclet; emitted by parent TU try/catch
0x100761CB,11,eh_funclet,C++ EH catch/cleanup funclet; emitted by parent TU try/catch
0x100761D6,11,eh_funclet,C++ EH catch/cleanup funclet; emitted by parent TU try/catch
0x100761E1,11,eh_funclet,C++ EH catch/cleanup funclet; emitted by parent TU try/catch
0x100761EC,11,eh_funclet,C++ EH catch/cleanup funclet; emitted by parent TU try/catch
0x100761F7,11,eh_funclet,C++ EH catch/cleanup funclet; emitted by parent TU try/catch
0x10076202,11,eh_funclet,C++ EH catch/cleanup funclet; emitted by parent TU try/catch
0x1007620D,11,eh_funclet,C++ EH catch/cleanup funclet; emitted by parent TU try/catch
0x10076218,11,eh_funclet,C++ EH catch/cleanup funclet; emitted by parent TU try/catch
0x10076223,10,eh_dispatch,C++ EH catch dispatch stub; emitted by parent TU
0x10076230,11,eh_funclet,C++ EH catch/cleanup funclet; emitted by parent TU try/catch
0x1007623B,11,eh_funclet,C++ EH catch/cleanup funclet; emitted by parent TU try/catch
0x10076246,11,eh_funclet,C++ EH catch/cleanup funclet; emitted by parent TU try/catch
0x10076251,11,eh_funclet,C++ EH catch/cleanup funclet; emitted by parent TU try/catch
0x1007625C,11,eh_funclet,C++ EH catch/cleanup funclet; emitted by parent TU try/catch
0x10076267,11,eh_funclet,C++ EH catch/cleanup funclet; emitted by parent TU try/catch
0x10076272,11,eh_funclet,C++ EH catch/cleanup funclet; emitted by parent TU try/catch
0x1007627D,11,eh_funclet,C++ EH catch/cleanup funclet; emitted by parent TU try/catch
0x10076288,11,eh_funclet,C++ EH catch/cleanup funclet; emitted by parent TU try/catch
0x10076293,11,eh_funclet,C++ EH catch/cleanup funclet; emitted by parent TU try/catch
0x1007629E,11,eh_funclet,C++ EH catch/cleanup funclet; emitted by parent TU try/catch
0x100762A9,11,eh_funclet,C++ EH catch/cleanup funclet; emitted by parent TU try/catch
0x100762B4,11,eh_funclet,C++ EH catch/cleanup funclet; emitted by parent TU try/catch
0x100762BF,11,eh_funclet,C++ EH catch/cleanup funclet; emitted by parent TU try/catch
0x100762CA,11,eh_funclet,C++ EH catch/cleanup funclet; emitted by parent TU try/catch
0x100762D5,11,eh_funclet,C++ EH catch/cleanup funclet; emitted by parent TU try/catch
0x100762E0,11,eh_funclet,C++ EH catch/cleanup funclet; emitted by parent TU try/catch
0x100762EB,10,eh_dispatch,C++ EH catch dispatch stub; emitted by parent TU
0x10076300,11,eh_funclet,C++ EH catch/cleanup funclet; emitted by parent TU try/catch
0x1007630B,11,eh_funclet,C++ EH catch/cleanup funclet; emitted by parent TU try/catch
0x10076316,11,eh_funclet,C++ EH catch/cleanup funclet; emitted by parent TU try/catch
0x10076321,11,eh_funclet,C++ EH catch/cleanup funclet; emitted by parent TU try/catch
0x1007632C,11,eh_funclet,C++ EH catch/cleanup funclet; emitted by parent TU try/catch
0x10076337,11,eh_funclet,C++ EH catch/cleanup funclet; emitted by parent TU try/catch
0x10076342,11,eh_funclet,C++ EH catch/cleanup funclet; emitted by parent TU try/catch
0x1007634D,11,eh_funclet,C++ EH catch/cleanup funclet; emitted by parent TU try/catch
0x10076358,11,eh_funclet,C++ EH catch/cleanup funclet; emitted by parent TU try/catch
0x10076363,11,eh_funclet,C++ EH catch/cleanup funclet; emitted by parent TU try/catch
0x1007636E,11,eh_funclet,C++ EH catch/cleanup funclet; emitted by parent TU try/catch
0x10076379,11,eh_funclet,C++ EH catch/cleanup funclet; emitted by parent TU try/catch
0x10076384,11,eh_funclet,C++ EH catch/cleanup funclet; emitted by parent TU try/catch
0x1007638F,11,eh_funclet,C++ EH catch/cleanup funclet; emitted by parent TU try/catch
0x1007639A,11,eh_funclet,C++ EH catch/cleanup funclet; emitted by parent TU try/catch
0x100763A5,11,eh_funclet,C++ EH catch/cleanup funclet; emitted by parent TU try/catch
0x100763B0,11,eh_funclet,C++ EH catch/cleanup funclet; emitted by parent TU try/catch
0x100763BB,11,eh_funclet,C++ EH catch/cleanup funclet; emitted by parent TU try/catch
0x100763C6,11,eh_funclet,C++ EH catch/cleanup funclet; emitted by parent TU try/catch
0x100763D1,11,eh_funclet,C++ EH catch/cleanup funclet; emitted by parent TU try/catch
0x100763DC,11,eh_funclet,C++ EH catch/cleanup funclet; emitted by parent TU try/catch
0x100763E7,11,eh_funclet,C++ EH catch/cleanup funclet; emitted by parent TU try/catch
0x100763F2,11,eh_funclet,C++ EH catch/cleanup funclet; emitted by parent TU try/catch
0x100763FD,11,eh_funclet,C++ EH catch/cleanup funclet; emitted by parent TU try/catch
0x10076408,11,eh_funclet,C++ EH catch/cleanup funclet; emitted by parent TU try/catch
0x10076413,10,eh_dispatch,C++ EH catch dispatch stub; emitted by parent TU
0x1007642B,11,eh_funclet,C++ EH catch/cleanup funclet; emitted by parent TU try/catch
0x10076436,11,eh_funclet,C++ EH catch/cleanup funclet; emitted by parent TU try/catch
0x10076441,11,eh_funclet,C++ EH catch/cleanup funclet; emitted by parent TU try/catch
0x1007644C,11,eh_funclet,C++ EH catch/cleanup funclet; emitted by parent TU try/catch
0x10076457,11,eh_funclet,C++ EH catch/cleanup funclet; emitted by parent TU try/catch
0x10076462,11,eh_funclet,C++ EH catch/cleanup funclet; emitted by parent TU try/catch
0x1007646D,10,eh_dispatch,C++ EH catch dispatch stub; emitted by parent TU
0x10076480,11,eh_funclet,C++ EH catch/cleanup funclet; emitted by parent TU try/catch
0x1007648B,11,eh_funclet,C++ EH catch/cleanup funclet; emitted by parent TU try/catch
0x10076496,11,eh_funclet,C++ EH catch/cleanup funclet; emitted by parent TU try/catch
0x100764A1,11,eh_funclet,C++ EH catch/cleanup funclet; emitted by parent TU try/catch
0x100764AC,11,eh_funclet,C++ EH catch/cleanup funclet; emitted by parent TU try/catch
0x100764B7,11,eh_funclet,C++ EH catch/cleanup funclet; emitted by parent TU try/catch
0x100764C2,11,eh_funclet,C++ EH catch/cleanup funclet; emitted by parent TU try/catch
0x100764CD,11,eh_funclet,C++ EH catch/cleanup funclet; emitted by parent TU try/catch
0x100764D8,11,eh_funclet,C++ EH catch/cleanup funclet; emitted by parent TU try/catch
0x100764E3,11,eh_funclet,C++ EH catch/cleanup funclet; emitted by parent TU try/catch
0x100764EE,11,eh_funclet,C++ EH catch/cleanup funclet; emitted by parent TU try/catch
0x100764F9,11,eh_funclet,C++ EH catch/cleanup funclet; emitted by parent TU try/catch
0x10076504,11,eh_funclet,C++ EH catch/cleanup funclet; emitted by parent TU try/catch
0x1007650F,11,eh_funclet,C++ EH catch/cleanup funclet; emitted by parent TU try/catch
0x1007651A,11,eh_funclet,C++ EH catch/cleanup funclet; emitted by parent TU try/catch
0x10076525,11,eh_funclet,C++ EH catch/cleanup funclet; emitted by parent TU try/catch
0x10076530,11,eh_funclet,C++ EH catch/cleanup funclet; emitted by parent TU try/catch
0x1007653B,11,eh_funclet,C++ EH catch/cleanup funclet; emitted by parent TU try/catch
0x10076546,10,eh_dispatch,C++ EH catch dispatch stub; emitted by parent TU
0x10076550,11,eh_funclet,C++ EH catch/cleanup funclet; emitted by parent TU try/catch
0x1007655B,11,eh_funclet,C++ EH catch/cleanup funclet; emitted by parent TU try/catch
0x10076566,11,eh_funclet,C++ EH catch/cleanup funclet; emitted by parent TU try/catch
0x10076571,11,eh_funclet,C++ EH catch/cleanup funclet; emitted by parent TU try/catch
0x1007657C,11,eh_funclet,C++ EH catch/cleanup funclet; emitted by parent TU try/catch
0x10076587,11,eh_funclet,C++ EH catch/cleanup funclet; emitted by parent TU try/catch
0x10076592,11,eh_funclet,C++ EH catch/cleanup funclet; emitted by parent TU try/catch
0x1007659D,11,eh_funclet,C++ EH catch/cleanup funclet; emitted by parent TU try/catch
0x100765A8,11,eh_funclet,C++ EH catch/cleanup funclet; emitted by parent TU try/catch
0x100765B3,11,eh_funclet,C++ EH catch/cleanup funclet; emitted by parent TU try/catch
0x100765BE,11,eh_funclet,C++ EH catch/cleanup funclet; emitted by parent TU try/catch
0x100765C9,11,eh_funclet,C++ EH catch/cleanup funclet; emitted by parent TU try/catch
0x100765D4,10,eh_dispatch,C++ EH catch dispatch stub; emitted by parent TU
0x100765EB,11,eh_funclet,C++ EH catch/cleanup funclet; emitted by parent TU try/catch
0x100765F6,10,eh_dispatch,C++ EH catch dispatch stub; emitted by parent TU
0x10076600,11,eh_funclet,C++ EH catch/cleanup funclet; emitted by parent TU try/catch
0x1007660B,10,eh_dispatch,C++ EH catch dispatch stub; emitted by parent TU
0x10076620,11,eh_funclet,C++ EH catch/cleanup funclet; emitted by parent TU try/catch
0x1007662B,10,eh_dispatch,C++ EH catch dispatch stub; emitted by parent TU
0x10076640,11,eh_funclet,C++ EH catch/cleanup funclet; emitted by parent TU try/catch
0x1007664B,10,eh_dispatch,C++ EH catch dispatch stub; emitted by parent TU
0x10074610,104,crt_helper,__aulldiv compiler intrinsic; emitted by cl, reproduced at link
0x10074680,52,crt_helper,__allmul compiler intrinsic; emitted by cl, reproduced at link
0x100748B0,170,crt_helper,__alldiv compiler intrinsic; emitted by cl, reproduced at link
0x10074A30,173,crt_helper,_DllMainCRTStartup entry; CRT startup, reproduced at link
0x10074739,23,eh_funclet,no prologue; parent-frame [ebp-0x1c] read + call 0x10074770; catch funclet
0x10074878,20,eh_funclet,no prologue; parent-frame [ebp-0x20] read + call 0x10074770; catch funclet
0x10074750,19,eh_funclet,EH epilogue fragment (fs:[0] unwind + ret 0x10); not a function
0x1007488C,19,eh_funclet,EH epilogue fragment (fs:[0] unwind + ret 0x14); not a function
0x100747BD,29,eh_funclet,EH epilogue fragment (esp restore + fs:[0] unwind); not a function
0x10075030,27,eh_funclet,no prologue; parent-frame [ebp-0x10] read; throw-site funclet
0x10075060,27,eh_funclet,no prologue; parent-frame [ebp-0x10] read; throw-site funclet
0x10074580,47,crt_helper,_chkstk stack probe; emitted by cl for large frames, reproduced at link
0x10074560,6,import_thunk,single jmp dword ptr [0x118f0560]; IAT thunk
0x10074572,6,import_thunk,single jmp dword ptr [0x118f04e4]; IAT thunk
0x100748A0,6,import_thunk,single jmp dword ptr [0x118f0538]; IAT thunk
0x10074AE0,6,import_thunk,single jmp dword ptr [0x118f04d8]; IAT thunk
0x10074AEC,6,import_thunk,single jmp dword ptr [0x118f0544]; IAT thunk
0x100747B0,13,eh_funclet,unwind funclet: reads [ebp-0x14] without establishing ebp; calls 0x100747E0
0x10074F70,11,eh_funclet,unwind funclet: reads [ebp-0x10] without establishing ebp; calls 0x1007456C
0x100751D0,11,eh_funclet,unwind funclet: reads [ebp+4] without establishing ebp; calls 0x1007456C
0x10076420,11,eh_funclet,unwind funclet: reads [ebp+4] without establishing ebp; calls 0x1007456C
0x100765E0,11,eh_funclet,unwind funclet: reads [ebp-0x10] without establishing ebp; calls 0x1007456C
0x10074B70,11,eh_funclet,unwind funclet: lea ecx,[ebp-0x220] then jmp into 0x10008D60
0x10074733,6,eh_funclet,mid-function fragment (odd address); restores edi/esi from the parent frame
0x1007486F,9,eh_funclet,mid-function fragment (odd address); restores ebx/edi/esi from the parent frame
0x1007296C,6,import_thunk,"ff 25 [0x118F06DC] -- jmp through the import table; linker output, reproduced at link"
0x10072996,6,import_thunk,"ff 25 [0x118F06F4] -- jmp through the import table; linker output, reproduced at link"
0x100729D2,6,import_thunk,"ff 25 [0x118F06E8] -- jmp through the import table; linker output, reproduced at link"
0x100729EA,6,import_thunk,"ff 25 [0x118F06D8] -- jmp through the import table; linker output, reproduced at link"
0x100729F6,6,import_thunk,"ff 25 [0x118F06D0] -- jmp through the import table; linker output, reproduced at link"
0x100729FC,6,import_thunk,"ff 25 [0x118F06CC] -- jmp through the import table; linker output, reproduced at link"
0x10073704,3,data_table,"NOT CODE. 0x100736E0..0x10073720+ is a table of 16-byte records, each 'd8 86 07 10 cN 00 00 00 0c cN 00 80 00 00 00 00' with only the two cN bytes changing. The map read two mid-record byte pairs as 'ret 0' and 'ret 0x8000'; a function that pops 32KB of arguments is the tell"
0x10073709,3,data_table,"NOT CODE. Same 16-byte record table as 0x10073704 -- see that row"
