glide_va,name,module,basis,file
0x10001130,BrSurfNew,drawing,filed,src/core/drawing/br_surf.c
0x10001190,BrSurfFree,drawing,filed,src/core/drawing/br_surf.c
0x10001240,BrSurfFromBitmap,drawing,filed,src/core/drawing/br_surf.c
0x10001290,BrBmpLoadSurface,drawing,filed,src/core/drawing/br_bmp.c
0x100013F0,BrUiSprBlitRows,menus,manual,src/core/generated/0x10001320.c
0x10001440,BrUiSprBlitKeyed,menus,manual,src/core/generated/0x10001320.c
0x100014E0,BrGlideLfbWrite,drawing,filed,src/core/drawing/br_surf.c
0x100018F0,FUN_100018f0,drawing,neighbour,src/core/drawing/br_chasecam.c
0x10001BB0,FUN_10001bb0,drawing,neighbour,src/core/drawing/br_chasecam.c
0x10001C90,BrVec3Predict,drawing,filed,src/core/drawing/br_surf.c
0x100023E0,BrCosF,geometry,description,src/core/geometry/br_cos.c
0x10002560,BrSinF,geometry,description,src/core/geometry/br_sin.c
0x10002570,BrSqrtF,geometry,description,src/core/geometry/br_sin.c
0x10002760,BrCdMaybeClose,audio,description,src/core/audio/br_cd.c
0x100027A0,BrGetGlobal_1C788,audio,neighbour-1,src/core/audio/br_cd.c
0x100027B0,BrCdTrackGetEar,audio,description,src/core/audio/br_cd.c
0x100027E0,FUN_100027e0,audio,description,src/core/audio/br_cd.c
0x10002830,FUN_10002830,audio,description,src/core/audio/br_cd.c
0x10002870,FUN_10002870,audio,description,src/core/audio/br_cd.c
0x100028E0,BrDispatch_100025C0,audio,filed,src/core/audio/br_musiccmd.c
0x10002910,BrCdStartup,net,description,src/core/net/br_cd.c
0x10002980,FUN_10002980,audio,description,src/core/audio/br_cd.c
0x10002AF0,BrCdTrackPlay,audio,description,src/core/audio/br_cdplay.c
0x10002B20,BrCdPlayClamped,audio,description,src/core/audio/br_cdplay.c
0x10002BA0,BrCdTrackRequest,audio,description,src/core/audio/br_cd.c
0x10002C00,BrCdTrackRandom,audio,description,src/core/audio/br_cd.c
0x10002C50,BrCdTrackGet,audio,description,src/core/audio/br_cd.c
0x10002C70,BrCdTrackPrev,audio,description,src/core/audio/br_cd.c
0x10002CB0,BrCdTrackNext,audio,description,src/core/audio/br_cd.c
0x10002CF0,BrCdTrackNextWrap,audio,description,src/core/audio/br_cd.c
0x10002D30,BrCdVolumeSet,audio,description,src/core/audio/br_cd.c
0x10002D60,BrCdVolumeScale,audio,description,src/core/audio/br_cd.c
0x10002DC0,BrCdEnableApply,audio,description,src/core/audio/br_cd.c
0x10002E20,BrCdMciPause,audio,description,src/core/audio/br_cd.c
0x10002E80,BrCdTrackResume,audio,description,src/core/audio/br_cd.c
0x10002EB0,BrCdPause,audio,manual,src/core/audio/br_cd.c
0x10002ED0,BrCdPauseMsg,audio,manual,src/core/audio/br_cd.c
0x10002F10,BrCdResume,audio,manual,src/core/audio/br_cd.c
0x10002F30,BrCdResumeMsg,audio,manual,src/core/audio/br_cd.c
0x10002F70,BrCdStop,audio,filed,src/core/audio/br_cd.c
0x10002F90,BrCdStopMsg,audio,filed,src/core/audio/br_cd.c
0x10002FD0,BrCdMciStop,audio,filed,src/core/audio/br_cd.c
0x10003230,BrU16CursorNext,gamedata,description,src/core/gamedata/br_u16cursor.c
0x10003280,BrU16QueuePop,gamedata,description,src/core/gamedata/br_u16cursor.c
0x100032D0,BrChkFileSize,gamedata,description,src/core/gamedata/br_chkfile.c
0x10003320,BrChkFReadOpen,gamedata,description,src/core/gamedata/br_chkfile.c
0x100034C0,BrChkFRead,gamedata,neighbour-1,src/core/generated/0x100034C0.c
0x100035E0,BrChkFClose,startup,neighbour-1,src/core/generated/0x100035E0.c
0x10003680,BrChkFileExists,startup,neighbour-1,src/core/ghidra_batch.c
0x100036F0,BrChkAlloc,startup,neighbour-1,src/core/generated/0x100036F0.c
0x10003760,BrChkRealloc,startup,neighbour-1,src/core/generated/0x10003760.c
0x100037D0,BrTicks30FromMs,startup,description,src/core/startup/br_ticks30.c
0x100038A0,FUN_100038a0,net,description,src/core/net/br_netmsgpost.c
0x10004A40,BrCountedNetSend,net,neighbour-1,src/core/ghidra_batch.c
0x10004C40,BrNetPktStamp,net,manual,src/core/net/br_netpkt.c
0x10004D30,BrPalFetch,drawing,manual,src/core/drawing/br_pal.c
0x10004D80,BrNetSlotGetF02C,net,neighbour-1,src/core/generated/0x10004D80.c
0x10004DC0,BrNetSlotSetF02C,net,description,src/core/net/br_netstate.c
0x10004F20,BrNetLockSet22AAA8,net,description,src/core/net/br_netstate.c
0x10004F50,BrNetLockSetIfZero22AAF4,net,description,src/core/net/br_netstate.c
0x10004F90,BrNetLockSetIfZero221314,net,description,src/core/net/br_netlock.c
0x10005140,BrNetTrySend,net,neighbour-1,src/core/ghidra_batch.c
0x100054A0,FUN_100054a0,net,neighbour-1,src/core/net/br_netstate.c
0x10005760,BrNetSendFlush,net,description,src/core/net/br_netflush.c
0x100057E0,BrEntityCountActive,scene,manual,src/core/scene/br_entity.c
0x10005C40,BrCarClampUnit,net,description,src/core/net/br_car.c
0x10005C70,BrCarClampPosXY,net,description,src/core/net/br_car.c
0x10005CA0,BrCarClampPosZ,net,description,src/core/net/br_car.c
0x10005CD0,BrNetReset,net,description,src/core/net/br_netstate.c
0x10005E80,BrNetMutexInit,net,description,src/core/net/br_netstate.c
0x10006060,BrNetSlotGetF004,startup,neighbour-1,src/core/generated/0x10006060.c
0x100060A0,BrGetGlobal_94294,startup,neighbour-1,src/core/startup/br_stubs.c
0x100060B0,BrNetStackPop,startup,neighbour-1,src/core/generated/0x100060B0.c
0x10006100,BrNetStackPop221288,net,manual,src/core/net/br_netlock.c
0x10006150,BrNetSlotGetF030,startup,neighbour-1,src/core/generated/0x10006150.c
0x100061B0,BrNetGetA102212D0,startup,neighbour-1,src/core/generated/0x100061B0.c
0x100061E0,BrNetSlotName,startup,neighbour-1,src/core/generated/0x100061E0.c
0x10006250,BrNetSlotSetName,startup,neighbour-1,src/core/generated/0x10006250.c
0x100062B0,BrNetSlotGetF02CBiased,startup,neighbour-1,src/core/generated/0x100062B0.c
0x10006300,BrNetSlotGetF974,startup,neighbour-1,src/core/generated/0x10006300.c
0x10006350,BrNetDropMatching,startup,neighbour-1,src/core/generated/0x10006350.c
0x10006400,BrNetSetF10220DD0,startup,neighbour-1,src/core/generated/0x10006400.c
0x10006430,BrNetClearF10220DD0,startup,neighbour-1,src/core/generated/0x10006430.c
0x10006460,FUN_10006460,startup,description,src/core/startup/br_msgoneshot.c
0x100064D0,BrNetCheckDeadline,startup,neighbour-1,src/core/generated/0x100064D0.c
0x10006910,BrFixPackS6Q7Neg,net,description,src/core/net/br_fix.c
0x10006950,BrFixPackS16Q15Neg,net,description,src/core/net/br_fix.c
0x10006990,BrFixPackU8Angle,net,neighbour-1,src/core/net/br_fix.c
0x100069D0,BrFixPackU8Range,net,description,src/core/net/br_fix.c
0x10006A10,BrFixPackLevel,net,description,src/core/net/br_fix.c
0x10006A50,BrFixPackU24Q13,net,description,src/core/net/br_fix.c
0x10006AA0,BrFixPackS24Q1,net,description,src/core/net/br_fix.c
0x10006AE0,BrFixPackS16Q7,net,description,src/core/net/br_fix.c
0x10006B20,BrFixPackS16Q8,net,description,src/core/net/br_fix.c
0x10006B60,BrFixPackS8Q3,net,description,src/core/net/br_fix.c
0x10006F40,BrCarStatePack,net,description,src/core/net/br_carpack.c
0x100075C0,BrFixUnpackS6Q7Neg,net,filed,src/core/net/br_fix.c
0x100075F0,BrFixUnpackS16Q15Neg,net,filed,src/core/net/br_fix.c
0x10007610,BrFixUnpackU8Angle,net,filed,src/core/net/br_fix.c
0x10007630,BrFixUnpackU8Range,net,filed,src/core/net/br_fix.c
0x10007650,BrFixUnpackLevel,net,filed,src/core/net/br_fix.c
0x10007680,BrFixUnpackU32Q13,net,filed,src/core/net/br_fix.c
0x100076B0,BrFixUnpackS24Q1,net,filed,src/core/net/br_fix.c
0x100076F0,BrFixUnpackS16Q7,net,filed,src/core/net/br_fix.c
0x10007710,BrFixUnpackS16Q8,net,filed,src/core/net/br_fix.c
0x10007730,BrFixUnpackS8Q3,net,filed,src/core/net/br_fix.c
0x10007E80,BrAppCheckPreviousApp,startup,filed,src/core/startup/br_appstart.c
0x10007F10,BrMemoryQuery,startup,filed,src/core/startup/br_appstart.c
0x10007F40,FUN_10007f40,startup,neighbour-1,src/core/generated/0x10007F40.c
0x10008760,BrObj87Ctor,gamedata,filed,src/core/gamedata/br_obj87.c
0x100087A0,BrObj87A0DeleteDtor,gamedata,neighbour-1,src/core/gamedata/br_obj87.c
0x100087C0,BrSub100087C0,gamedata,neighbour-1,src/core/tiny_stubs.c
0x10008850,BrKeyCacheFind,gamedata,neighbour-1,src/core/gamedata/br_keycache.c
0x10008B50,BrKeyCacheReset,gamedata,description,src/core/gamedata/br_keycache.c
0x10008BE0,BrPodWriteAdd,gamedata,prefix,src/core/gamedata/br_podwrite.c
0x10008D20,BrPodSetName,gamedata,filed,src/core/gamedata/br_pod.c
0x10008D50,BrPodIdentity,gamedata,filed,src/core/gamedata/br_pod.c
0x10008D60,BrPodNop,gamedata,filed,src/core/gamedata/br_pod.c
0x10008D70,BrPathBasename,gamedata,neighbour-1,src/core/gamedata/br_path.c
0x10008DC0,BrFileCreateChecked,gamedata,description,src/core/gamedata/br_filechecked.c
0x10008E10,BrFileOpenChecked,gamedata,description,src/core/gamedata/br_filechecked.c
0x10008E60,BrFileReadChecked,gamedata,description,src/core/gamedata/br_filechecked.c
0x10008E90,BrFileWriteChecked,gamedata,neighbour-1,src/core/gamedata/br_filechecked.c
0x10008EC0,BrLogFatalPrintf,startup,description,src/core/startup/br_fatal.c
0x10008EF0,BrLogPrint,drawing,description,src/core/drawing/br_log.c
0x10008F90,BrObjSelCycle,drawing,neighbour-1,src/core/drawing/br_obj.c
0x100093D0,BrAppMsgDispatch,startup,prefix,src/core/startup/br_appmsg.c
0x10009530,BrDPlaySysMsgDispatch,net,description,src/core/net/br_dplay.c
0x10009880,BrDPlayPump,net,description,src/core/net/br_dplay.c
0x10009970,BrDPlayThreadProc,net,description,src/core/net/br_dplay.c
0x100099D0,BrComHolderRelease,net,neighbour-1,src/core/generated/0x100099D0.c
0x10009A00,BrDPlayRawSend,net,description,src/core/net/br_dplaysend.c
0x10009A40,BrDPlayShutdown,net,description,src/core/net/br_dplay.c
0x10009BA0,BrDPlayGetCurrentPlayers,net,description,src/core/net/br_dplay.c
0x10009C00,BrDesktopSetup,drawing,neighbour-1,src/core/ghidra_batch.c
0x10009C10,BrCarDrawWheels,drawing,filed,src/core/drawing/br_drawcar.c
0x10009FC0,BrCarVisibilityUpdate,drawing,filed,src/core/drawing/br_drawcar.c
0x1000C9C0,BrNodeChainReset_1000F460,drawing,filed,src/core/drawing/br_textmode.c
0x1000CB80,BrClearTables_1000F620,drawing,filed,src/core/drawing/br_textmode.c
0x1000DEC0,BrPolyDistX,drawing,neighbour,src/core/drawing/br_polydist.c
0x1000DED0,BrGetFieldFloatSubC,drawing,neighbour,src/core/drawing/br_polydist.c
0x1000DEE0,BrGetFieldFloat,drawing,neighbour,src/core/drawing/br_polydist.c
0x1000DEF0,BrGetFieldFloatSub10,drawing,neighbour,src/core/drawing/br_polydist.c
0x1000E2F0,BrQsortCmpS2,drawing,neighbour,src/core/drawing/br_sortcmp.c
0x10010F80,BrRecHdrLatch_10010F80,drawing,filed,src/core/drawing/br_rec.c
0x10011650,FUN_10011650,drawing,neighbour,src/core/generated/0x10011650.c
0x100119C0,FUN_100119c0,drawing,neighbour,src/core/drawing/br_rdpmode.c
0x10011D10,BrThunk11D10,drawing,neighbour,src/core/drawing/br_fps.c
0x10011D20,FUN_10011d20,drawing,neighbour,src/core/generated/0x10011D20.c
0x10011EA0,BrFpsReadout,drawing,neighbour,src/core/drawing/br_fps.c
0x10013140,BrHudTextListDraw,drawing,filed,src/core/drawing/br_hud.c
0x10013F00,BrClearFlag_AB504,drawing,filed,src/core/drawing/br_clear.c
0x10013FC0,BrGetFlag_AB4F0,drawing,neighbour,src/core/drawing/br_clear.c
0x100140B0,BrHudDrawDial,drawing,filed,src/core/drawing/br_hudscene.c
0x10014760,BrHudDrawTimeEntry,drawing,neighbour,src/core/drawing/br_text.c
0x10014800,BrSub_10017290,drawing,neighbour,src/core/drawing/br_hudtimes.c
0x10014C00,BrHudDrawViewCentreText,drawing,neighbour,src/core/drawing/br_hudscene.c
0x10014CB0,FUN_10014cb0,drawing,neighbour,src/core/drawing/br_fade.c
0x10014D00,BrHudDrawViewMessage,drawing,neighbour,src/core/drawing/br_hudscene.c
0x100151F0,BrHudFormatGapString,drawing,neighbour,src/core/drawing/br_hudscene.c
0x10015240,BrHudGapSeconds,drawing,neighbour,src/core/drawing/br_hudscene.c
0x100155F0,BrSceneUsePlainClear,drawing,neighbour,src/core/drawing/br_hudscene.c
0x10016800,BrSub_10019240,drawing,neighbour,src/core/drawing/br_text.c
0x10016810,BrClear_10019250,drawing,filed,src/core/drawing/br_textmode.c
0x10016820,BrTextFlag358Clear,drawing,filed,src/core/drawing/br_textmode.c
0x10016830,BrSet_10019270,drawing,filed,src/core/drawing/br_textmode.c
0x10016840,BrSub_10019280,drawing,description,src/core/drawing/br_text.c
0x10016850,BrSub_10019290,drawing,description,src/core/drawing/br_text.c
0x10016860,BrTextSetColors,drawing,description,src/core/drawing/br_text.c
0x100168B0,BrSetGlobal_ABB30,drawing,neighbour-1,src/core/drawing/br_text.c
0x100168C0,BrTextDraw,drawing,description,src/core/drawing/br_text.c
0x10016A50,BrWeatherRandomiseParticles,drawing,description,src/core/drawing/br_hudscene.c
0x10016BE0,BrWeatherStepLightning,drawing,description,src/core/drawing/br_hudscene.c
0x10017F10,BrFadeRelease,drawing,neighbour-1,src/core/generated/0x10017F10.c
0x10017F30,BrFadeLatch,drawing,neighbour-1,src/core/generated/0x10017F30.c
0x10017F60,BrSceneAccumReset,drawing,neighbour-1,src/core/drawing/br_clear.c
0x10017F80,BrFadeDrawSprite,drawing,neighbour,src/core/slice2_16.c
0x100181A0,BrFadeSetTarget,drawing,description,src/core/drawing/br_fade.c
0x10018230,BrFadeSetTargetA,drawing,description,src/core/drawing/br_fade.c
0x10018290,BrFadeSetTargetB,drawing,neighbour-1,src/core/drawing/br_fade.c
0x10018310,BrFadeIsClosing,drawing,description,src/core/drawing/br_fade.c
0x10018340,BrFadeIsSettled,drawing,description,src/core/drawing/br_fade.c
0x10018370,BrFadeIsShut,drawing,manual,src/core/drawing/br_fade.c
0x10018990,BrFtolArg,geometry,description,src/core/geometry/br_ftol.c
0x100189A0,BrCopy8Words,gamedata,description,src/core/gamedata/br_copy8.c
0x100189C0,BrFlagInit_1002B950,startup,filed,src/core/startup/br_objlife.c
0x100189E0,BrSegPtrFixup,gamedata,description,src/core/gamedata/br_rcaswap.c
0x10018A10,BrSegSetBases,drawing,neighbour-1,src/core/br_seg.c
0x10018A30,BrRcaResetCounts,drawing,description,src/core/drawing/br_vtxcache.c
0x10018A40,BrSegSetFlag,drawing,neighbour-1,src/core/drawing/br_dlrebase.c
0x10018A70,BrSwapU16x4Array,gamedata,description,src/core/gamedata/br_rcaswap.c
0x10018A90,BrSwapU16x4,gamedata,description,src/core/gamedata/br_rcaswap.c
0x10018AD0,BrSwapVec3Array,gamedata,description,src/core/gamedata/br_rcaswap.c
0x10018AF0,BrSwapVec3,geometry,filed,src/core/geometry/br_bits.c
0x10018B40,BrRcaFixupArray,gamedata,manual,src/core/gamedata/br_rcaswap.c
0x10018E10,BrVtxCacheResolve,drawing,neighbour-1,src/core/drawing/br_vtxcache.c
0x10018FC0,BrVtxCacheInsert,drawing,description,src/core/drawing/br_vtxcache.c
0x10019000,BrPtrListContains,drawing,neighbour-1,src/core/drawing/br_vtxcache.c
0x10019210,BrF3DVtxFixup,drawing,description,src/core/drawing/br_vtxcache.c
0x10019250,BrF3DTri1Fixup,drawing,description,src/core/drawing/br_vtxcache.c
0x10019270,BrF3DTri2Fixup,drawing,neighbour-1,src/core/drawing/br_vtxcache.c
0x100192B0,BrPtrListAdd,drawing,neighbour-1,src/core/drawing/br_vtxcache.c
0x100192D0,BrS17BankFlip,drawing,description,src/core/slice2_17.c
0x10019350,BrOnActivateApp,controls,filed,src/core/controls/br_input.c
0x10019480,BrOnSysCommand,controls,filed,src/core/controls/br_input.c
0x10019670,BrWindowCreate,startup,filed,src/core/startup/br_window.c
0x10019730,BrMainLoopRun,startup,filed,src/core/startup/br_mainloop.c
0x10019800,BrS17Init,startup,description,src/core/startup/br_s17life.c
0x10019810,BrS17Release,startup,neighbour-1,src/core/startup/br_s17life.c
0x10019820,BrS17RegisterAtExit,startup,neighbour-1,src/core/startup/br_s17life.c
0x10019830,BrX1002C2C0,startup,description,src/core/startup/br_frametimer.c
0x10019840,BrS17DrawGated,drawing,description,src/core/slice2_17.c
0x10019890,BrRaceHudFrame,racing,filed,src/core/racing/br_racebegin.c
0x10019900,BrRaceEnterOutro,racing,filed,src/core/racing/br_racebegin.c
0x10019980,BrRaceCueRewind,racing,filed,src/core/racing/br_racebegin.c
0x100199A0,BrRaceCarCtlOutro,racing,filed,src/core/racing/br_racebegin.c
0x10019A10,BrRaceDriverReset,racing,filed,src/core/racing/br_racebegin.c
0x10019A40,BrRaceClockReset,racing,filed,src/core/racing/br_racebegin.c
0x1001C7A0,BrCarTableRemove,racing,description,src/core/slice2_17.c
0x1001CC00,BrRallyMain,startup,filed,src/core/startup/br_boot.c
0x1001CD50,BrFlagInit_1002F690,startup,filed,src/core/startup/br_objlife.c
0x1001CD70,BrAppStateColdInit,startup,filed,src/core/startup/br_boot.c
0x1001CDA0,BrAppStateEnterRun,startup,filed,src/core/startup/br_boot.c
0x1001CDB0,BrAppStateRun,startup,filed,src/core/startup/br_boot.c
0x1001CDD0,BrAppStateLoading,startup,filed,src/core/startup/br_boot.c
0x1001CF80,BrAppFrame,startup,filed,src/core/startup/br_boot.c
0x1001CF90,BrRdpSetCombineLERP,drawing,description,src/core/drawing/br_rdpmode.c
0x1001D150,BrRdpACMux,drawing,neighbour-1,src/core/drawing/br_rdpmode.c
0x1001D180,BrRdpCCMux,drawing,description,src/core/drawing/br_rdpmode.c
0x1001DC40,BrVec3dLenSq,geometry,filed,src/core/geometry/br_vecd.c
0x1001DC80,BrSub1001DC80,geometry,neighbour,src/core/tiny_stubs.c
0x1001DC90,BrVec3dNormalise,geometry,filed,src/core/geometry/br_vecd.c
0x1001DCD0,BrVec3dDot,geometry,filed,src/core/geometry/br_vecd.c
0x1001DD50,BrGlideFlipWait,drawing,filed,src/core/drawing/br_dlglide.c
0x1001DD80,BrGlideResOpen,startup,filed,src/core/startup/br_objlife.c
0x1001DFB0,FUN_1001dfb0,drawing,manual,src/core/drawing/br_glidestate.c
0x1001E130,BrGlideResSet,startup,filed,src/core/startup/br_objlife.c
0x1001E1E0,THUNK_1001E1E0,drawing,description,src/core/drawing/br_screensize.c
0x1001E200,THUNK_1001E200,drawing,description,src/core/drawing/br_screensize.c
0x1001E220,THUNK_1001E220,drawing,description,src/core/drawing/br_screensize.c
0x1001E250,THUNK_1001E250,drawing,description,src/core/drawing/br_screensize.c
0x1001E280,THUNK_1001E280,drawing,description,src/core/drawing/br_screensize.c
0x1001E2B0,THUNK_1001E2B0,drawing,description,src/core/drawing/br_screensize.c
0x1001E2E0,BrDlOpDispatch1,drawing,filed,src/core/drawing/br_dl.c
0x1001E300,BrDlOpDispatch2,drawing,filed,src/core/drawing/br_dl.c
0x1001E320,br_dl_fillF6,drawing,filed,src/core/drawing/br_dl.c
0x1001E380,BrGlRectFill,drawing,filed,src/core/drawing/br_dlglide.c
0x1001E720,br_dl_fillE1,drawing,filed,src/core/drawing/br_dl.c
0x1001E770,BrDlCmdSetCombine,drawing,filed,src/core/drawing/br_dlcmd.c
0x1001E930,br_dl_env,drawing,filed,src/core/drawing/br_dl.c
0x1001E9F0,br_dl_fillcolour,drawing,filed,src/core/drawing/br_dl.c
0x1001EA60,BrDlCmdFogColour,drawing,filed,src/core/drawing/br_dlcmd.c
0x1001EA80,br_dl_prim,drawing,neighbour,src/core/generated/0x1001EA80.c
0x1001EB10,BrGbiSet0A79E8,drawing,neighbour,src/core/drawing/br_gbi.c
0x1001EB30,BrGbiSet4C5174,drawing,neighbour,src/core/drawing/br_gbi.c
0x1001EB50,br_dl_scissorED,drawing,filed,src/core/drawing/br_dl.c
0x1001EBC0,br_dl_scissorE2,drawing,filed,src/core/drawing/br_dl.c
0x1001ECF0,BrDlCmdTri1,drawing,filed,src/core/drawing/br_dlcmd.c
0x1001F0D0,BrClipPlaneW,drawing,filed,src/core/drawing/br_dlclip.c
0x1001F200,BrClipLerpVert,drawing,neighbour,src/core/drawing/br_dlclip.c
0x1001F3F0,BrClipPlaneWMinusF04,drawing,filed,src/core/drawing/br_dlclip.c
0x1001F530,BrClipPlaneWPlusF08,drawing,filed,src/core/drawing/br_dlclip.c
0x1001F670,BrClipPlaneWMinusF08,drawing,filed,src/core/drawing/br_dlclip.c
0x1001F7B0,BrClipPlaneWPlusF0C,drawing,filed,src/core/drawing/br_dlclip.c
0x1001F8F0,BrClipPlaneWMinusF0C,drawing,filed,src/core/drawing/br_dlclip.c
0x1001FCF0,BrDlVtxFinishTex,drawing,filed,src/core/drawing/br_dlcmd.c
0x1001FD40,BrGbiClearGeometryMode,drawing,neighbour,src/core/drawing/br_gbi.c
0x1001FEF0,BrDlCmdTri1FlatZ,drawing,neighbour,src/core/ghidra_batch.c
0x1001FF60,BrDlTriFlatZ,drawing,filed,src/core/drawing/br_dlcmd.c
0x10020190,BrDlClipTriFlatZ,drawing,filed,src/core/drawing/br_dltrim.c
0x100203F0,BrDlCmdTri1Flat,drawing,neighbour,src/core/ghidra_batch.c
0x10020460,BrDlTriFlatNoZ,drawing,filed,src/core/drawing/br_dlcmd.c
0x10020690,BrDlClipTriFlatNoZ,drawing,filed,src/core/drawing/br_dltrim.c
0x10020900,BrDlCmdTri1NoZ,drawing,filed,src/core/drawing/br_dlcmd.c
0x10020A80,BrDlClipTriNoZ,drawing,filed,src/core/drawing/br_dltrim.c
0x10020CF0,BrDlCmdTri2FlatZ,drawing,neighbour,src/core/ghidra_batch.c
0x10020D30,BrDlCmdTri2Flat,drawing,neighbour,src/core/ghidra_batch.c
0x10021020,BrGbiDList,drawing,neighbour,src/core/drawing/br_gbi.c
0x10021060,BrGbiEndDList,drawing,neighbour,src/core/drawing/br_gbi.c
0x100211B0,BrGbiPopMatrix,drawing,neighbour,src/core/drawing/br_gbi.c
0x100211E0,BrGbiSetGeometryMode,drawing,neighbour,src/core/drawing/br_gbi.c
0x10021210,BrGbiDispatch10020F50,drawing,neighbour,src/core/drawing/br_gbi.c
0x10021250,BrGbiSet4C1694,drawing,neighbour,src/core/drawing/br_gbi.c
0x10021270,BrGlGbiCall,drawing,filed,src/core/drawing/br_dlglide.c
0x100219D0,BrDlsTileRectE3,drawing,filed,src/core/drawing/br_dlshared.c
0x10022120,BrDlsClipCodes,drawing,filed,src/core/drawing/br_dlshared.c
0x10023900,BrGbiMoveMemMatrix,drawing,neighbour,src/core/generated/0x10023900.c
0x10023920,BrGbiCall10024260,drawing,neighbour,src/core/drawing/br_gbi.c
0x100239C0,BrGbiMoveWord,drawing,neighbour,src/core/drawing/br_gbi.c
0x10023AA0,FUN_10023aa0,drawing,neighbour,src/core/drawing/br_glidestate.c
0x10023B10,br_dl_clip_reset,drawing,filed,src/core/drawing/br_dl.c
0x10023C90,BrGbiRun,drawing,neighbour,src/core/drawing/br_gbi.c
0x10023D20,BrTex3dRecCopyHead,drawing,filed,src/core/drawing/br_tex3d.c
0x100242E0,BrTexShiftFromSize,drawing,neighbour,src/core/drawing/br_texfmt.c
0x10024DF0,FUN_10024df0,drawing,neighbour,src/core/drawing/br_texfmt.c
0x10024E30,BrTex3dRecSet278,drawing,filed,src/core/drawing/br_tex3d.c
0x10024E60,BrTex3dExpandInto,drawing,filed,src/core/drawing/br_tex3d.c
0x10027220,BrTexFormatCode,drawing,neighbour,src/core/drawing/br_texfmt.c
0x100272F0,BrTex3dCreate,drawing,filed,src/core/drawing/br_tex3d.c
0x100275C0,FUN_100275c0,drawing,neighbour,src/core/drawing/br_texfmt.c
0x10027710,FUN_10027710,drawing,filed,src/core/drawing/br_tex3d.c
0x10027850,BrTex3dRecInstall,drawing,filed,src/core/drawing/br_tex3d.c
0x10027F80,BrGbiTexelsPerWord,drawing,neighbour,src/core/drawing/br_gbitexscan.c
0x10027FB0,BrTex3dCreateBlank,drawing,filed,src/core/drawing/br_tex3d.c
0x100281C0,FUN_100281c0,drawing,neighbour,src/core/drawing/br_glidestate.c
0x10028420,FUN_10028420,drawing,neighbour,src/core/drawing/br_glidestate.c
0x100285E0,BrTex3dReDownload,drawing,filed,src/core/drawing/br_tex3d.c
0x100287E0,BrTex3dReconvert,drawing,filed,src/core/drawing/br_tex3d.c
0x10028B50,br_tex3d_seam,drawing,filed,src/core/drawing/br_tex3d.c
0x10029290,BrTexSizeFromShiftAspect,drawing,filed,src/core/drawing/br_tex3d.c
0x100293D0,br_tex3d_end,drawing,filed,src/core/drawing/br_tex3d.c
0x100293F0,BrTexTileUnpack,drawing,filed,src/core/drawing/br_tex3d.c
0x100294F0,BrGbiTexScanLoadSync,drawing,filed,src/core/drawing/br_gbitexscan.c
0x10029570,BrGbiTexScanPipeSync,drawing,filed,src/core/drawing/br_gbitexscan.c
0x10029590,BrGbiTexScanTileSync,drawing,filed,src/core/drawing/br_gbitexscan.c
0x100295B0,BrGbiTexScanSetTile,drawing,neighbour,src/core/drawing/br_gbitexscan.c
0x100296B0,BrGbiTexScanSetTileSize,drawing,neighbour,src/core/drawing/br_gbitexscan.c
0x10029780,BrGbiTexScanOtherModeH,drawing,filed,src/core/drawing/br_gbitexscan.c
0x100297C0,BrGbiTexScanOtherModeH0E,drawing,filed,src/core/drawing/br_gbitexscan.c
0x100297F0,BrGbiTexCreate,drawing,neighbour,src/core/drawing/br_gbitexscan.c
0x100298C0,FUN_100298c0,drawing,filed,src/core/drawing/br_tex3d.c
0x10029B10,BrTexChooseLevel,drawing,filed,src/core/drawing/br_texinit.c
0x10029C70,BrGbiSolidTexBuild,drawing,neighbour,src/core/drawing/br_gbitexscan.c
0x10029E50,BrGuMtxStore,drawing,filed,src/core/drawing/br_drawcar.c
0x10029E80,BrMat4IdentityLocal,scene,manual,src/core/scene/br_entity.c
0x1002A490,FUN_1002a490,drawing,neighbour-1,src/core/drawing/br_light.c
0x1002A4D0,BrLightDirsFromLookAt,drawing,description,src/core/drawing/br_light.c
0x1002A7A0,BrMat4Scale,geometry,filed,src/core/geometry/br_mat.c
0x1002A7F0,BrMat4Translate,geometry,filed,src/core/geometry/br_mat.c
0x1002A840,BrScratchRingAlloc,drawing,description,src/core/slice2_17.c
0x1002A894,BrScratchRingDrain,drawing,description,src/core/slice2_17.c
0x1002A8C2,BrScratchRingNull,startup,neighbour-1,src/core/startup/br_stubs.c
0x1002A8D7,BrRenderCountersReset,startup,prefix,src/core/slice2_17.c
0x1002A932,BrScreenSizeInit,startup,description,src/core/startup/br_stubs.c
0x1002A93C,BrScreenSizeApply,startup,neighbour-1,src/core/slice2_17.c
0x1002A9F2,BrGuMtxHookNop,drawing,filed,src/core/drawing/br_drawcar.c
0x1002A9F7,BrTexSizeShift,drawing,neighbour,src/core/drawing/br_texfmt.c
0x1002AB32,BrGfxEmitTexCmd,drawing,neighbour,src/core/slice2_17.c
0x1002AB8F,BrNop_1002AB8F,drawing,neighbour,src/core/drawing/br_gfxrect.c
0x1002AB94,BrNop_1002AB94,drawing,neighbour,src/core/drawing/br_gfxrect.c
0x1002AB99,BrGfxClearScreen,drawing,neighbour,src/core/slice2_17.c
0x1002AD39,BrGfxFillRect,drawing,neighbour,src/core/slice2_17.c
0x1002B997,BrFrameBeginDl,drawing,neighbour,src/core/drawing/br_framebegin.c
0x1002BF24,BrFrameBeginRec,drawing,neighbour,src/core/drawing/br_framebegin.c
0x1002BF37,BrFrameBeginHiRes,drawing,neighbour,src/core/drawing/br_framebegin.c
0x1002BF4B,BrNop_1002BF4B,drawing,neighbour,src/core/drawing/br_framebegin.c
0x1002BF50,BrSub_1003289F,drawing,neighbour,src/core/drawing/br_framebegin.c
0x1002C0F3,BrDlRectCmdEmit,drawing,filed,src/core/drawing/br_dl.c
0x1002C2E9,BrDlScreenRectEmit,drawing,filed,src/core/drawing/br_dl.c
0x1002C4A3,BrDlRectCmdFlush,drawing,filed,src/core/drawing/br_dl.c
0x1002C509,BrNop_1002C509,drawing,neighbour,src/core/drawing/br_framebegin.c
0x1002C50E,BrDlBorderEmit,drawing,filed,src/core/drawing/br_dl.c
0x1002CB3F,BrNop_1002CB3F,startup,prefix,src/core/startup/br_stubs.c
0x1002CB44,BrNop_1002CB44,startup,prefix,src/core/startup/br_stubs.c
0x1002CE31,BrPadFrameInit,controls,description,src/core/controls/br_pad.c
0x1002CE5F,BrPadFrameBegin,controls,description,src/core/controls/br_pad.c
0x1002CE9A,BrPadTranslateAll,controls,description,src/core/controls/br_pad.c
0x1002D362,BrCamFrustumBuild,scene,description,src/core/scene/br_camera.c
0x1002D534,BrCamMatrixSetup,drawing,description,src/core/drawing/br_cammatrix.c
0x1002D62F,BrCamMatrixSetupFixed,drawing,neighbour-1,src/core/drawing/br_cammatrix.c
0x1002D72E,BrCamMatrixSetupOrtho,drawing,description,src/core/drawing/br_cammatrix.c
0x1002DB0B,BrDlOwnerFixup,drawing,prefix,src/core/drawing/br_dlrebase.c
0x1002DB88,BrEntGfxRebindAll,scene,description,src/core/scene/br_entity.c
0x1002DD30,BrIdleLoop_1002DD30,racing,description,src/core/racing/br_idleloop.c
0x1002DD9A,BrIdleLoop_1002DD9A,racing,neighbour-1,src/core/racing/br_idleloop.c
0x1002DE04,BrIdleLoop_1002DE04,gamedata,neighbour-1,src/core/gamedata/br_idle.c
0x1002DE6B,BrAccumAddClamp,gamedata,neighbour-1,src/core/gamedata/br_accum.c
0x1002DEC3,FUN_1002dec3,gamedata,description,src/core/gamedata/br_scenepools.c
0x1002E136,BrNop_1002E136,startup,prefix,src/core/startup/br_stubs.c
0x1002E13B,BrReset_1002E13B,racing,description,src/core/racing/br_reset.c
0x1002E2DE,BrNop_1002E2DE,startup,prefix,src/core/startup/br_stubs.c
0x1002E2E3,BrNop_1002E2E3,startup,prefix,src/core/startup/br_stubs.c
0x1002E2E8,BrSet_106E8A1C,startup,neighbour-1,src/core/startup/br_stubs.c
0x1002E2F5,BrSet_106E8698,startup,neighbour-1,src/core/startup/br_stubs.c
0x1002E302,BrGameStepIs,startup,filed,src/core/startup/br_gamestep.c
0x1002E317,BrGameStepSet,startup,filed,src/core/startup/br_gamestep.c
0x1002E324,BrGameStepInvoke,startup,filed,src/core/startup/br_gamestep.c
0x1002E32F,BrNop_1002E32F,startup,filed,src/core/startup/br_gamestep.c
0x1002E334,BrNop_1002E334,startup,filed,src/core/startup/br_gamestep.c
0x1002E339,BrHookTakeA,menus,prefix,src/core/menus/br_hooktake.c
0x1002E359,BrHookTakeB,menus,prefix,src/core/menus/br_hooktake.c
0x1002E5B9,FUN_1002e5b9,drawing,description,src/core/drawing/br_texblit.c
0x1002E6F2,BrPairSlotReset,racing,description,src/core/racing/br_pairslot.c
0x1002E70A,BrRet0_1002E70A,drawing,neighbour-1,src/core/drawing/br_dlrebase.c
0x1002E711,BrDlRebaseWord,drawing,prefix,src/core/drawing/br_dlrebase.c
0x1002E73A,BrDlRebase,drawing,prefix,src/core/drawing/br_dlrebase.c
0x1002E79F,BrCarGfxSetColour,drawing,description,src/core/drawing/br_carcolour.c
0x1002EB03,BrCarGfxReadColour,drawing,description,src/core/drawing/br_carcolour.c
0x1002EBCC,BrNop_1002EBCC,startup,prefix,src/core/startup/br_stubs.c
0x1002EBD1,BrCarSlotLoad,startup,neighbour-1,src/core/startup/br_car.c
0x1002EC2C,BrRet1_1003557B,drawing,neighbour-1,src/core/drawing/br_anim.c
0x1002EC36,BrAnimFlagsApply,drawing,description,src/core/drawing/br_anim.c
0x1002ECAC,BrAnimSetOnce,drawing,neighbour-1,src/core/drawing/br_anim.c
0x1002ECC1,BrAnimSetLoop,drawing,neighbour-1,src/core/drawing/br_anim.c
0x1002ECD6,BrAnimSetPingPong,drawing,neighbour-1,src/core/drawing/br_anim.c
0x1002F238,BrRet1_1002F238,controls,neighbour-1,src/core/controls/br_pad.c
0x1002F242,BrSub_1002F242,controls,neighbour-1,src/core/controls/br_pad.c
0x1002F258,BrLogEmit,drawing,manual,src/core/drawing/br_log.c
0x1002F26B,BrLogSet,drawing,manual,src/core/drawing/br_log.c
0x1002F310,BrVec3Copy,geometry,manual,src/core/geometry/br_vec.c
0x1002F340,BrRgbSinkSet,drawing,manual,src/core/drawing/br_carcolour.c
0x1002F380,BrPadTranslate,controls,description,src/core/controls/br_pad.c
0x1002F660,BrBitEdgeSplit,controls,manual,src/core/controls/br_bitedge.c
0x1002F680,BrEntInit,scene,description,src/core/scene/br_entity.c
0x1002F6C0,BrRaceSub1002F6C0,racing,filed,src/core/racing/br_racestart.c
0x10030270,BrModelLoad,drawing,description,src/core/drawing/br_model.c
0x10030710,BrDevRecMatch,controls,manual,src/core/controls/br_devrec.c
0x10030DE0,BrSub10037740,gamedata,description,src/core/gamedata/br_carload.c
0x10030F40,BrArm_100378A0,startup,filed,src/core/startup/br_objlife.c
0x10030F50,BrFileReadInto,startup,neighbour,src/core/generated/0x10030F50.c
0x10031140,BrTrackLoadHandling,startup,neighbour,src/core/generated/0x10031140.c
0x10031660,BrTrackSetF08FromMax,startup,neighbour,src/core/startup/br_track.c
0x100316A0,BrTrackFixupAllRec54,startup,neighbour,src/core/startup/br_track.c
0x10031910,BrTrackFixupSegList,startup,filed,src/core/startup/br_track.c
0x10031A40,BrTrackSwapRec28,startup,filed,src/core/startup/br_track.c
0x10031A80,BrTrackSwapAllVec3,startup,filed,src/core/startup/br_track.c
0x10031AC0,BrTexCopyRecords,startup,neighbour,src/core/startup/br_track.c
0x100324F0,BrObjLifeInit,startup,filed,src/core/startup/br_objlife.c
0x10032500,BrSub10032500,startup,neighbour,src/core/tiny_stubs.c
0x10032510,BrAtexit_10038EA0,startup,filed,src/core/startup/br_objlife.c
0x10032520,BrSub10032520,startup,neighbour-1,src/core/tiny_stubs.c
0x10032680,BrInit220B20,startup,neighbour-1,src/core/startup/br_track.c
0x10033880,BrPfxUpdateB0,gamedata,neighbour-1,src/core/generated/0x10033880.c
0x10033B50,BrPfxReset,gamedata,description,src/core/gamedata/br_pfx.c
0x10033BB0,BrPfxTick,gamedata,neighbour-1,src/core/generated/0x10033BB0.c
0x10033C90,BrPfxSaveState,audio,neighbour-1,src/core/generated/0x10033C90.c
0x10033CE0,BrSpanExtend,audio,description,src/core/audio/br_span.c
0x10033F90,BrSpanContains,audio,description,src/core/audio/br_span.c
0x10033FD0,BrSpanTestPoint,scene,description,src/core/scene/br_spangrid.c
0x10034340,BrVec3Negate,geometry,filed,src/core/geometry/br_vec.c
0x100343C0,BrVec3Div,geometry,filed,src/core/geometry/br_vec.c
0x100343F0,BrVec3DivBy,geometry,filed,src/core/geometry/br_vec.c
0x10034420,BrVec3Direction,geometry,neighbour,src/core/geometry/br_vec.c
0x100344D0,br_dl_normalise,drawing,filed,src/core/drawing/br_dl.c
0x10034560,BrVec3Sub,geometry,filed,src/core/geometry/br_vec.c
0x10034590,BrVec3SubFrom,geometry,filed,src/core/geometry/br_vec.c
0x100345C0,BrVec3Add,geometry,filed,src/core/geometry/br_vec.c
0x10034620,BrVec3Lerp,geometry,filed,src/core/geometry/br_vec.c
0x100346D0,BrVec3Midpoint,geometry,filed,src/core/geometry/br_vec.c
0x10034710,BrVec3Zero,geometry,filed,src/core/geometry/br_vec.c
0x10034720,BrVec3DistXY,geometry,neighbour,src/core/geometry/br_vec.c
0x10034760,BrVec3Dist,geometry,filed,src/core/geometry/br_vec.c
0x100347B0,BrVec3DistSq,geometry,filed,src/core/geometry/br_vec.c
0x100347F0,BrVec3Length,geometry,filed,src/core/geometry/br_vec.c
0x10034840,BrVec3LenXY,geometry,description,src/core/geometry/br_vec.c
0x100349C0,BrVec3Project,geometry,filed,src/core/geometry/br_mat.c
0x10034AF0,BrMtxMul,geometry,description,src/core/geometry/br_mat.c
0x10034FC0,BrTriContainsPoint,geometry,manual,src/core/geometry/br_tri.c
0x100353C0,BrStore_1003BD40,racing,filed,src/core/racing/br_replayon.c
0x100353D0,BrRandom,startup,description,src/core/startup/br_random.c
0x10035400,FUN_10035400,startup,neighbour-1,src/core/generated/0x10035400.c
0x100355F0,BrExt_1003BF60,startup,neighbour-1,src/core/generated/0x100355F0.c
0x10035660,FUN_10035660,startup,neighbour-1,src/core/generated/0x10035660.c
0x100356B0,FUN_100356b0,startup,neighbour-1,src/core/generated/0x100356B0.c
0x100357E0,BrSub1003C150,startup,neighbour-1,src/core/generated/0x100357E0.c
0x10035870,BrTimerStart,startup,description,src/core/startup/br_timer.c
0x100358C0,BrTimerStart1003C230,net,neighbour-1,src/core/generated/0x100358C0.c
0x100358F0,BrSub1003C260,net,description,src/core/net/br_dplayjoin.c
0x10035BB0,BrComCreateInstance,net,neighbour-1,src/core/net/br_dplayjoin.c
0x10036040,BrSub1003C9B0,menus,manual,src/core/menus/br_uilistwalk.c
0x10036100,BrSlotsResetIfBZero,gamedata,filed,src/core/gamedata/br_slots.c
0x100361A0,FUN_100361a0,gamedata,neighbour-1,src/core/generated/0x100361A0.c
0x10036430,BrSub1003CDA0,net,neighbour-1,src/core/net/br_sessiondesc.c
0x10036650,BrSub1003CFC0,net,description,src/core/net/br_dplaysession.c
0x10036670,BrGlobalFreeAll,net,neighbour-1,src/core/net/br_dplaysession.c
0x100366C0,BrSub1003D030,net,description,src/core/net/br_dplaysession.c
0x10036700,BrSub1003D070,net,neighbour-1,src/core/net/br_sessionlist.c
0x10036740,FUN_10036740,net,neighbour-1,src/core/generated/0x10036740.c
0x100367C0,FUN_100367c0,net,description,src/core/net/br_dplaymsg.c
0x100368A0,FUN_100368a0,net,description,src/core/net/br_dplaymsg.c
0x10036EF0,BrSub1003D850,net,description,src/core/net/br_dplaylobby.c
0x10036F40,FUN_10036f40,net,neighbour-1,src/core/generated/0x10036F40.c
0x10036FF0,BrSub1003D950,net,neighbour-1,src/core/br_netmsg.c
0x10037040,BrSub1003D9A0,net,neighbour-1,src/core/br_netmsg.c
0x10037090,BrSub1003D9F0,net,neighbour-1,src/core/br_netmsg.c
0x100370E0,BrSub1003DA40,net,neighbour-1,src/core/br_netmsg.c
0x10037130,BrSub1003DA90,net,neighbour-1,src/core/br_netmsg.c
0x10037180,BrDPlayMsg6SendSelf,net,description,src/core/net/br_d.c
0x100371A0,BrExt_1003DB00,net,neighbour-1,src/core/br_netmsg.c
0x100371F0,FUN_100371f0,net,description,src/core/net/br_dplaymsg.c
0x10037260,BrNetErrMsgBox,net,neighbour-1,src/core/br_netmsg.c
0x100372B0,FUN_100372b0,net,description,src/core/net/br_dplaymsg.c
0x10037660,BrUiFn1003DFC0,menus,manual,src/core/menus/br_uipoll.c
0x100376B0,BrUiFn1003E010,menus,manual,src/core/menus/br_uipoll.c
0x100376E0,BrUiFn1003E040,menus,manual,src/core/menus/br_uipoll.c
0x10037710,BrFn1003E070,controls,description,src/core/controls/br_dik.c
0x10037720,BrInputAnyActive,net,description,src/core/net/br_input.c
0x10037780,BrInputOrPlaybackActive,audio,neighbour-1,src/core/audio/br_input.c
0x100377A0,FUN_100377a0,settings,manual,src/core/settings/br_cdcheck.c
0x10037870,BrPairBufReset,drawing,description,src/core/drawing/br_pairbuf.c
0x100378C0,FUN_100378c0,drawing,neighbour-1,src/core/generated/0x100378C0.c
0x10037920,BrOptSave,menus,description,src/core/menus/br_optsave.c
0x10037B20,BrSub1003E510,menus,neighbour-1,src/core/menus/br_optrefresh.c
0x10037ED0,BrMenuSetAA28A8,menus,prefix,src/core/menus/br_menucb.c
0x10037EE0,BrMenuClearAA28A8,menus,prefix,src/core/menus/br_menucb.c
0x10037F40,BrUiFn1003E920,menus,description,src/core/menus/br_uipoll.c
0x10038060,BrUiHook85_1003EA40,menus,description,src/core/menus/br_uictlhook.c
0x10038150,BrUiPoll1003EB60,menus,manual,src/core/menus/br_uipoll.c
0x10038180,BrUiPoll1003EB90,menus,manual,src/core/menus/br_uipoll.c
0x100381B0,BrUiPoll1003EBC0,menus,description,src/core/menus/br_uipoll.c
0x10038220,BrUiPoll1003EAE0,menus,description,src/core/menus/br_uipoll.c
0x100382A0,BrUiPoll1003EC80,menus,neighbour-1,src/core/menus/br_uipoll.c
0x100382D0,FUN_100382d0,menus,neighbour-1,src/core/menus/br_uipoll.c
0x10038320,BrUiPoll1003EDF0,menus,neighbour-1,src/core/menus/br_uipoll.c
0x10038420,BrUiFn1003EEF0,menus,neighbour-1,src/core/generated/0x10038420.c
0x10038490,BrUiFn1003EF60,menus,neighbour-1,src/core/generated/0x10038490.c
0x100384C0,BrCarNameCommit,menus,filed,src/core/menus/br_menuact.c
0x10038550,BrUiFn1003F020,menus,neighbour,src/core/generated/0x10038550.c
0x10038580,Br85TextReadBack,menus,neighbour,src/core/generated/0x10038580.c
0x100385E0,BrStubTrue,menus,neighbour,src/core/menus/br_uictlhook.c
0x100385F0,BrUiHook85_1003F0B0,menus,neighbour,src/core/generated/0x100385F0.c
0x10038650,BrUiFn1003F110,menus,neighbour,src/core/generated/0x10038650.c
0x100386B0,BrUiFn1003F170,menus,neighbour,src/core/generated/0x100386B0.c
0x10038750,BrUiFn1003F210,menus,neighbour,src/core/generated/0x10038750.c
0x100387C0,BrUiFn1003F280,menus,neighbour,src/core/generated/0x100387C0.c
0x100387F0,BrInputBitHeld,menus,neighbour,src/core/ghidra_batch.c
0x10038980,BrRacePosIconSet,menus,filed,src/core/menus/br_race.c
0x10038B20,BrUiHook87_1003F5E0,menus,neighbour,src/core/menus/br_uicapcode.c
0x10038BC0,BrUiHook87_1003F680,menus,neighbour,src/core/menus/br_uicapcode.c
0x10038C60,BrRaceIconLookup,menus,filed,src/core/menus/br_race.c
0x10039BC0,BrMenuEnter,menus,neighbour,src/core/menus/br_menucb.c
0x10039CE0,BrMenuCap07A0,menus,neighbour,src/core/menus/br_menucb.c
0x10039DB0,BrMenuCap0870,menus,neighbour,src/core/menus/br_menucb.c
0x10039DD0,BrMenuCap0890,menus,neighbour,src/core/menus/br_menucb.c
0x10039DF0,BrMenuCap08B0,menus,neighbour,src/core/menus/br_menucb.c
0x10039E10,BrMenuText08D0,menus,neighbour,src/core/menus/br_menucb.c
0x10039E70,BrMenuCap0930,menus,neighbour,src/core/menus/br_menucb.c
0x10039E90,BrMenuCap0950,menus,neighbour,src/core/menus/br_menucb.c
0x10039ED0,BrMenuCap0990,menus,neighbour,src/core/menus/br_menucb.c
0x10039EF0,BrMenuCap09B0,menus,neighbour,src/core/menus/br_menucb.c
0x10039F10,BrMenuCap09D0,menus,neighbour,src/core/menus/br_menucb.c
0x10039F30,BrMenuLatchPending,menus,filed,src/core/menus/br_menuact.c
0x10039F60,FUN_10039f60,menus,neighbour,src/core/generated/0x10039F60.c
0x10039F90,BrMenuText0A50,menus,neighbour,src/core/menus/br_menucb.c
0x1003A000,BrMenuText0AC0,menus,neighbour,src/core/menus/br_menucb.c
0x1003A070,BrMenuText0B30,menus,neighbour,src/core/menus/br_menucb.c
0x1003A820,BrMenuSetAA28D0_0,menus,neighbour,src/core/menus/br_menucb.c
0x1003A830,BrMenuSetAA28D0_1,menus,neighbour,src/core/menus/br_menucb.c
0x1003A840,BrMenuSetAA28D0_2,menus,neighbour,src/core/menus/br_menucb.c
0x1003A850,BrMenuSetAA28D0_3,menus,neighbour,src/core/menus/br_menucb.c
0x1003A860,BrMenuText1300,menus,neighbour,src/core/menus/br_menucb.c
0x1003ABD0,BrMenuText1670,menus,neighbour,src/core/menus/br_menucb.c
0x1003AC70,BrMenuText1710,menus,neighbour,src/core/menus/br_menucb.c
0x1003AD10,BrMenuText17B0,menus,neighbour,src/core/menus/br_menucb.c
0x1003ADD0,BrMenuCap1870,menus,neighbour,src/core/menus/br_menucb.c
0x1003ADF0,BrMenuFlags1890,menus,neighbour,src/core/menus/br_menucb.c
0x1003AE30,BrMenuFlags18D0,menus,neighbour,src/core/menus/br_menucb.c
0x1003AE50,BrMenuFlags18F0,menus,neighbour,src/core/menus/br_menucb.c
0x1003AE90,BrMenuLeaveTo2,menus,neighbour,src/core/menus/br_menucb.c
0x1003AF30,BrExt_100419D0,menus,neighbour,src/core/ghidra_batch.c
0x1003AF60,BrExt_10041A00,menus,neighbour,src/core/generated/0x1003AF60.c
0x1003B020,BrMenuCopyTrackName,menus,filed,src/core/menus/br_menuact.c
0x1003B0B0,BrMenuAutoSaveName,menus,neighbour,src/core/menus/br_menucb.c
0x1003B970,BrExt_10042410,menus,neighbour,src/core/generated/0x1003B970.c
0x1003BA30,BrExt_100424D0,menus,neighbour,src/core/menus/br_uinameedit.c
0x1003BFF0,BrToggleOnce_BFF0,menus,filed,src/core/menus/br_toggle.c
0x1003C020,BrUiHook85_10042AC0,menus,neighbour,src/core/menus/br_uictlhook.c
0x1003C050,BrToggleOnce_C050,menus,filed,src/core/menus/br_toggle.c
0x1003C240,FUN_1003c240,menus,neighbour,src/core/menus/br_uictlhook.c
0x1003C2B0,FUN_1003c2b0,menus,neighbour,src/core/menus/br_uictlhook.c
0x1003C430,FUN_1003c430,menus,neighbour,src/core/generated/0x1003C430.c
0x1003CAE0,FUN_1003cae0,menus,neighbour,src/core/menus/br_uictlhook.c
0x1003CB40,FUN_1003cb40,menus,neighbour,src/core/menus/br_uictlhook.c
0x1003CBA0,FUN_1003cba0,menus,neighbour,src/core/menus/br_uictlhook.c
0x1003CC00,BrUiOptHook_100436B0,menus,neighbour,src/core/menus/br_uiopthook.c
0x1003CD00,BrOpt37B0,menus,neighbour,src/core/menus/br_uiopt.c
0x1003CF50,BrOpt3A00,menus,neighbour,src/core/menus/br_uiopt.c
0x1003D4F0,BrOpt3FA0,menus,neighbour,src/core/menus/br_uiopt.c
0x1003D560,BrHook_10044010,menus,filed,src/core/menus/br_menuact.c
0x1003D580,BrUiHook85_10044030,menus,neighbour,src/core/menus/br_uictlhook.c
0x1003D5A0,BrUiHook85_10044050,menus,neighbour,src/core/menus/br_uictlhook.c
0x1003D5C0,BrUiHook85_10044070,menus,neighbour,src/core/menus/br_uictlhook.c
0x1003D5E0,BrUiHook85_10044090,menus,neighbour,src/core/menus/br_uictlhook.c
0x1003D600,BrUiHook85_100440B0,menus,neighbour,src/core/menus/br_uictlhook.c
0x1003D6F0,BrOpt41A0,menus,neighbour,src/core/menus/br_uiopt.c
0x1003DA90,BrSub10044540,menus,neighbour,src/core/menus/br_optdifficulty.c
0x1003E5A0,BrPhaseHook_10045050,menus,neighbour,src/core/menus/br_phasehook.c
0x1003E5E0,BrPhaseHook_10045090,menus,neighbour,src/core/menus/br_phasehook.c
0x1003E610,BrPhaseHook_100450C0,menus,neighbour,src/core/menus/br_phasehook.c
0x1003E640,BrPhaseDispatch_100450F0,menus,neighbour,src/core/menus/br_phasehook.c
0x1003EC10,BrHook_10045780,menus,filed,src/core/menus/br_menuact.c
0x1003EC30,BrHook_100457A0,menus,filed,src/core/menus/br_menuact.c
0x1003EC50,BrUiHook84_100457C0,menus,neighbour,src/core/menus/br_uiseasonbtn.c
0x1003EC70,BrUiHook84_100457E0,menus,neighbour,src/core/menus/br_uiseasonbtn.c
0x1003EC90,BrHook_10045800,menus,filed,src/core/menus/br_menuact.c
0x1003ECB0,BrHook_10045820,menus,filed,src/core/menus/br_menuact.c
0x1003ECD0,BrHook_10045840,menus,filed,src/core/menus/br_menuact.c
0x1003ECF0,BrHook_10045860,menus,filed,src/core/menus/br_menuact.c
0x1003ED10,BrUiHook81_10045880,menus,neighbour,src/core/menus/br_uiopenscreen.c
0x1003ED30,BrUiHook81_100458A0,menus,neighbour,src/core/menus/br_uiopenscreen.c
0x1003ED50,BrHook_100458C0,menus,filed,src/core/menus/br_menuact.c
0x1003ED70,BrPhaseActivate_1003ED70,menus,neighbour,src/core/menus/br_phasenav.c
0x1003EE90,FUN_1003ee90,menus,neighbour,src/core/menus/br_uictlhook.c
0x1003EF40,BrPhaseHook_10045AA0,menus,neighbour,src/core/menus/br_phasenav.c
0x1003F820,BrPhaseHook_10046380,menus,neighbour,src/core/menus/br_phasenav.c
0x100403A0,BrPhaseGoto_10046F50,menus,neighbour,src/core/menus/br_phasenav.c
0x10040410,BrPhaseGoto_10046FC0,menus,neighbour,src/core/menus/br_phasenav.c
0x100404A0,BrPhaseGoto_10047050,menus,neighbour,src/core/menus/br_phasenav.c
0x10040570,BrPhaseLeave_10047120,menus,neighbour,src/core/menus/br_phasenav.c
0x10040600,BrPhaseLeave_100471B0,menus,neighbour,src/core/menus/br_phasenav.c
0x10040640,BrPhaseGuard_100471F0,menus,neighbour,src/core/menus/br_phasenav.c
0x10040660,BrPhaseEdit_10047210,menus,neighbour,src/core/menus/br_phasenav.c
0x100406A0,BrPhaseEdit_10047250,menus,neighbour,src/core/menus/br_phasenav.c
0x100406E0,BrPhaseLeave_10047290,menus,neighbour,src/core/menus/br_phasenav.c
0x10040790,BrPhaseNameClear_10047340,menus,neighbour,src/core/menus/br_phasenav.c
0x10040900,BrPhaseMode_100474D0,menus,neighbour,src/core/menus/br_phasenav.c
0x10040930,BrMenuOpt40930,menus,filed,src/core/menus/br_menuact.c
0x10040960,BrMenuOpt40960,menus,filed,src/core/menus/br_menuact.c
0x10040990,BrPhaseMode_10047560,menus,neighbour,src/core/menus/br_phasenav.c
0x100409C0,BrMenuOpt409C0,menus,filed,src/core/menus/br_menuact.c
0x100409F0,BrMenuOpt409F0,menus,filed,src/core/menus/br_menuact.c
0x10040A20,BrPhaseTick_100475F0,menus,description,src/core/menus/br_phasenav.c
0x10040A40,BrPhaseKeyPush_10047610,menus,manual,src/core/menus/br_phasenav.c
0x10040AF0,BrPhaseTick_100474B0,menus,description,src/core/menus/br_phasenav.c
0x10040CF0,BrObj40CF0DeleteDtor,menus,neighbour-1,src/core/menus/br_obj40.c
0x10040E20,BrUiDrawIndex_100479D0,menus,description,src/core/menus/br_uiscreen.c
0x10041130,BrUiTweenCurve_10047CE0,menus,neighbour-1,src/core/menus/br_uiscreen.c
0x10041400,BrUiInit_10047FB0,menus,description,src/core/menus/br_uiscreen.c
0x100418C0,BrUiPageCtor_10048470,menus,neighbour-1,src/core/generated/0x100418C0.c
0x10041910,BrUiPageDelete_100484C0,menus,description,src/core/menus/br_uiscreen.c
0x10041930,BrVtInit41930,menus,neighbour-1,src/core/menus/br_uiscreen.c
0x10041CA0,BrPhaseDelete_10048850,menus,description,src/core/menus/br_uiscreen.c
0x10041D00,BrPhaseFn_100488B0,menus,neighbour-1,src/core/menus/br_uiscreen.c
0x10041DB0,BrMenuCallback41DB0,menus,prefix,src/core/menus/br_uiscreen.c
0x100476C0,BrUiHook85_1004E810,menus,manual,src/core/menus/br_uictlhook.c
0x10051550,BrSub100586A0,net,description,src/core/net/br_slottable.c
0x10051580,BrSlotsFindById,gamedata,filed,src/core/gamedata/br_slots.c
0x100515B0,BrSub10058700,net,description,src/core/net/br_slottable.c
0x10053E60,BrStubFalse,menus,neighbour-1,src/core/menus/br_textbox.c
0x10053E70,BrTextBoxInit,menus,description,src/core/menus/br_textbox.c
0x10053EC0,BrTextBoxDeleteDtor,menus,description,src/core/menus/br_textbox.c
0x10053EE0,BrVtInit53EE0,menus,neighbour-1,src/core/menus/br_textbox.c
0x10053EF0,BrTextBoxMeasureA,menus,description,src/core/menus/br_textbox.c
0x10053F80,BrTextBoxMeasureB,menus,manual,src/core/menus/br_textbox.c
0x10054360,BrCharMapLookup,controls,description,src/core/controls/br_dik.c
0x10054390,FUN_10054390,controls,neighbour-1,src/core/generated/0x10054390.c
0x100545C0,BrSprFontGlyphB_1005B7A0,drawing,filed,src/core/drawing/br_sprfont.c
0x10054600,BrRet0Std3_10054600,menus,manual,src/core/menus/br_textlist.c
0x100546F0,BrObj546F0DeleteDtor,menus,manual,src/core/menus/br_textlist.c
0x10054710,BrObj54710Dtor,menus,manual,src/core/menus/br_textlist.c
0x10055090,BrUiSprDrawAt,menus,prefix,src/core/generated/0x10055090.c
0x10055090,BrUiSprDrawAt,menus,neighbour-1,src/core/generated/0x10055090.c
0x10055ED0,BrFileCountMatching,gamedata,neighbour-1,src/core/generated/0x10055ED0.c

0x10055960,BrSub1005CB40,drawing,neighbour,src/core/drawing/br_namelist.c
0x100559B0,BrNameListInit,drawing,neighbour,src/core/drawing/br_namelist.c
0x10055A10,BrVt55A10DeleteDtor,drawing,neighbour,src/core/drawing/br_namelist.c
0x10055A30,BrVtInit55A30,drawing,neighbour,src/core/drawing/br_namelist.c
0x10055A40,FUN_10055a40,gamedata,manual,src/core/gamedata/br_seasondesc.c
0x10055AF0,FUN_10055af0,gamedata,manual,src/core/gamedata/br_seasondesc.c
0x10055C50,BrSaveSlotNameSet_10055C50,drawing,neighbour,src/core/generated/0x10055C50.c
0x10055ED0,BrFileCountMatching,gamedata,prefix,src/core/generated/0x10055ED0.c
0x10058300,BrFontTexFreeAll,drawing,filed,src/core/drawing/br_font.c
0x10058360,BrFontFreeAndExit,drawing,filed,src/core/drawing/br_font.c
0x10058380,BrSprFontDraw,drawing,neighbour-1,src/core/ghidra_batch.c
0x10058C70,FUN_10058c70,menus,neighbour-1,src/core/generated/0x10058C70.c
0x10058C90,BrChainFreeRec_10058C90,menus,neighbour-1,src/core/menus/br_chain.c
0x10058CC0,BrBoundsFits_10058CC0,menus,neighbour-1,src/core/menus/br_uibounds.c
0x10058F90,BrExt_1007AC00,menus,neighbour-1,src/core/menus/br_uibounds.c
0x10058FA0,BrMenuSub1005FF30,menus,prefix,src/core/menus/br_keyclear.c
0x10059020,BrDikPollAndEdge,controls,description,src/core/controls/br_dik.c
0x10059040,BrFn1005FFD0,controls,neighbour-1,src/core/controls/br_dik.c
0x10059060,BrInputLatchUpdate,controls,description,src/core/controls/br_input.c
0x100590A0,BrMsgBoxAA,startup,manual,src/core/startup/br_fatal.c
0x10059280,BrFn10060210,drawing,manual,src/core/drawing/br_screensize.c
0x100592D0,BrSub10060260,menus,manual,src/core/menus/br_uiwindow.c
0x100592F0,FUN_100592f0,controls,neighbour-1,src/core/generated/0x100592F0.c
0x100597C0,BrSub10060750,controls,manual,src/core/controls/br_dik.c
0x100597F0,FUN_100597f0,net,neighbour-1,src/core/generated/0x100597F0.c
0x10059A50,BrCarNetSendState,net,description,src/core/net/br_carnet.c
0x10059D30,BrCarPredictRemote,net,description,src/core/net/br_carnet.c
0x10059DC0,BrUiSelAInc,menus,description,src/core/menus/br_uislider.c
0x10059DE0,BrUiSelADec,menus,description,src/core/menus/br_uislider.c
0x10059E00,BrUiVolumeApply,menus,manual,src/core/menus/br_uislider.c
0x10059E30,BrUiSelBInc,menus,description,src/core/menus/br_uislider.c
0x10059E50,BrUiSelBDec,menus,description,src/core/menus/br_uislider.c
0x10059E70,BrPadPackButtons,controls,filed,src/core/controls/br_input.c
0x10059F10,BrBmpToRgba32,drawing,filed,src/core/drawing/br_bmp.c
0x10059FE0,FUN_10059fe0,drawing,neighbour,src/core/drawing/br_livery.c
0x1005A020,BrBmpRect4Get,drawing,filed,src/core/drawing/br_bmp.c
0x1005A070,BrBmpGetHandle,drawing,filed,src/core/drawing/br_bmp.c
0x1005A080,FUN_1005a080,drawing,neighbour,src/core/generated/0x1005A080.c
0x1005A210,BrBmpLoadRgba,drawing,filed,src/core/drawing/br_bmp.c
0x1005A280,BrImgMulByMask,drawing,filed,src/core/drawing/br_imgtint.c
0x1005A420,FUN_1005a420,drawing,description,src/core/drawing/br_livery.c
0x1005A480,BrLiveryLoadDamage,drawing,filed,src/core/drawing/br_livery.c
0x1005A4E0,BrImgTintSetScale,drawing,description,src/core/drawing/br_imgtint.c
0x1005A6A0,FUN_1005a6a0,drawing,description,src/core/drawing/br_livery.c
0x1005A6B0,FUN_1005a6b0,drawing,description,src/core/drawing/br_livery.c
0x1005A6E0,BrNodeMarkPass,drawing,description,src/core/drawing/br_nodepass.c
0x1005A740,BrNodeClearMarkPass,drawing,neighbour-1,src/core/drawing/br_nodepass.c
0x1005A780,BrNodeRunMarkPass,drawing,neighbour-1,src/core/drawing/br_nodepass.c
0x1005AC60,BrCarBuildMatrices,racing,description,src/core/racing/br_carinit.c
0x1005C440,BrThunk5C440,racing,neighbour-1,src/core/racing/br_thunks.c
0x1005D050,BrCtlHuman,driving,manual,src/core/driving/br_ctlstep.c
0x1005E690,BrCtlAi,driving,manual,src/core/driving/br_ctlstep.c
0x1005E6A0,BrCarInitTables,racing,description,src/core/racing/br_carinit.c
0x1005E780,BrCarClear29C8,racing,neighbour-1,src/core/racing/br_carinit.c
0x1005F220,BrModelSlotApply,drawing,description,src/core/drawing/br_model.c
0x1005F530,BrDriverAssetsFree,racing,neighbour-1,src/core/racing/br_driver.c
0x1005F690,BrRankCmpKey,racing,description,src/core/racing/br_rank.c
0x100609B0,BrWrap_10067940,startup,filed,src/core/startup/br_objlife.c
0x100609D0,BrWrap_10067960,startup,filed,src/core/startup/br_objlife.c
0x100609F0,BrWrap_10067980,startup,filed,src/core/startup/br_objlife.c
0x10060A10,BrWrap_100679A0,startup,filed,src/core/startup/br_objlife.c
0x10060B50,BrSndDoppler,audio,description,src/core/audio/br_sndpos.c
0x10060C30,BrSndPan,audio,manual,src/core/audio/br_sndpos.c
0x10060DB0,BrSfxBankPlay,audio,filed,src/core/audio/br_sfxsrc.c
0x10060DF0,BrSfxSrcBeep,audio,filed,src/core/audio/br_sfxsrc.c
0x10060E00,BrSfxSrcBeep2,audio,filed,src/core/audio/br_sfxsrc.c
0x10060E10,BrSndNearestInvalidate,audio,neighbour,src/core/audio/br_sndpos.c
0x10060E30,BrSndNearestReset,audio,neighbour,src/core/audio/br_sndpos.c
0x10060EC0,BrSndNearestOffer,audio,neighbour,src/core/audio/br_sndpos.c
0x100611F0,BrSndNearestOfferTrack,audio,filed,src/core/audio/br_sndpos.c
0x10061280,BrSndNearestOfferDefault,audio,neighbour,src/core/audio/br_sndpos.c
0x100612D0,BrSfxCarBankInit,audio,filed,src/core/audio/br_sfx.c
0x10061310,FUN_10061310,audio,manual,src/core/audio/br_sndrace.c
0x10061430,BrRaceCarPre,racing,filed,src/core/racing/br_racestep.c
0x10061440,BrSndTableClear,racing,filed,src/core/racing/br_racestep.c
0x100623A0,BrRaceDriverAnim,racing,filed,src/core/racing/br_racestep.c
0x10062500,BrSub_10069490,gamedata,manual,src/core/gamedata/br_framepool.c
0x10062550,BrPool16Alloc,gamedata,manual,src/core/gamedata/br_framepool.c
0x100625A0,BrPool32Alloc,gamedata,manual,src/core/gamedata/br_framepool.c
0x100625F0,BrGfx69580,gamedata,manual,src/core/gamedata/br_framepool.c
0x10062610,BrRacePosCopy,racing,neighbour,src/core/racing/br_driver.c
0x100627B0,BrRaceDifficultySet,racing,filed,src/core/racing/br_racestart.c
0x10062830,BrRaceDifficultyApply,racing,filed,src/core/racing/br_racestart.c
0x10062850,BrRaceEntrantCountSet,racing,filed,src/core/racing/br_racestart.c
0x10062870,BrEntSlotsReset,racing,filed,src/core/racing/br_racestart.c
0x10062AC0,BrCtrlCfgBoot,controls,description,src/core/controls/br_ctrlboot.c
0x10062AD0,BrCtrlCfgInitGlobal,settings,description,src/core/settings/br_ctrlcfg.c
0x10062AE0,BrAtexit_10069A70,startup,filed,src/core/startup/br_objlife.c
0x10062AF0,BrSub10062AF0,settings,neighbour-1,src/core/tiny_stubs.c
0x10062B00,BrCtrlCfgCtor,settings,description,src/core/settings/br_ctrlcfg.c
0x10062B10,BrCtrlCfgLoadDefaults,settings,manual,src/core/settings/br_ctrlcfg.c
0x10062C30,BrFn10069BC0,controls,description,src/core/controls/br_ctrlquery.c
0x10062CA0,BrFn10069C30,controls,description,src/core/controls/br_ctrlquery.c
0x100634B0,BrGlCfgSave,settings,manual,src/core/settings/br_cfgfile.c
0x10063860,BrBaseDirInit,settings,filed,src/core/settings/br_basedir.c
0x10063940,BrRenderStateSet,startup,filed,src/core/startup/br_objlife.c
0x10063970,BrRenderModeStart,startup,filed,src/core/startup/br_objlife.c
0x100639D0,BrRenderModeRestart,startup,filed,src/core/startup/br_objlife.c
0x10063A00,BrReplayReset,racing,description,src/core/racing/br_replay.c
0x10063A40,BrSet_1006AA90,racing,filed,src/core/racing/br_replayon.c
0x10063A50,BrReplayIsOn,racing,filed,src/core/racing/br_replayon.c
0x10063B40,BrReplayGetBuf,racing,description,src/core/racing/br_replayon.c
0x10063B50,BrReplayGetSize,racing,description,src/core/racing/br_replay.c
0x10063B60,BrReplayRewind,racing,description,src/core/racing/br_replay.c
0x10063CA0,BrReplayApplyCar,racing,neighbour-1,src/core/racing/br_replay.c
0x10063DA0,BrReplayGetBuf2,racing,description,src/core/racing/br_replayon.c
0x10063DB0,BrReplayCountFromBytes,racing,description,src/core/racing/br_replayon.c
0x10064210,BrRbAccumAll,driving,description,src/core/driving/br_rbaccum.c
0x10065950,BrCrPlaneDist,driving,filed,src/core/driving/br_collrespsolve.c
0x10066230,BrCrListPush,driving,filed,src/core/driving/br_collresp.c
0x100664F0,BrCrCorner,driving,filed,src/core/driving/br_collresp.c
0x10066AA0,BrCrTest,driving,filed,src/core/driving/br_collresp.c
0x10068450,BrWheelSuspensionSetZ,driving,description,src/core/driving/br_wheelvel.c
0x10068600,FUN_10068600,driving,description,src/core/driving/br_wheelvel.c
0x10069530,BrTrackSurfaceSet,startup,filed,src/core/startup/br_track.c
0x10069930,BrMenuSub100709A0,menus,prefix,src/core/generated/0x10069930.c
0x10069DC0,BrSub69DC0,racing,neighbour-1,src/core/racing/br_sub69.c
0x1006A070,BrSetMode5,racing,filed,src/core/racing/br_replayon.c
0x1006A310,BrDelta_100713A0,racing,filed,src/core/racing/br_replayon.c
0x1006A3F0,BrNetPeerMsgCancel,net,description,src/core/net/br_peer.c
0x1006A440,BrSub100714D0,net,description,src/core/net/br_peerslot.c
0x1006A480,BrSub10071510,net,neighbour-1,src/core/net/br_peerslot.c
0x1006A4C0,BrSub10071550,net,description,src/core/net/br_peer.c
0x1006A4D0,BrNetPeerMutexInit,net,description,src/core/net/br_peer.c
0x1006A540,BrObjLifeInit6A540,startup,filed,src/core/startup/br_objlife.c
0x1006A550,BrWrap_100715E0,startup,filed,src/core/startup/br_objlife.c
0x1006A570,BrAtexit_10071600,startup,filed,src/core/startup/br_objlife.c
0x1006A580,BrWrap_10071610,startup,filed,src/core/startup/br_objlife.c
0x1006A5A0,BrSecondTickStart,startup,neighbour-1,src/core/startup/br_secondtick.c
0x1006A5F0,BrSecondTickLoop,racing,description,src/core/racing/br_secondtickloop.c
0x1006A650,FUN_1006a650,net,description,src/core/net/br_peer.c
0x1006AAD0,BrSub10071B60,geometry,filed,src/core/geometry/br_vec.c
0x1006AB60,BrObjResetMsgHdr,gamedata,description,src/core/gamedata/br_bitstream.c
0x1006B1E0,BrSndThreadStop,audio,description,src/core/audio/br_sndvoice.c
0x1006B3C0,BrSndListAppend,audio,neighbour-1,src/core/audio/br_sndvoice.c
0x1006B400,BrSndVoiceApplyPan,audio,description,src/core/audio/br_sndvoice.c
0x1006B420,BrSndVoiceApplyFreq,audio,description,src/core/audio/br_sndvoice.c
0x1006B490,BrSndVoiceBufRelease,audio,description,src/core/audio/br_sndvoice.c
0x1006B4C0,BrSndVoiceBufStop,audio,description,src/core/audio/br_sndvoice.c
0x1006B4F0,BrX10072580,audio,description,src/core/audio/br_sndvoice.c
0x1006B530,BrSndChanBind,audio,neighbour,src/core/audio/br_sndvoice.c
0x1006B5B0,BrSndVoiceSetPan,audio,neighbour-1,src/core/ghidra_batch.c
0x1006B5F0,BrSndChanSetRatio,audio,neighbour,src/core/audio/br_sndvoice.c
0x1006B670,BrSndBufSetVolume,audio,description,src/core/audio/br_sndvoice.c
0x1006B6C0,BrSndSetVolumePairF,audio,description,src/core/audio/br_sndslot.c
0x1006B6E0,FUN_1006b6e0,audio,description,src/core/audio/br_sndslot.c
0x1006B730,BrSndVoiceSetFreq,audio,filed,src/core/audio/br_sfxsrc.c
0x1006B950,BrSndBufSetPan,audio,filed,src/core/audio/br_musiccmd.c
0x1006B970,BrSndVoiceBufStart,audio,neighbour,src/core/audio/br_sndvoice.c
0x1006B9E0,BrWrap_10072A70,audio,filed,src/core/audio/br_musiccmd.c
0x1006BA00,BrSndVoiceConfigure,audio,filed,src/core/audio/br_musiccmd.c
0x1006BA60,BrSub10072AF0,audio,filed,src/core/audio/br_musiccmd.c
0x1006BA80,BrWrap_10072B10,audio,filed,src/core/audio/br_musiccmd.c
0x1006BAA0,FUN_1006baa0,audio,neighbour,src/core/audio/br_sndslot.c
0x1006BAF0,BrWrap_10072B80,audio,filed,src/core/audio/br_musiccmd.c
0x1006BB10,FUN_1006bb10,audio,neighbour,src/core/audio/br_sndslot.c
0x1006BB60,BrSndBufStopAll,audio,filed,src/core/audio/br_musiccmd.c
0x1006BB90,BrSndBufFreeAll,audio,filed,src/core/audio/br_musiccmd.c
0x1006BC10,BrSndVoiceLoad,audio,filed,src/core/audio/br_sndload.c
0x1006BD70,BrSndBankMute,audio,neighbour,src/core/audio/br_sndvoice.c
0x1006BDD0,FUN_1006bdd0,audio,filed,src/core/audio/br_sndvoice.c
0x1006BF50,BrSndVoiceIsPlaying,audio,filed,src/core/audio/br_sfx.c
0x1006BF90,BrSndVoiceBufIsPlaying,audio,filed,src/core/audio/br_sfx.c
0x1006BFD0,BrSndBankClear,audio,filed,src/core/audio/br_sfx.c
0x1006BFF0,BrSndBankSetCar,audio,filed,src/core/audio/br_sfx.c
0x1006C460,BrSndBankFree,audio,neighbour,src/core/audio/br_sndvoice.c
0x1006C6A0,FUN_1006c6a0,drawing,neighbour-1,src/core/generated/0x1006C6A0.c
0x1006C750,BrFontTexCreate,drawing,filed,src/core/drawing/br_font.c
0x1006C790,BrFontRegisterPages,drawing,filed,src/core/drawing/br_font.c
0x1006C800,BrFontTexCreateAlt,drawing,filed,src/core/drawing/br_font.c
0x1006C820,BrSub10073980,drawing,filed,src/core/drawing/br_font.c
0x1006C850,BrSub100739B0,drawing,neighbour,src/core/drawing/br_texbaked.c
0x1006C880,BrFontTexCreateFlat,drawing,filed,src/core/drawing/br_font.c
0x1006C8B0,BrFontTexCreatePair,drawing,filed,src/core/drawing/br_font.c
0x1006C910,BrSub10073AC0,drawing,neighbour-1,src/core/drawing/br_texbaked.c
0x1006C950,BrSub10073B00,drawing,description,src/core/drawing/br_texbaked.c
0x1006CD80,FUN_1006cd80,gamedata,neighbour-1,src/core/generated/0x1006CD80.c
0x1006CDC0,BrObjClear,gamedata,filed,src/core/gamedata/br_obj.c
0x1006CDD0,BrPairReset_10073B90,drawing,filed,src/core/drawing/br_textmode.c
0x1006CDE0,BrBitStreamSkipBytes,gamedata,description,src/core/gamedata/br_bitstream.c
0x1006CE00,BrBitStreamReadU8,gamedata,description,src/core/gamedata/br_bitstream.c
0x1006CF60,BrBitStreamAlignRead,gamedata,description,src/core/gamedata/br_bitstream.c
0x1006CF80,BrBitStreamAtEnd,gamedata,neighbour-1,src/core/gamedata/br_bitstream.c
0x1006CFA0,BrBitStreamWriteU8,gamedata,description,src/core/gamedata/br_bitstream.c
0x1006CFC0,BrBitStreamWriteU16,gamedata,description,src/core/gamedata/br_bitstream.c
0x1006D000,BrBitStreamWriteU24,gamedata,description,src/core/gamedata/br_bitstream.c
0x1006D050,BrBitStreamWriteU32,gamedata,description,src/core/gamedata/br_bitstream.c
0x1006D160,BrBitStreamAlignWrite,gamedata,manual,src/core/gamedata/br_bitstream.c
0x1006D180,BrCountedTotal,settings,filed,src/core/settings/br_state.c
0x1006D190,BrStateGetField10,settings,filed,src/core/settings/br_state.c
0x1006D280,BrStrGet,menus,description,src/core/menus/br_strget.c
0x1006D2A0,BrStrResFree,gamedata,filed,src/core/gamedata/br_strres.c
0x1006D410,BrVec4Normalise,geometry,filed,src/core/geometry/br_vecnorm.c
0x1006D4B0,BrVec3Normalise,geometry,filed,src/core/geometry/br_vecnorm.c
0x1006D940,BrX100746E0,geometry,filed,src/core/geometry/br_x100746.c
0x1006D980,BrMat4MulVec3,geometry,filed,src/core/geometry/br_mat.c
0x1006D9D0,BrMat4MulVec3Transposed,geometry,filed,src/core/geometry/br_mat.c
0x1006DA20,BrMat4TransformPoint,geometry,neighbour,src/core/geometry/br_mat4.c
0x1006DA90,BrMat3MulVec3,geometry,description,src/core/geometry/br_mat3.c
0x1006DAD0,BrRbInitInertia,driving,description,src/core/driving/br_carphys.c
0x1006DC30,BrMat3Skew,geometry,description,src/core/geometry/br_mat3.c
0x1006DC70,BrMat4ToMat3Both,geometry,prefix,src/core/geometry/br_mat3.c
0x1006DCB0,BrMat4ToMat3Transposed,geometry,prefix,src/core/geometry/br_mat3.c
0x1006DCF0,BrMat4ToMat3,geometry,prefix,src/core/geometry/br_mat3.c
0x1006DD80,BrMat3Sub,geometry,description,src/core/geometry/br_mat3.c
0x1006E020,BrFontSetRenderDst,drawing,filed,src/core/drawing/br_font.c
0x1006E030,BrFontTexInitAll,drawing,filed,src/core/drawing/br_font.c
0x1006E060,BrSub10074E00,drawing,neighbour-1,src/core/drawing/br_texdetail.c
0x1006E080,BrSub10074E20,drawing,neighbour-1,src/core/drawing/br_texdetail.c
0x1006E0A0,BrTexDetailBumpNeighbour,drawing,description,src/core/drawing/br_texdetail.c
0x1006E130,FUN_1006e130,drawing,description,src/core/drawing/br_texdetail.c
0x1006E180,BrMutexCreateAA0A0,startup,description,src/core/startup/br_ringmutex.c
0x1006E1A0,BrMutexCloseAA0A0,startup,description,src/core/startup/br_ringmutex.c
0x1006E1D0,BrTexQueuePush,drawing,prefix,src/core/drawing/br_texqueue.c
0x1006E220,BrTexQueuePop,drawing,prefix,src/core/drawing/br_texqueue.c
0x1006E280,BrSub10075020,startup,description,src/core/startup/br_timer.c
0x1006E350,BrGetTimerState,startup,description,src/core/startup/br_timer.c
0x1006E3B0,BrSub10075150,startup,description,src/core/startup/br_timer.c
0x1006E3F0,br86_timer_restart,startup,neighbour-1,src/core/generated/0x1006E3F0.c
0x1006E4A0,br86_timer_end_period,startup,description,src/core/startup/br_frametimer.c
0x1006E4C0,BrSfxSrcStart,audio,filed,src/core/audio/br_sfxsrc.c
0x1006E530,BrSfxSrcPlay,audio,filed,src/core/audio/br_sfxsrc.c
0x1006E560,BrSfxSrcPlaySilent,audio,filed,src/core/audio/br_sfxsrc.c
0x1006E580,BrThunk6E580,audio,filed,src/core/audio/br_sfxsrc.c
0x1006E590,BrNop6E590,audio,neighbour-1,src/core/audio/br_sfxsrc.c
0x1006E5A0,BrMat4SetLastColumn,geometry,prefix,src/core/geometry/br_mat.c
0x1006EA70,BrCarTickMessages,racing,filed,src/core/racing/br_cartick.c
0x1006EB00,FUN_1006eb00,racing,description,src/core/racing/br_wrongway.c
0x1006F680,BrEntSetPos,scene,description,src/core/scene/br_entpos.c
0x1006F970,BrEntSetMatrix,driving,neighbour-1,src/core/driving/br_entstate.c
0x1006FA10,BrEntSetVel,driving,neighbour-1,src/core/driving/br_entstate.c
0x1006FA90,BrEntSetOrientation,driving,neighbour-1,src/core/driving/br_entstate.c
0x1006FC10,BrEntSetAngVel,driving,description,src/core/driving/br_entstate.c
0x1006FC70,BrEntRefreshColour,drawing,description,src/core/drawing/br_entcolour.c
0x1006FCB0,BrEntSetRecord,drawing,neighbour-1,src/core/drawing/br_entcolour.c
0x1006FF00,BrEntityBindAux,scene,description,src/core/scene/br_entity.c
0x1006FF50,FUN_1006ff50,drawing,manual,src/core/drawing/br_log.c
0x1006FFC0,FUN_1006ffc0,scene,neighbour-1,src/core/generated/0x1006FFC0.c
0x10070170,BrWaveSeekData,controls,filed,src/core/controls/br_input.c
0x10070370,BrOnActivate,controls,filed,src/core/controls/br_input.c
0x100703A0,BrSub100770C0,controls,neighbour-1,src/core/controls/br_dik.c
0x100703D0,FUN_100703d0,controls,neighbour-1,src/core/generated/0x100703D0.c
0x10070490,BrDikGetDeviceState,controls,description,src/core/controls/br_dik.c
0x100706B0,BrDiAcquire,controls,neighbour-1,src/core/generated/0x100706B0.c
0x10071EB0,BrDiKeyboardShutdown,racing,neighbour-1,src/core/generated/0x10071EB0.c
0x10071F00,BrTickAdd_10078C10,racing,filed,src/core/racing/br_replayon.c
0x10071F20,BrDiSetPropRange,controls,description,src/core/controls/br_dicmd.c
0x10071F70,BrDiSetPropDword,controls,description,src/core/controls/br_dicmd.c
0x100720A0,BrDInputShutdown,controls,description,src/core/controls/br_dishutdown.c
0x10072100,BrFfbSetDirection,controls,description,src/core/controls/br_ffb.c
0x10072140,BrFfbSetDurationLong,controls,description,src/core/controls/br_ffb.c
0x10072180,BrFfbSetDurationShort,controls,neighbour-1,src/core/controls/br_ffb.c
0x100721C0,BrFfbCommitDuration,controls,neighbour-1,src/core/controls/br_dicmd.c
0x100723A0,BrFfbSetSpringCoeff,controls,description,src/core/controls/br_dicmd.c
0x10072840,BrExt_10079550,controls,neighbour-1,src/core/generated/0x10072840.c
0x100728C0,BrFfbReprobe,controls,description,src/core/controls/br_ffb.c
0x10073714,BrNop73714,startup,description,src/core/startup/br_dllentry.c
0x10073719,BrNop73719,startup,description,src/core/startup/br_dllentry.c
0x10073974,BrHalt73974,startup,description,src/core/startup/br_dllentry.c
0x10073979,BrHalt73979,startup,description,src/core/startup/br_dllentry.c
0x100745B0,BrCrtOnExit,startup,description,src/core/startup/br_dllentry.c
0x100745E0,BrCrtAtExit,startup,description,src/core/startup/br_dllentry.c
0x100746C0,FUN_100746c0,startup,neighbour-1,src/core/generated/0x100746C0.c
0x10074770,FUN_10074770,startup,neighbour-1,src/core/generated/0x10074770.c
0x100747E0,BrMat3CheckMagic,startup,neighbour-1,src/core/startup/br_dllentry.c
0x10074800,FUN_10074800,startup,neighbour-1,src/core/generated/0x10074800.c
0x10074AE6,FUN_10074ae6,startup,neighbour-1,src/core/startup/br_stubs.c
0x10074B00,BrDllMain,startup,description,src/core/startup/br_dllentry.c
0x10034E30,BrAtan2,geometry,manual,src/core/geometry/br_atan2.c
0x1006E9E0,BrCarTickClocks,racing,manual,src/core/racing/br_cartick.c
0x10036080,BrSlotMark,net,manual,src/core/net/br_slottable.c
0x10003810,BrNetPingSync,net,manual,src/core/generated/0x10003810.c
0x10039580,BrCtlNameFind,controls,manual,src/core/controls/br_ctlname.c
0x10058A30,BrRaceSettingsCommit,menus,manual,src/core/generated/0x10058A30.c
0x1006EBC0,BrCarTickGridCell,racing,manual,src/core/racing/br_cartick.c
0x10034870,BrVec3TransformDivW,geometry,manual,src/core/generated/0x10034870.c
0x100031D0,BrGrid16Pair,gamedata,manual,src/core/generated/0x100031D0.c
0x10059F70,BrBmpWiden24ToRgba,drawing,manual,src/core/generated/0x10059F70.c
0x10003120,BrGrid64Sample,scene,manual,src/core/scene/br_grid64.c
0x1000E270,BrPointProjectXY,drawing,manual,src/core/generated/0x1000E270.c
0x1006E430,BrX100751D0,startup,manual,src/core/startup/br_frametimer.c
0x1006D600,BrCpIntegrateVelocity,driving,manual,src/core/driving/br_carphys.c
0x1005A630,BrImgRegionHasKey,drawing,manual,src/core/generated/0x1005A630.c
