va,size,name
0x10001000,296,
0x10001130,81,
0x10001190,37,
0x100011C0,117,
0x10001240,75,
0x10001290,136,
0x10001320,206,
0x100013F0,73,
0x10001440,88,
0x100014A0,51,
0x100014E0,33,
0x10001510,977,
0x100018F0,399,
0x10001A80,302,
0x10001BB0,210,
0x10001C90,85,
0x10001CF0,1567,
0x10002310,201,
0x100023E0,7,
0x100023F0,106,
0x10002460,252,
0x10002560,7,
0x10002570,7,
0x10002580,471,
0x10002760,56,
0x100027A0,6,
0x100027B0,39,
0x100027E0,80,
0x10002830,60,
0x10002870,109,
0x100028E0,37,
0x10002910,111,
0x10002980,353,
0x10002AF0,37,
0x10002B20,122,
0x10002BA0,88,
0x10002C00,67,
0x10002C50,19,
0x10002C70,61,
0x10002CB0,61,
0x10002CF0,64,
0x10002D30,37,
0x10002D60,90,
0x10002DC0,86,
0x10002E20,94,
0x10002E80,48,
0x10002EB0,86,
0x10002F10,86,
0x10002F70,180,
0x10003030,233,
0x10003120,170,
0x100031D0,94,
0x10003230,66,
0x10003280,66,
0x100032D0,70,
0x10003320,260,
0x10003430,140,
0x100034C0,107,
0x10003530,168,
0x100035E0,148,
0x10003680,104,
0x100036F0,97,
0x10003760,111,
0x100037D0,56,
0x10003810,136,
0x100038A0,77,
0x100038F0,3799,
0x10004900,309,
0x10004A40,136,
0x10004AD0,362,
0x10004C40,59,
0x10004C80,167,
0x10004D30,65,
0x10004D80,60,
0x10004DC0,60,
0x10004E00,287,
0x10004F20,43,
0x10004F50,52,
0x10004F90,52,
0x10004FD0,360,
0x10005140,122,
0x100051C0,368,
0x10005330,194,
0x10005400,153,
0x100054A0,691,
0x10005760,118,
0x100057E0,33,
0x10005810,1070,
0x10005C40,47,
0x10005C70,47,
0x10005CA0,47,
0x10005CD0,430,
0x10005E80,205,
0x10005F50,264,
0x10006060,60,
0x100060A0,6,
0x100060B0,74,
0x10006100,74,
0x10006150,96,
0x100061B0,43,
0x100061E0,97,
0x10006250,93,
0x100062B0,78,
0x10006300,66,
0x10006350,173,
0x10006400,38,
0x10006430,38,
0x10006460,100,
0x100064D0,51,
0x10006510,1018,
0x10006910,57,
0x10006950,61,
0x10006990,55,
0x100069D0,59,
0x10006A10,62,
0x10006A50,78,
0x10006AA0,61,
0x10006AE0,61,
0x10006B20,61,
0x10006B60,57,
0x10006BA0,925,
0x10006F40,738,
0x10007230,901,
0x100075C0,48,
0x100075F0,20,
0x10007610,24,
0x10007630,30,
0x10007650,44,
0x10007680,33,
0x100076B0,51,
0x100076F0,20,
0x10007710,20,
0x10007730,20,
0x10007750,845,
0x10007AA0,680,
0x10007D50,291,
0x10007E80,129,
0x10007F10,36,
0x10007F40,2071,
0x10008760,61,
0x100087A0,30,
0x100087C0,14,
0x100087D0,121,
0x10008850,213,
0x10008930,37,
0x10008960,45,
0x10008990,84,
0x100089F0,64,
0x10008A30,49,
0x10008A70,25,
0x10008A90,32,
0x10008AB0,148,
0x10008B50,80,
0x10008BA0,56,
0x10008BE0,158,
0x10008C80,160,
0x10008D20,47,
0x10008D50,3,
0x10008D60,1,
0x10008D70,74,
0x10008DC0,67,
0x10008E10,67,
0x10008E60,48,
0x10008E90,48,
0x10008EC0,45,
0x10008EF0,159,
0x10008F90,114,
0x10009010,913,
0x100093D0,101,
0x10009530,116,
0x100096A0,469,
0x10009880,236,
0x10009970,93,
0x100099D0,46,
0x10009A00,64,
0x10009A40,178,
0x10009B00,146,
0x10009BA0,85,
0x10009C00,11,
0x10009C10,932,
0x10009FC0,322,
0x1000A110,7577,
0x1000BEB0,1576,
0x1000C4E0,1246,
0x1000C9C0,28,
0x1000C9E0,308,
0x1000CB20,96,
0x1000CB80,29,
0x1000CBA0,3971,
0x1000DC00,702,
0x1000DEC0,8,
0x1000DED0,14,
0x1000DEE0,8,
0x1000DEF0,14,
0x1000DF00,347,
0x1000E060,231,
0x1000E150,287,
0x1000E270,121,
0x1000E2F0,39,
0x1000E320,1992,
0x1000EAF0,9354,
0x10010F80,47,
0x10010FB0,843,
0x10011300,846,
0x10011650,847,
0x100119C0,837,
0x10011D10,5,
0x10011D20,383,
0x10011EA0,253,
0x10011FA0,4500,
0x10013140,160,
0x100131E0,3217,
0x10013E80,128,
0x10013F00,20,
0x10013F20,157,
0x10013FC0,6,
0x10013FD0,217,
0x100140B0,1703,
0x10014760,160,
0x10014800,310,
0x10014960,664,
0x10014C00,164,
0x10014CB0,71,
0x10014D00,246,
0x10014E00,1007,
0x100151F0,79,
0x10015240,190,
0x10015300,402,
0x100154A0,163,
0x10015550,145,
0x100155F0,54,
0x10015630,1239,
0x10015B10,3050,
0x10016800,8,
0x10016810,8,
0x10016820,8,
0x10016830,8,
0x10016840,8,
0x10016850,8,
0x10016860,69,
0x100168B0,10,
0x100168C0,180,
0x10016980,198,
0x10016A50,75,
0x10016AA0,306,
0x10016BE0,174,
0x10016C90,1142,
0x10017110,2039,
0x10017910,1306,
0x10017E30,211,
0x10017F10,25,
0x10017F30,39,
0x10017F60,21,
0x10017F80,529,
0x100181A0,142,
0x10018230,93,
0x10018290,93,
0x100182F0,18,
0x10018310,37,
0x10018340,37,
0x10018370,56,
0x100183B0,803,
0x100186E0,685,
0x10018990,9,
0x100189A0,20,
0x100189C0,21,
0x100189E0,43,
0x10018A10,25,
0x10018A30,13,
0x10018A40,10,
0x10018A50,29,
0x10018A70,32,
0x10018A90,51,
0x10018AD0,32,
0x10018AF0,75,
0x10018B40,32,
0x10018B60,493,
0x10018D50,180,
0x10018E10,114,
0x10018E90,89,
0x10018EF0,203,
0x10018FC0,58,
0x10019000,60,
0x10019040,182,
0x10019210,61,
0x10019250,29,
0x10019270,51,
0x100192B0,30,
0x100192D0,117,
0x10019350,294,
0x10019480,61,
0x100194C0,423,
0x10019670,187,
0x10019730,205,
0x10019800,10,
0x10019810,10,
0x10019820,14,
0x10019830,10,
0x10019840,71,
0x10019890,98,
0x10019900,34,
0x10019930,78,
0x10019980,31,
0x100199A0,106,
0x10019A10,44,
0x10019A40,35,
0x10019A70,11223,
0x1001C6A0,251,
0x1001C7A0,112,
0x1001C810,128,
0x1001C890,312,
0x1001C9D0,96,
0x1001CA30,450,
0x1001CC00,324,RallyMain
0x1001CD50,21,
0x1001CD70,36,
0x1001CDA0,16,
0x1001CDB0,17,
0x1001CDD0,67,
0x1001CE20,348,
0x1001CF80,12,
0x1001CF90,440,
0x1001D150,43,
0x1001D180,33,
0x1001D1B0,1768,
0x1001D8A0,924,
0x1001DC40,55,
0x1001DC80,16,
0x1001DC90,55,
0x1001DCD0,37,
0x1001DD00,65,
0x1001DD50,26,
0x1001DD70,5,
0x1001DD80,545,
0x1001DFB0,198,
0x1001E080,173,
0x1001E130,165,
0x1001E1E0,27,
0x1001E200,27,
0x1001E220,43,
0x1001E250,43,
0x1001E280,43,
0x1001E2B0,43,
0x1001E2E0,30,
0x1001E300,32,
0x1001E320,96,
0x1001E380,914,
0x1001E720,73,
0x1001E770,36,
0x1001E7A0,397,
0x1001E930,183,
0x1001E9F0,110,
0x1001EA60,19,
0x1001EA80,138,
0x1001EB10,17,
0x1001EB30,17,
0x1001EB50,103,
0x1001EBC0,97,
0x1001EC30,178,
0x1001ECF0,378,
0x1001EE70,607,
0x1001F0D0,303,
0x1001F200,170,
0x1001F2B0,311,
0x1001F3F0,311,
0x1001F530,311,
0x1001F670,311,
0x1001F7B0,311,
0x1001F8F0,311,
0x1001FA30,696,
0x1001FCF0,70,
0x1001FD40,37,
0x1001FD70,371,
0x1001FEF0,111,
0x1001FF60,558,
0x10020190,607,
0x100203F0,111,
0x10020460,558,
0x10020690,609,
0x10020900,380,
0x10020A80,609,
0x10020CF0,61,
0x10020D30,61,
0x10020D70,685,
0x10021020,61,
0x10021060,26,
0x10021080,296,
0x100211B0,35,
0x100211E0,33,
0x10021210,43,
0x10021240,8,
0x10021250,27,
0x10021270,766,
0x10021570,79,
0x100215C0,1032,
0x100219D0,75,
0x10021A20,584,
0x10021C70,1019,
0x10022070,170,
0x10022120,162,
0x100221D0,1059,
0x10022600,1212,
0x10022AC0,301,
0x10022BF0,1307,
0x10023110,584,
0x10023360,1019,
0x10023760,172,
0x10023810,152,
0x10023900,27,
0x10023920,156,
0x100239C0,187,
0x10023AA0,103,
0x10023B10,82,
0x10023B70,273,
0x10023C90,29,
0x10023CB0,112,
0x10023D20,75,
0x10023D70,1377,
0x100242E0,430,
0x10024490,468,
0x10024680,205,
0x10024750,843,
0x10024AA0,839,
0x10024DF0,39,
0x10024E30,38,
0x10024E60,617,
0x100250D0,8480,
0x100271F0,44,
0x10027220,97,
0x10027290,96,
0x100272F0,715,
0x100275C0,333,
0x10027710,319,
0x10027850,441,
0x10027A10,85,
0x10027A70,235,
0x10027B60,358,
0x10027CD0,318,
0x10027E10,227,
0x10027F00,124,
0x10027F80,39,
0x10027FB0,522,
0x100281C0,64,
0x10028200,441,
0x100283C0,83,
0x10028420,183,
0x100284E0,253,
0x100285E0,55,
0x10028620,440,
0x100287E0,52,
0x10028820,476,
0x10028B50,92,
0x10028BB0,1755,
0x10029290,253,
0x100293D0,19,
0x100293F0,33,
0x10029420,83,
0x10029480,109,
0x100294F0,20,
0x10029510,94,
0x10029570,25,
0x10029590,26,
0x100295B0,244,
0x100296B0,91,
0x10029710,107,
0x10029780,55,
0x100297C0,47,
0x100297F0,196,
0x100298C0,216,
0x100299A0,361,
0x10029B10,64,
0x10029B50,285,
0x10029C70,91,
0x10029CD0,153,
0x10029D70,224,
0x10029E50,47,
0x10029E80,59,
0x10029EC0,288,
0x10029FE0,106,
0x1002A050,427,
0x1002A200,645,
0x1002A490,57,
0x1002A4D0,186,
0x1002A590,514,
0x1002A7A0,70,
0x1002A7F0,71,
0x1002A840,84,
0x1002A894,46,
0x1002A8C2,21,
0x1002A8D7,91,
0x1002A932,10,
0x1002A93C,27,
0x1002A957,155,
0x1002A9F2,5,
0x1002A9F7,315,
0x1002AB32,93,
0x1002AB8F,5,
0x1002AB94,5,
0x1002AB99,416,
0x1002AD39,478,
0x1002AF17,1241,
0x1002B3F0,144,
0x1002B480,1303,
0x1002B997,1421,
0x1002BF24,19,
0x1002BF37,20,
0x1002BF4B,5,
0x1002BF50,419,
0x1002C0F3,502,
0x1002C2E9,442,
0x1002C4A3,102,
0x1002C509,5,
0x1002C50E,1585,
0x1002CB3F,5,
0x1002CB44,5,
0x1002CB49,744,
0x1002CE31,46,
0x1002CE5F,59,
0x1002CE9A,79,
0x1002CEE9,1145,
0x1002D362,466,
0x1002D534,251,
0x1002D62F,255,
0x1002D72E,310,
0x1002D864,586,
0x1002DB0B,125,
0x1002DB88,424,
0x1002DD30,106,
0x1002DD9A,106,
0x1002DE04,103,
0x1002DE6B,88,
0x1002DEC3,627,
0x1002E136,5,
0x1002E13B,75,
0x1002E186,344,
0x1002E2DE,5,
0x1002E2E3,5,
0x1002E2E8,13,
0x1002E2F5,13,
0x1002E302,21,
0x1002E317,13,
0x1002E324,11,
0x1002E32F,5,
0x1002E334,5,
0x1002E339,32,
0x1002E359,29,
0x1002E376,579,
0x1002E5B9,313,
0x1002E6F2,24,
0x1002E70A,7,
0x1002E711,41,
0x1002E73A,101,
0x1002E79F,868,
0x1002EB03,201,
0x1002EBCC,5,
0x1002EBD1,91,
0x1002EC2C,10,
0x1002EC36,118,
0x1002ECAC,21,
0x1002ECC1,21,
0x1002ECD6,21,
0x1002ECEB,1357,
0x1002F238,10,
0x1002F242,22,
0x1002F258,19,
0x1002F26B,23,
0x1002F282,142,
0x1002F310,39,
0x1002F340,49,
0x1002F380,690,
0x1002F640,31,
0x1002F660,21,
0x1002F680,59,
0x1002F6C0,11,
0x1002F6D0,185,
0x1002F790,2517,
0x10030270,47,
0x100302A0,1062,
0x100306D0,51,
0x10030710,84,
0x10030770,1641,
0x10030DE0,340,
0x10030F40,11,
0x10030F50,128,
0x10030FD0,83,
0x10031030,263,
0x10031140,118,
0x100311C0,770,
0x100314D0,398,
0x10031660,58,
0x100316A0,43,
0x100316D0,563,
0x10031910,76,
0x10031960,217,
0x10031A40,64,
0x10031A80,52,
0x10031AC0,188,
0x10031B80,1549,
0x10032190,368,
0x10032320,461,
0x100324F0,10,
0x10032500,10,
0x10032510,14,
0x10032520,10,
0x10032530,121,
0x100325B0,196,
0x10032680,32,
0x100326A0,469,
0x10032880,1464,
0x10032E40,1881,
0x100335A0,726,
0x10033880,315,
0x100339C0,398,
0x10033B50,92,
0x10033BB0,219,
0x10033C90,67,
0x10033CE0,73,
0x10033D30,601,
0x10033F90,55,
0x10033FD0,55,
0x10034010,657,
0x100342B0,83,
0x10034310,39,
0x10034340,31,
0x10034360,37,
0x10034390,43,
0x100343C0,43,
0x100343F0,45,
0x10034420,168,
0x100344D0,141,
0x10034560,37,
0x10034590,35,
0x100345C0,37,
0x100345F0,33,
0x10034620,57,
0x10034660,49,
0x100346A0,45,
0x100346D0,55,
0x10034710,15,
0x10034720,55,
0x10034760,75,
0x100347B0,63,
0x100347F0,65,
0x10034840,46,
0x10034870,174,
0x10034920,157,
0x100349C0,165,
0x10034A70,115,
0x10034AF0,126,
0x10034B70,696,
0x10034E30,393,
0x10034FC0,295,
0x100350F0,544,
0x10035310,176,
0x100353C0,10,
0x100353D0,41,
0x10035400,307,
0x10035533,174,
0x100355F0,111,
0x10035660,79,
0x100356B0,295,
0x100357E0,136,
0x10035870,71,
0x100358C0,47,
0x100358F0,320,
0x10035A30,134,
0x10035AC0,231,
0x10035BB0,46,
0x10035BE0,108,
0x10035C50,383,
0x10035DD0,615,
0x10036040,53,
0x10036080,123,
0x10036100,33,
0x10036130,103,
0x100361A0,120,
0x10036220,224,
0x10036300,289,
0x10036430,212,
0x10036510,311,
0x10036650,30,
0x10036670,68,
0x100366C0,55,
0x10036700,53,
0x10036740,127,
0x100367C0,71,
0x10036810,142,
0x100368A0,389,
0x10036A30,227,
0x10036B20,805,
0x10036E50,158,
0x10036EF0,65,
0x10036F40,161,
0x10036FF0,77,
0x10037040,77,
0x10037090,69,
0x100370E0,77,
0x10037130,67,
0x10037180,28,
0x100371A0,67,
0x100371F0,108,
0x10037260,78,
0x100372B0,933,
0x10037660,66,
0x100376B0,33,
0x100376E0,33,
0x10037710,10,
0x10037720,90,
0x10037780,25,
0x100377A0,205,
0x10037870,68,
0x100378C0,85,
0x10037920,137,
0x100379B0,362,
0x10037B20,368,
0x10037C90,289,
0x10037DC0,148,
0x10037E60,100,
0x10037ED0,11,
0x10037EE0,13,
0x10037EF0,73,
0x10037F40,35,
0x10037F70,43,
0x10037FA0,92,
0x10038000,92,
0x10038060,78,
0x100380B0,74,
0x10038100,74,
0x10038150,40,
0x10038180,40,
0x100381B0,31,
0x100381D0,72,
0x10038220,40,
0x10038250,74,
0x100382A0,40,
0x100382D0,78,
0x10038320,40,
0x10038350,48,
0x10038380,153,
0x10038420,107,
0x10038490,39,
0x100384C0,144,
0x10038550,39,
0x10038580,82,
0x100385E0,6,
0x100385F0,82,
0x10038650,82,
0x100386B0,147,
0x10038750,107,
0x100387C0,39,
0x100387F0,112,
0x10038860,285,
0x10038980,200,
0x10038A80,156,
0x10038B20,131,
0x10038BC0,131,
0x10038C60,61,
0x10038CA0,136,
0x10038D30,100,
0x10038DA0,100,
0x10038E10,180,
0x10038ED0,100,
0x10038F40,567,
0x10039180,100,
0x100391F0,113,
0x10039270,100,
0x100392E0,100,
0x10039350,100,
0x100393C0,330,
0x10039510,100,
0x10039580,136,
0x10039620,563,
0x10039870,277,
0x10039990,540,
0x10039BC0,60,
0x10039C00,89,
0x10039C70,98,
0x10039CE0,61,
0x10039D20,129,
0x10039DB0,30,
0x10039DD0,30,
0x10039DF0,30,
0x10039E10,91,
0x10039E70,30,
0x10039E90,64,
0x10039ED0,30,
0x10039EF0,30,
0x10039F10,30,
0x10039F30,40,
0x10039F60,42,
0x10039F90,108,
0x1003A000,108,
0x1003A070,197,
0x1003A140,360,
0x1003A2B0,360,
0x1003A420,341,
0x1003A580,322,
0x1003A6D0,322,
0x1003A820,16,
0x1003A830,11,
0x1003A840,16,
0x1003A850,16,
0x1003A860,164,
0x1003A910,245,
0x1003AA10,238,
0x1003AB00,200,
0x1003ABD0,159,
0x1003AC70,158,
0x1003AD10,182,
0x1003ADD0,30,
0x1003ADF0,62,
0x1003AE30,26,
0x1003AE50,62,
0x1003AE90,51,
0x1003AED0,90,
0x1003AF30,42,
0x1003AF60,179,
0x1003B020,144,
0x1003B0B0,115,
0x1003B130,536,
0x1003B350,554,
0x1003B580,331,
0x1003B6D0,671,
0x1003B970,179,
0x1003BA30,144,
0x1003BAC0,469,
0x1003BCA0,309,
0x1003BDE0,528,
0x1003BFF0,48,
0x1003C020,48,
0x1003C050,48,
0x1003C080,331,
0x1003C1D0,99,
0x1003C240,99,
0x1003C2B0,92,
0x1003C310,93,
0x1003C370,93,
0x1003C3D0,93,
0x1003C430,458,
0x1003C600,208,
0x1003C6D0,211,
0x1003C7B0,201,
0x1003C880,201,
0x1003C950,178,
0x1003CA10,201,
0x1003CAE0,93,
0x1003CB40,93,
0x1003CBA0,93,
0x1003CC00,93,
0x1003CC60,67,
0x1003CCB0,77,
0x1003CD00,32,
0x1003CD20,64,
0x1003CD60,490,
0x1003CF50,491,
0x1003D140,219,
0x1003D220,201,
0x1003D2F0,201,
0x1003D3C0,216,
0x1003D4A0,66,
0x1003D4F0,30,
0x1003D510,66,
0x1003D560,29,
0x1003D580,29,
0x1003D5A0,29,
0x1003D5C0,29,
0x1003D5E0,29,
0x1003D600,29,
0x1003D620,201,
0x1003D6F0,210,
0x1003D7D0,340,
0x1003D930,222,
0x1003DA10,122,
0x1003DA90,162,
0x1003DB50,203,
0x1003DC20,254,
0x1003DD20,407,
0x1003DEC0,178,
0x1003DF80,170,
0x1003E030,85,
0x1003E090,66,
0x1003E0E0,214,
0x1003E1C0,56,
0x1003E200,66,
0x1003E250,221,
0x1003E330,56,
0x1003E370,223,
0x1003E450,66,
0x1003E4A0,244,
0x1003E5A0,57,
0x1003E5E0,42,
0x1003E610,47,
0x1003E640,30,
0x1003E660,201,
0x1003E730,214,
0x1003E810,201,
0x1003E8E0,201,
0x1003E9B0,184,
0x1003EA70,201,
0x1003EB40,201,
0x1003EC10,32,
0x1003EC30,32,
0x1003EC50,32,
0x1003EC70,32,
0x1003EC90,32,
0x1003ECB0,32,
0x1003ECD0,32,
0x1003ECF0,32,
0x1003ED10,32,
0x1003ED30,32,
0x1003ED50,32,
0x1003ED70,32,
0x1003ED90,244,
0x1003EE90,165,
0x1003EF40,72,
0x1003EF90,201,
0x1003F060,201,
0x1003F130,293,
0x1003F260,212,
0x1003F340,201,
0x1003F410,293,
0x1003F540,201,
0x1003F610,239,
0x1003F700,284,
0x1003F820,57,
0x1003F860,56,
0x1003F8A0,74,
0x1003F8F0,66,
0x1003F940,56,
0x1003F980,56,
0x1003F9C0,56,
0x1003FA00,61,
0x1003FA40,56,
0x1003FA80,56,
0x1003FAC0,66,
0x1003FB10,76,
0x1003FB60,56,
0x1003FBA0,56,
0x1003FBE0,158,
0x1003FC80,56,
0x1003FCC0,158,
0x1003FD60,56,
0x1003FDA0,158,
0x1003FE40,56,
0x1003FE80,158,
0x1003FF20,56,
0x1003FF60,158,
0x10040000,56,
0x10040040,158,
0x100400E0,56,
0x10040120,66,
0x10040170,66,
0x100401C0,76,
0x10040210,76,
0x10040260,146,
0x10040300,158,
0x100403A0,13,
0x100403B0,90,
0x10040410,13,
0x10040420,119,
0x100404A0,13,
0x100404B0,56,
0x100404F0,56,
0x10040530,56,
0x10040570,132,
0x10040600,55,
0x10040640,32,
0x10040660,63,
0x100406A0,63,
0x100406E0,161,
0x10040790,32,
0x100407B0,251,
0x10040900,36,
0x10040930,36,
0x10040960,36,
0x10040990,35,
0x100409C0,36,
0x100409F0,36,
0x10040A20,24,
0x10040A40,71,
0x10040A90,91,
0x10040AF0,19,
0x10040B10,478,
0x10040CF0,30,
0x10040D10,97,
0x10040D80,79,
0x10040DD0,65,
0x10040E20,51,
0x10040E60,68,
0x10040EB0,587,
0x10041100,48,
0x10041130,38,
0x10041160,30,
0x10041180,373,
0x10041300,247,
0x10041400,92,
0x10041460,70,
0x100414B0,52,
0x100414F0,218,
0x100415D0,738,
0x100418C0,77,
0x10041910,30,
0x10041930,7,
0x10041940,64,
0x10041980,468,
0x10041B60,309,
0x10041CA0,30,
0x10041CC0,63,
0x10041D00,11,
0x10041D10,160,
0x10041DB0,20,
0x10041DD0,249,
0x10041ED0,119,
0x10041F50,1668,
0x100425E0,2659,
0x10043050,794,
0x10043370,800,
0x10043690,800,
0x100439B0,3746,
0x10044860,2439,
0x100451F0,1749,
0x100458D0,1565,
0x10045EF0,1834,
0x10046620,908,
0x100469B0,1210,
0x10046E70,2114,
0x100476C0,24,
0x100476E0,2679,
0x10048160,1091,
0x100485B0,2389,
0x10048F10,2433,
0x100498A0,3993,
0x1004A840,923,
0x1004ABE0,760,
0x1004AEE0,3862,
0x1004BE00,3475,
0x1004CBA0,3671,
0x1004DA00,3394,
0x1004E750,2877,
0x1004F290,1570,
0x1004F8C0,1498,
0x1004FEA0,1532,
0x100504A0,1558,
0x10050AC0,2701,
0x10051550,35,
0x10051580,40,
0x100515B0,72,
0x10051600,4109,
0x10052610,1091,
0x10052A60,2863,
0x10053590,1932,
0x10053D20,305,
0x10053E60,3,
0x10053E70,77,
0x10053EC0,30,
0x10053EE0,7,
0x10053EF0,140,
0x10053F80,153,
0x10054020,80,
0x10054070,86,
0x100540D0,212,
0x100541B0,196,
0x10054280,219,
0x10054360,37,
0x10054390,442,
0x10054550,112,
0x100545C0,59,
0x10054600,5,
0x10054610,218,
0x100546F0,30,
0x10054710,28,
0x10054730,618,
0x100549A0,132,
0x10054A30,999,
0x10054E20,510,
0x10055020,110,
0x10055090,73,
0x100550E0,581,
0x10055330,117,
0x100553B0,1453,
0x10055960,68,
0x100559B0,82,
0x10055A10,30,
0x10055A30,7,
0x10055A40,165,
0x10055AF0,348,
0x10055C50,238,
0x10055D40,391,
0x10055ED0,108,
0x10055F40,799,
0x10056260,8349,
0x10058300,88,
0x10058360,19,
0x10058380,53,
0x100583C0,379,
0x10058540,309,
0x10058680,629,
0x10058900,289,
0x10058A30,183,
0x10058AF0,323,
0x10058C70,19,
0x10058C90,37,
0x10058CC0,59,
0x10058D00,53,
0x10058D40,215,
0x10058E20,353,
0x10058F90,12,
0x10058FA0,41,
0x10058FD0,67,
0x10059020,23,
0x10059040,28,
0x10059060,56,
0x100590A0,33,
0x100590D0,419,
0x10059280,71,
0x100592D0,18,
0x100592F0,35,
0x10059320,34,
0x10059350,181,
0x10059410,939,
0x100597C0,48,
0x100597F0,43,
0x10059820,554,
0x10059A50,44,
0x10059A80,673,
0x10059D30,129,
0x10059DC0,29,
0x10059DE0,28,
0x10059E00,46,
0x10059E30,29,
0x10059E50,28,
0x10059E70,136,
0x10059F00,5,
0x10059F10,90,
0x10059F70,102,
0x10059FE0,63,
0x1005A020,72,
0x1005A070,6,
0x1005A080,399,
0x1005A210,101,
0x1005A280,121,
0x1005A300,286,
0x1005A420,87,
0x1005A480,91,
0x1005A4E0,30,
0x1005A500,297,
0x1005A630,105,
0x1005A6A0,61,
0x1005A6E0,82,
0x1005A740,53,
0x1005A780,30,
0x1005A7A0,1206,
0x1005AC60,119,
0x1005ACE0,776,
0x1005AFF0,3210,
0x1005BCC0,1909,
0x1005C440,5,
0x1005C450,62,
0x1005C490,201,
0x1005C560,368,
0x1005C6D0,468,
0x1005C8B0,1951,
0x1005D050,9,
0x1005D060,856,
0x1005D3C0,937,
0x1005D770,3858,
0x1005E690,9,
0x1005E6A0,216,
0x1005E780,34,
0x1005E7B0,979,
0x1005EB90,345,
0x1005ECF0,204,
0x1005EDC0,1110,
0x1005F220,233,
0x1005F310,538,
0x1005F530,77,
0x1005F580,259,
0x1005F690,43,
0x1005F6C0,2104,
0x1005FF00,2538,
0x100608F0,118,
0x10060970,60,
0x100609B0,29,
0x100609D0,24,
0x100609F0,21,
0x10060A10,19,
0x10060A30,286,
0x10060B50,216,
0x10060C30,380,
0x10060DB0,50,
0x10060DF0,11,
0x10060E00,11,
0x10060E10,24,
0x10060E30,143,
0x10060EC0,120,
0x10060F40,683,
0x100611F0,102,
0x10061280,70,
0x100612D0,62,
0x10061310,273,
0x10061430,11,
0x10061440,37,
0x10061470,2757,
0x10061F60,1073,
0x100623A0,58,
0x100623E0,286,
0x10062500,77,
0x10062550,77,
0x100625A0,77,
0x100625F0,18,
0x10062610,41,
0x10062640,363,
0x100627B0,102,
0x10062830,18,
0x10062850,23,
0x10062870,49,
0x100628B0,525,
0x10062AC0,10,
0x10062AD0,10,
0x10062AE0,14,
0x10062AF0,10,
0x10062B00,12,
0x10062B10,103,
0x10062B80,169,
0x10062C30,98,
0x10062CA0,87,
0x10062D00,330,
0x10062E50,524,
0x10063060,1104,
0x100634B0,930,
0x10063860,212,
0x10063940,45,
0x10063970,84,
0x100639D0,36,
0x10063A00,51,
0x10063A40,11,
0x10063A50,6,
0x10063A60,103,
0x10063AD0,111,
0x10063B40,6,
0x10063B50,12,
0x10063B60,17,
0x10063B80,282,
0x10063CA0,21,
0x10063CC0,215,
0x10063DA0,6,
0x10063DB0,20,
0x10063DD0,134,
0x10063E60,310,
0x10063FA0,382,
0x10064120,238,
0x10064210,223,
0x100642F0,228,
0x100643E0,218,
0x100644C0,214,
0x100645A0,3070,
0x100651A0,1355,
0x100656F0,599,
0x10065950,41,
0x10065980,760,
0x10065C80,1448,
0x10066230,38,
0x10066260,644,
0x100664F0,278,
0x10066610,492,
0x10066800,332,
0x10066950,322,
0x10066AA0,35,
0x10066AD0,669,
0x10066D70,1782,
0x10067470,668,
0x10067710,1301,
0x10067C30,762,
0x10067F30,305,
0x10068070,581,
0x100682C0,387,
0x10068450,134,
0x100684F0,265,
0x10068600,200,
0x100686D0,551,
0x10068900,1653,
0x10068F80,1444,
0x10069530,106,
0x100695C0,877,
0x10069930,325,
0x10069A80,828,
0x10069DC0,19,
0x10069DE0,649,
0x1006A070,15,
0x1006A080,641,
0x1006A310,12,
0x1006A320,5,
0x1006A330,177,
0x1006A3F0,79,
0x1006A440,61,
0x1006A480,61,
0x1006A4C0,16,
0x1006A4D0,100,
0x1006A540,10,
0x1006A550,28,
0x1006A570,14,
0x1006A580,23,
0x1006A5A0,69,
0x1006A5F0,84,
0x1006A650,400,
0x1006A7E0,748,
0x1006AAD0,30,
0x1006AAF0,110,
0x1006AB60,27,
0x1006AB80,803,
0x1006AEB0,234,
0x1006AFA0,71,
0x1006AFF0,144,
0x1006B080,83,
0x1006B0E0,250,
0x1006B1E0,92,
0x1006B240,370,
0x1006B3C0,56,
0x1006B400,31,
0x1006B420,21,
0x1006B440,79,
0x1006B490,35,
0x1006B4C0,37,
0x1006B4F0,63,
0x1006B530,128,
0x1006B5B0,64,
0x1006B5F0,118,
0x1006B670,66,
0x1006B6C0,32,
0x1006B6E0,75,
0x1006B730,89,
0x1006B790,235,
0x1006B880,201,
0x1006B950,21,
0x1006B970,111,
0x1006B9E0,26,
0x1006BA00,96,
0x1006BA60,21,
0x1006BA80,29,
0x1006BAA0,75,
0x1006BAF0,27,
0x1006BB10,72,
0x1006BB60,48,
0x1006BB90,124,
0x1006BC10,352,
0x1006BD70,90,
0x1006BDD0,379,
0x1006BF50,61,
0x1006BF90,54,
0x1006BFD0,29,
0x1006BFF0,31,
0x1006C010,635,
0x1006C290,459,
0x1006C460,109,
0x1006C4D0,450,
0x1006C6A0,176,
0x1006C750,51,
0x1006C790,105,
0x1006C800,25,
0x1006C820,46,
0x1006C850,46,
0x1006C880,46,
0x1006C8B0,91,
0x1006C910,52,
0x1006C950,57,
0x1006C990,994,
0x1006CD80,22,
0x1006CDA0,29,
0x1006CDC0,14,
0x1006CDD0,14,
0x1006CDE0,24,
0x1006CE00,23,
0x1006CE20,33,
0x1006CE50,44,
0x1006CE80,73,
0x1006CED0,133,
0x1006CF60,19,
0x1006CF80,25,
0x1006CFA0,32,
0x1006CFC0,52,
0x1006D000,70,
0x1006D050,88,
0x1006D0B0,164,
0x1006D160,22,
0x1006D180,12,
0x1006D190,4,
0x1006D1A0,209,
0x1006D280,27,
0x1006D2A0,50,
0x1006D2E0,290,
0x1006D410,148,
0x1006D4B0,113,
0x1006D530,206,
0x1006D600,169,
0x1006D6B0,405,
0x1006D850,239,
0x1006D940,54,
0x1006D980,67,
0x1006D9D0,67,
0x1006DA20,100,
0x1006DA90,60,
0x1006DAD0,349,
0x1006DC30,59,
0x1006DC70,63,
0x1006DCB0,53,
0x1006DCF0,46,
0x1006DD20,81,
0x1006DD80,70,
0x1006DDD0,156,
0x1006DE70,417,
0x1006E020,10,
0x1006E030,35,
0x1006E060,17,
0x1006E080,30,
0x1006E0A0,130,
0x1006E130,71,
0x1006E180,27,
0x1006E1A0,43,
0x1006E1D0,77,
0x1006E220,95,
0x1006E280,201,
0x1006E350,6,
0x1006E360,68,
0x1006E3B0,56,
0x1006E3F0,51,
0x1006E430,111,
0x1006E4A0,18,
0x1006E4C0,99,
0x1006E530,34,
0x1006E560,31,
0x1006E580,5,
0x1006E590,1,
0x1006E5A0,19,
0x1006E5C0,1044,
0x1006E9E0,132,
0x1006EA70,130,
0x1006EB00,180,
0x1006EBC0,104,
0x1006EC30,1331,
0x1006F170,1295,
0x1006F680,147,
0x1006F720,279,
0x1006F840,289,
0x1006F970,152,
0x1006FA10,123,
0x1006FA90,369,
0x1006FC10,93,
0x1006FC70,63,
0x1006FCB0,41,
0x1006FCE0,104,
0x1006FD50,50,
0x1006FD90,368,
0x1006FF00,67,
0x1006FF50,109,
0x1006FFC0,425,
0x10070170,54,
0x100701B0,205,
0x10070280,229,
0x10070370,45,
0x100703A0,37,
0x100703D0,187,
0x10070490,78,
0x100704E0,272,
0x100705F0,186,
0x100706B0,28,
0x100706D0,4145,
0x10071710,695,
0x100719D0,1246,
0x10071EB0,70,
0x10071F00,31,
0x10071F20,75,
0x10071F70,67,
0x10071FC0,213,
0x100720A0,87,
0x10072100,52,
0x10072140,53,
0x10072180,53,
0x100721C0,78,
0x10072210,391,
0x100723A0,40,
0x100723D0,239,
0x100724C0,434,
0x10072680,440,
0x10072840,120,
0x100728C0,145,
0x10072960,6,
0x10072966,6,
0x1007296C,6,
0x10072972,6,
0x10072978,6,
0x1007297E,6,
0x10072984,6,
0x1007298A,6,
0x10072990,6,
0x10072996,6,
0x1007299C,6,
0x100729A2,6,
0x100729A8,6,
0x100729AE,6,
0x100729B4,6,
0x100729BA,6,
0x100729C0,6,
0x100729C6,6,
0x100729CC,6,
0x100729D2,6,
0x100729D8,6,
0x100729DE,6,
0x100729E4,6,
0x100729EA,6,
0x100729F0,6,
0x100729F6,6,
0x100729FC,6,
0x10072A02,6,
0x10072A08,6,
0x10072A0E,6,
0x10072A14,6,
0x10072A1A,6,
0x10072A20,6,
0x10072A26,6,
0x10072A2C,6,
0x10072A32,6,
0x10072A38,6,
0x10072A3E,6,
0x10072A44,6,
0x10073704,3,
0x10073709,3,
0x10073714,1,
0x10073719,1,
0x10073784,3,
0x10073789,3,
0x10073794,1,
0x10073799,1,
0x100737D4,1,
0x100737D9,1,
0x10073974,5,
0x10073979,5,
0x10073994,357,
0x10073AF8,6,
0x10074558,6,
0x10074560,6,
0x10074566,6,
0x1007456C,6,
0x10074572,6,
0x10074580,47,
0x100745B0,48,
0x100745E0,21,
0x10074600,6,
0x10074606,6,
0x10074610,104,
0x10074680,52,
0x100746B4,6,
0x100746C0,115,
0x10074733,6,
0x10074739,23,
0x10074750,19,
0x10074770,64,
0x100747B0,13,
0x100747BD,29,
0x100747E0,22,
0x10074800,111,
0x1007486F,9,
0x10074878,20,
0x1007488C,19,
0x100748A0,6,
0x100748B0,170,
0x10074960,205,
0x10074A30,173,
0x10074AE0,6,
0x10074AE6,6,
0x10074AEC,6,
0x10074AF2,6,
0x10074B00,35,
0x10074B30,11,
0x10074B3B,10,
0x10074B50,11,
0x10074B5B,10,
0x10074B70,11,
0x10074B7B,10,
0x10074B90,11,
0x10074B9B,10,
0x10074BB0,11,
0x10074BBB,10,
0x10074BD0,11,
0x10074BDB,10,
0x10074BF0,11,
0x10074BFB,10,
0x10074C10,11,
0x10074C1B,10,
0x10074C30,11,
0x10074C3B,10,
0x10074C50,11,
0x10074C5B,10,
0x10074C70,11,
0x10074C7B,10,
0x10074C90,11,
0x10074C9B,10,
0x10074CB0,11,
0x10074CBB,10,
0x10074CD0,11,
0x10074CDB,10,
0x10074CF0,11,
0x10074CFB,10,
0x10074D10,11,
0x10074D1B,10,
0x10074D30,11,
0x10074D3B,10,
0x10074D50,11,
0x10074D5B,10,
0x10074D70,11,
0x10074D7B,10,
0x10074D90,11,
0x10074D9B,10,
0x10074DB0,11,
0x10074DBB,10,
0x10074DD0,11,
0x10074DDB,10,
0x10074DF0,11,
0x10074DFB,10,
0x10074E10,11,
0x10074E1B,10,
0x10074E30,11,
0x10074E3B,10,
0x10074E50,11,
0x10074E5B,10,
0x10074E70,11,
0x10074E7B,10,
0x10074E90,11,
0x10074E9B,10,
0x10074EB0,11,
0x10074EBB,10,
0x10074ED0,11,
0x10074EDB,10,
0x10074EF0,11,
0x10074EFB,10,
0x10074F10,11,
0x10074F1B,10,
0x10074F30,11,
0x10074F3B,10,
0x10074F50,11,
0x10074F5B,11,
0x10074F66,10,
0x10074F70,11,
0x10074F7B,10,
0x10074F90,11,
0x10074F9B,10,
0x10074FB0,11,
0x10074FBB,11,
0x10074FC6,10,
0x10074FD0,11,
0x10074FDB,10,
0x10074FF0,11,
0x10074FFB,10,
0x10075010,11,
0x1007501B,10,
0x10075030,27,
0x1007504B,10,
0x10075060,27,
0x1007507B,10,
0x10075090,11,
0x1007509B,11,
0x100750A6,10,
0x100750B0,11,
0x100750BB,11,
0x100750C6,11,
0x100750D1,11,
0x100750DC,11,
0x100750E7,11,
0x100750F2,11,
0x100750FD,11,
0x10075108,11,
0x10075113,11,
0x1007511E,11,
0x10075129,11,
0x10075134,11,
0x1007513F,11,
0x1007514A,11,
0x10075155,11,
0x10075160,11,
0x1007516B,10,
0x10075180,11,
0x1007518B,11,
0x10075196,11,
0x100751A1,11,
0x100751AC,11,
0x100751B7,10,
0x100751D0,11,
0x100751DB,11,
0x100751E6,11,
0x100751F1,11,
0x100751FC,11,
0x10075207,10,
0x10075220,11,
0x1007522B,11,
0x10075236,11,
0x10075241,11,
0x1007524C,11,
0x10075257,10,
0x10075270,11,
0x1007527B,11,
0x10075286,11,
0x10075291,11,
0x1007529C,11,
0x100752A7,11,
0x100752B2,11,
0x100752BD,11,
0x100752C8,11,
0x100752D3,11,
0x100752DE,11,
0x100752E9,11,
0x100752F4,11,
0x100752FF,11,
0x1007530A,11,
0x10075315,11,
0x10075320,11,
0x1007532B,11,
0x10075336,11,
0x10075341,11,
0x1007534C,11,
0x10075357,11,
0x10075362,11,
0x1007536D,10,
0x10075380,11,
0x1007538B,11,
0x10075396,11,
0x100753A1,11,
0x100753AC,11,
0x100753B7,11,
0x100753C2,11,
0x100753CD,11,
0x100753D8,11,
0x100753E3,11,
0x100753EE,11,
0x100753F9,11,
0x10075404,11,
0x1007540F,11,
0x1007541A,11,
0x10075425,10,
0x10075430,11,
0x1007543B,11,
0x10075446,11,
0x10075451,11,
0x1007545C,11,
0x10075467,11,
0x10075472,11,
0x1007547D,11,
0x10075488,11,
0x10075493,11,
0x1007549E,11,
0x100754A9,10,
0x100754C0,11,
0x100754CB,11,
0x100754D6,11,
0x100754E1,11,
0x100754EC,11,
0x100754F7,11,
0x10075502,11,
0x1007550D,11,
0x10075518,11,
0x10075523,11,
0x1007552E,10,
0x10075540,11,
0x1007554B,11,
0x10075556,11,
0x10075561,11,
0x1007556C,11,
0x10075577,11,
0x10075582,11,
0x1007558D,11,
0x10075598,11,
0x100755A3,11,
0x100755AE,11,
0x100755B9,10,
0x100755D0,11,
0x100755DB,11,
0x100755E6,11,
0x100755F1,11,
0x100755FC,11,
0x10075607,11,
0x10075612,10,
0x10075620,11,
0x1007562B,11,
0x10075636,11,
0x10075641,11,
0x1007564C,11,
0x10075657,11,
0x10075662,11,
0x1007566D,11,
0x10075678,10,
0x10075690,11,
0x1007569B,11,
0x100756A6,11,
0x100756B1,11,
0x100756BC,11,
0x100756C7,11,
0x100756D2,11,
0x100756DD,11,
0x100756E8,11,
0x100756F3,11,
0x100756FE,11,
0x10075709,11,
0x10075714,11,
0x1007571F,10,
0x10075730,11,
0x1007573B,11,
0x10075746,11,
0x10075751,11,
0x1007575C,11,
0x10075767,11,
0x10075772,11,
0x1007577D,11,
0x10075788,11,
0x10075793,11,
0x1007579E,11,
0x100757A9,11,
0x100757B4,11,
0x100757BF,11,
0x100757CA,11,
0x100757D5,11,
0x100757E0,11,
0x100757EB,10,
0x10075800,11,
0x1007580B,11,
0x10075816,11,
0x10075821,11,
0x1007582C,11,
0x10075837,11,
0x10075842,11,
0x1007584D,10,
0x10075860,11,
0x1007586B,11,
0x10075876,11,
0x10075881,11,
0x1007588C,11,
0x10075897,11,
0x100758A2,11,
0x100758AD,11,
0x100758B8,11,
0x100758C3,11,
0x100758CE,11,
0x100758D9,11,
0x100758E4,11,
0x100758EF,11,
0x100758FA,10,
0x10075910,11,
0x1007591B,11,
0x10075926,11,
0x10075931,11,
0x1007593C,11,
0x10075947,11,
0x10075952,11,
0x1007595D,11,
0x10075968,11,
0x10075973,11,
0x1007597E,11,
0x10075989,11,
0x10075994,11,
0x1007599F,11,
0x100759AA,11,
0x100759B5,10,
0x100759C0,11,
0x100759CB,11,
0x100759D6,11,
0x100759E1,11,
0x100759EC,11,
0x100759F7,11,
0x10075A02,11,
0x10075A0D,11,
0x10075A18,11,
0x10075A23,11,
0x10075A2E,11,
0x10075A39,11,
0x10075A44,11,
0x10075A4F,11,
0x10075A5A,11,
0x10075A65,11,
0x10075A70,11,
0x10075A7B,11,
0x10075A86,11,
0x10075A91,11,
0x10075A9C,11,
0x10075AA7,11,
0x10075AB2,11,
0x10075ABD,11,
0x10075AC8,10,
0x10075AE0,11,
0x10075AEB,11,
0x10075AF6,11,
0x10075B01,11,
0x10075B0C,11,
0x10075B17,11,
0x10075B22,11,
0x10075B2D,10,
0x10075B40,11,
0x10075B4B,11,
0x10075B56,11,
0x10075B61,11,
0x10075B6C,10,
0x10075B80,11,
0x10075B8B,11,
0x10075B96,11,
0x10075BA1,11,
0x10075BAC,11,
0x10075BB7,11,
0x10075BC2,11,
0x10075BCD,11,
0x10075BD8,11,
0x10075BE3,11,
0x10075BEE,11,
0x10075BF9,11,
0x10075C04,11,
0x10075C0F,11,
0x10075C1A,11,
0x10075C25,11,
0x10075C30,11,
0x10075C3B,11,
0x10075C46,11,
0x10075C51,11,
0x10075C5C,11,
0x10075C67,11,
0x10075C72,11,
0x10075C7D,11,
0x10075C88,10,
0x10075CA0,11,
0x10075CAB,11,
0x10075CB6,11,
0x10075CC1,11,
0x10075CCC,11,
0x10075CD7,11,
0x10075CE2,11,
0x10075CED,11,
0x10075CF8,11,
0x10075D03,11,
0x10075D0E,11,
0x10075D19,11,
0x10075D24,11,
0x10075D2F,11,
0x10075D3A,11,
0x10075D45,11,
0x10075D50,11,
0x10075D5B,11,
0x10075D66,11,
0x10075D71,11,
0x10075D7C,11,
0x10075D87,10,
0x10075DA0,11,
0x10075DAB,11,
0x10075DB6,11,
0x10075DC1,11,
0x10075DCC,11,
0x10075DD7,11,
0x10075DE2,11,
0x10075DED,11,
0x10075DF8,11,
0x10075E03,11,
0x10075E0E,11,
0x10075E19,11,
0x10075E24,11,
0x10075E2F,11,
0x10075E3A,11,
0x10075E45,11,
0x10075E50,11,
0x10075E5B,11,
0x10075E66,11,
0x10075E71,11,
0x10075E7C,11,
0x10075E87,10,
0x10075EA0,11,
0x10075EAB,11,
0x10075EB6,11,
0x10075EC1,11,
0x10075ECC,11,
0x10075ED7,11,
0x10075EE2,11,
0x10075EED,11,
0x10075EF8,11,
0x10075F03,11,
0x10075F0E,11,
0x10075F19,11,
0x10075F24,11,
0x10075F2F,11,
0x10075F3A,11,
0x10075F45,11,
0x10075F50,11,
0x10075F5B,11,
0x10075F66,11,
0x10075F71,11,
0x10075F7C,11,
0x10075F87,10,
0x10075FA0,11,
0x10075FAB,11,
0x10075FB6,11,
0x10075FC1,11,
0x10075FCC,11,
0x10075FD7,11,
0x10075FE2,11,
0x10075FED,11,
0x10075FF8,11,
0x10076003,11,
0x1007600E,11,
0x10076019,11,
0x10076024,11,
0x1007602F,11,
0x1007603A,11,
0x10076045,11,
0x10076050,11,
0x1007605B,11,
0x10076066,10,
0x10076070,11,
0x1007607B,11,
0x10076086,11,
0x10076091,11,
0x1007609C,11,
0x100760A7,11,
0x100760B2,11,
0x100760BD,11,
0x100760C8,11,
0x100760D3,10,
0x100760E0,11,
0x100760EB,11,
0x100760F6,11,
0x10076101,11,
0x1007610C,11,
0x10076117,11,
0x10076122,11,
0x1007612D,11,
0x10076138,11,
0x10076143,10,
0x10076150,11,
0x1007615B,11,
0x10076166,11,
0x10076171,11,
0x1007617C,11,
0x10076187,11,
0x10076192,11,
0x1007619D,11,
0x100761A8,11,
0x100761B3,10,
0x100761C0,11,
0x100761CB,11,
0x100761D6,11,
0x100761E1,11,
0x100761EC,11,
0x100761F7,11,
0x10076202,11,
0x1007620D,11,
0x10076218,11,
0x10076223,10,
0x10076230,11,
0x1007623B,11,
0x10076246,11,
0x10076251,11,
0x1007625C,11,
0x10076267,11,
0x10076272,11,
0x1007627D,11,
0x10076288,11,
0x10076293,11,
0x1007629E,11,
0x100762A9,11,
0x100762B4,11,
0x100762BF,11,
0x100762CA,11,
0x100762D5,11,
0x100762E0,11,
0x100762EB,10,
0x10076300,11,
0x1007630B,11,
0x10076316,11,
0x10076321,11,
0x1007632C,11,
0x10076337,11,
0x10076342,11,
0x1007634D,11,
0x10076358,11,
0x10076363,11,
0x1007636E,11,
0x10076379,11,
0x10076384,11,
0x1007638F,11,
0x1007639A,11,
0x100763A5,11,
0x100763B0,11,
0x100763BB,11,
0x100763C6,11,
0x100763D1,11,
0x100763DC,11,
0x100763E7,11,
0x100763F2,11,
0x100763FD,11,
0x10076408,11,
0x10076413,10,
0x10076420,11,
0x1007642B,11,
0x10076436,11,
0x10076441,11,
0x1007644C,11,
0x10076457,11,
0x10076462,11,
0x1007646D,10,
0x10076480,11,
0x1007648B,11,
0x10076496,11,
0x100764A1,11,
0x100764AC,11,
0x100764B7,11,
0x100764C2,11,
0x100764CD,11,
0x100764D8,11,
0x100764E3,11,
0x100764EE,11,
0x100764F9,11,
0x10076504,11,
0x1007650F,11,
0x1007651A,11,
0x10076525,11,
0x10076530,11,
0x1007653B,11,
0x10076546,10,
0x10076550,11,
0x1007655B,11,
0x10076566,11,
0x10076571,11,
0x1007657C,11,
0x10076587,11,
0x10076592,11,
0x1007659D,11,
0x100765A8,11,
0x100765B3,11,
0x100765BE,11,
0x100765C9,11,
0x100765D4,10,
0x100765E0,11,
0x100765EB,11,
0x100765F6,10,
0x10076600,11,
0x1007660B,10,
0x10076620,11,
0x1007662B,10,
0x10076640,11,
0x1007664B,10,
