d3d_addr,glide_addr,votes
0x1008F000,0x10077000,11
0x1008F004,0x10077004,2
0x1008F014,0x10077014,1
0x1008F018,0x10077018,2
0x1008F01C,0x1007701C,1
0x1008F020,0x10077020,1
0x1008F024,0x10077024,1
0x1008F028,0x10077028,1
0x1008F02C,0x1007702C,1
0x1008F030,0x10077030,1
0x1008F034,0x10077034,1
0x1008F038,0x10077038,1
0x1008F03C,0x1007703C,1
0x1008F09C,0x1007709C,2
0x1008F0A0,0x100770A0,2
0x1008F0A4,0x100770A4,2
0x1008F0A8,0x100770A8,1
0x1008F0AC,0x100770AC,2
0x1008F0B0,0x100770B0,2
0x1008F0B4,0x100770B4,1
0x1008F0B8,0x100770B8,1
0x1008F0BC,0x100770BC,1
0x1008F0C0,0x100770C0,1
0x1008F0C8,0x100770C8,43
0x1008F0CC,0x100770CC,15
0x1008F0D0,0x100770D0,2
0x1008F0DC,0x100770DC,1
0x1008F0E4,0x100770E4,1
0x1008F0E8,0x100770E8,1
0x1008F110,0x10077110,2
0x1008F114,0x10077114,4
0x1008F118,0x10077118,6
0x1008F11C,0x1007711C,2
0x1008F124,0x10077124,1
0x1008F128,0x10077128,1
0x1008F12C,0x1007712C,1
0x1008F130,0x10077130,1
0x1008F134,0x10077134,1
0x1008F138,0x10077138,1
0x1008F144,0x10077144,1
0x1008F148,0x10077148,1
0x1008F150,0x10077150,2
0x1008F1F4,0x100771A4,2
0x1008F1F8,0x100771A8,5
0x1008F21C,0x100771CC,5
0x1008F220,0x100771D0,2
0x1008F224,0x100771D4,1
0x1008F228,0x100771D8,2
0x1008F22C,0x100771DC,1
0x1008F230,0x100771E0,1
0x1008F238,0x100771E8,1
0x1008F23C,0x100771EC,1
0x1008F240,0x100771F0,2
0x1008F244,0x100771F4,1
0x1008F248,0x100771F8,7
0x1008F24C,0x100771FC,3
0x1008F250,0x10077200,1
0x1008F254,0x10077204,1
0x1008F25C,0x1007720C,4
0x1008F2AC,0x1007725C,1
0x1008F2B0,0x10077260,1
0x1008F2B4,0x10077264,2
0x1008F2B8,0x10077268,1
0x1008F2BC,0x1007726C,1
0x1008F2C0,0x10077270,1
0x1008F2C4,0x10077274,1
0x1008F2CC,0x1007727C,3
0x1008F2D0,0x10077280,6
0x1008F2D4,0x10077284,1
0x1008F2F4,0x100772A4,1
0x1008F2F8,0x100772A8,1
0x1008F300,0x100772B0,8
0x1008F304,0x100772B4,2
0x1008F308,0x100772B8,1
0x1008F30C,0x100772BC,1
0x1008F314,0x100772C4,1
0x1008F31C,0x100772CC,1
0x1008F320,0x100772D0,1
0x1008F324,0x100772D4,1
0x1008F328,0x100772D8,1
0x1008F32C,0x100772DC,1
0x1008F330,0x100772E0,1
0x1008F338,0x100772E8,1
0x1008F33C,0x100772EC,2
0x1008F34C,0x100772FC,1
0x1008F350,0x10077300,4
0x1008F354,0x10077304,5
0x1008F358,0x10077308,2
0x1008F35C,0x1007730C,1
0x1008F360,0x10077310,1
0x1008F364,0x10077314,2
0x1008F368,0x10077318,1
0x1008F36C,0x1007731C,1
0x1008F370,0x10077320,1
0x1008F378,0x10077328,2
0x1008F37C,0x1007732C,1
0x1008F384,0x10077334,2
0x1008F388,0x10077338,5
0x1008F3C8,0x10077410,21
0x1008F410,0x10077370,10
0x1008F414,0x10077374,1
0x1008F418,0x10077378,1
0x1008F41C,0x1007737C,1
0x1008F420,0x10077380,3
0x1008F428,0x10077388,1
0x1008F430,0x10077390,1
0x1008F438,0x10077398,2
0x1008F440,0x100773A0,3
0x1008F448,0x100773A8,1
0x1008F478,0x100773D8,1
0x1008F4A8,0x10077470,1
0x1008F4B0,0x10077478,2
0x1008F4B8,0x10077480,2
0x1008F4D0,0x10077498,3
0x1008F4E0,0x100774A8,1
0x1008F4E8,0x100774B0,2
0x1008F4EC,0x100774B4,12
0x1008F4F0,0x100774B8,1
0x1008F4F4,0x100774BC,1
0x1008F4F8,0x100774C0,2
0x1008F4FC,0x100774C4,2
0x1008F500,0x100774C8,1
0x1008F504,0x100774CC,1
0x1008F508,0x100774D0,3
0x1008F50C,0x100774D4,3
0x1008F510,0x100774D8,1
0x1008F514,0x100774DC,6
0x1008F518,0x100774E0,1
0x1008F51C,0x100774E4,1
0x1008F520,0x100774E8,1
0x1008F524,0x100774EC,1
0x1008F528,0x100774F0,1
0x1008F52C,0x100774F4,1
0x1008F530,0x100774F8,3
0x1008F534,0x100774FC,1
0x1008F538,0x10077500,3
0x1008F53C,0x10077504,2
0x1008F540,0x10077508,2
0x1008F544,0x1007750C,2
0x1008F548,0x10077510,3
0x1008F54C,0x10077514,3
0x1008F550,0x10077518,3
0x1008F554,0x1007751C,1
0x1008F564,0x1007752C,1
0x1008F568,0x10077530,1
0x1008F56C,0x10077534,2
0x1008F570,0x10077538,1
0x1008F574,0x1007753C,1
0x1008F578,0x10077540,1
0x1008F57C,0x10077544,3
0x1008F580,0x10077548,1
0x1008F584,0x1007754C,1
0x1008F588,0x10077550,6
0x1008F58C,0x10077554,1
0x1008F590,0x10077558,2
0x1008F594,0x1007755C,2
0x1008F598,0x10077560,2
0x1008F59C,0x10077564,4
0x1008F5A0,0x10077568,1
0x1008F5A4,0x1007756C,2
0x1008F5A8,0x10077570,1
0x1008F5AC,0x10077574,2
0x1008F5B0,0x10077578,1
0x1008F5BC,0x10077584,2
0x1008F5C4,0x1007758C,2
0x1008F5CC,0x10077594,2
0x1008F5D0,0x10077598,6
0x1008F5E0,0x100775A8,1
0x1008F5E8,0x100775B0,1
0x1008F5EC,0x100775B4,1
0x1008F5F0,0x100775B8,1
0x1008F5F4,0x100775BC,1
0x1008F5F8,0x100775C0,1
0x1008F5FC,0x100775C4,2
0x1008F600,0x100775C8,2
0x1008F604,0x100775CC,1
0x1008F608,0x100775D0,2
0x1008F60C,0x100775D4,1
0x1008F610,0x100775D8,1
0x1008F614,0x100775DC,1
0x1008F618,0x100775E0,1
0x1008F61C,0x100775E4,2
0x1008F628,0x100775F0,4
0x1008F62C,0x100775F4,20
0x1008F638,0x10077600,1
0x1008F644,0x1007760C,1
0x1008F648,0x10077610,1
0x1008F654,0x1007761C,2
0x1008F658,0x10077620,1
0x1008F660,0x10077628,2
0x1008F664,0x1007762C,1
0x1008F678,0x10077640,2
0x1008F67C,0x10077644,1
0x1008F680,0x10077648,14
0x1008F684,0x1007764C,9
0x1008F688,0x10077650,9
0x1008F68C,0x10077654,4
0x1008F690,0x10077658,14
0x1008F694,0x1007765C,22
0x1008F698,0x10077660,3
0x1008F69C,0x10077664,8
0x1008F6A0,0x10077668,1
0x1008F6A8,0x10077670,1
0x1008F6AC,0x10077674,3
0x1008F6B0,0x10077678,2
0x1008F6B4,0x1007767C,1
0x1008F6B8,0x10077680,2
0x1008F6F8,0x100776C0,1
0x1008F700,0x100776C8,1
0x1008F728,0x100776F0,1
0x1008F758,0x10077720,2
0x1008F788,0x10077750,1
0x1008F7A4,0x1007776C,1
0x1008F7A8,0x10077770,5
0x1008F7AC,0x10077774,1
0x1008F7B0,0x10077778,1
0x1008F7B8,0x10077780,12
0x1008F7BC,0x10077784,4
0x1008F7C0,0x10077788,4
0x1008F7C4,0x1007778C,4
0x1008F7C8,0x10077790,2
0x1008F7CC,0x10077794,4
0x1008F89C,0x10077864,1
0x1008F8C4,0x1007788C,1
0x1008F8C8,0x10077890,1
0x1008F8D0,0x10077898,7
0x1008F8D4,0x1007789C,2
0x1008F8D8,0x100778A0,1
0x1008F8DC,0x100778A4,5
0x1008F8E0,0x100778A8,2
0x1008F8E4,0x100778AC,8
0x1008F8EC,0x100778B4,1
0x1008F8F0,0x100778B8,2
0x1008F8F4,0x100778BC,2
0x1008F8F8,0x100778C0,3
0x1008F8FC,0x100778C4,1
0x1008F900,0x100778C8,1
0x1008F904,0x100778CC,5
0x1008F908,0x100778D0,1
0x1008F90C,0x100778D4,1
0x1008F910,0x100778D8,23
0x1008F914,0x100778DC,8
0x1008F918,0x100778E0,6
0x1008F91C,0x100778E4,10
0x1008F920,0x100778E8,1
0x1008F928,0x100778F0,1
0x1008F92C,0x100778F4,4
0x1008F930,0x100778F8,20
0x1008F934,0x100778FC,1
0x1008F938,0x10077900,2
0x1008F93C,0x10077904,3
0x1008F940,0x10077908,2
0x1008F944,0x1007790C,4
0x1008F948,0x10077910,1
0x1008F950,0x10077918,3
0x1008F954,0x1007791C,2
0x1008F958,0x10077920,1
0x1008F960,0x10077928,1
0x1008F968,0x10077930,1
0x1008F970,0x10077938,1
0x1008F978,0x10077940,1
0x1008F97C,0x10077944,1
0x1008F980,0x10077948,1
0x1008F984,0x1007794C,1
0x1008F98C,0x10077954,1
0x1008F990,0x10077958,1
0x1008F99C,0x10077964,2
0x1008F9A0,0x10077968,4
0x1008F9A4,0x1007796C,1
0x1008F9A8,0x10077970,1
0x1008F9AC,0x10077974,1
0x1008F9B0,0x10077978,3
0x1008F9B4,0x1007797C,1
0x1008F9B8,0x10077980,2
0x1008F9BC,0x10077984,2
0x1008F9C0,0x10077988,1
0x1008F9EC,0x100779B4,1
0x1008F9F0,0x100779B8,1
0x1008F9F4,0x100779BC,1
0x1008F9F8,0x100779C0,2
0x1008F9FC,0x100779C4,2
0x1008FA00,0x100779C8,2
0x1008FA04,0x100779CC,2
0x1008FA08,0x100779D0,1
0x1008FA10,0x100779D8,1
0x1008FA14,0x100779DC,1
0x1008FA1C,0x100779E4,3
0x1008FA20,0x100779E8,3
0x1008FA28,0x100779F0,1
0x1008FA30,0x100779F8,1
0x1008FA34,0x100779FC,1
0x1008FA38,0x10077A00,1
0x1008FA3C,0x10077A04,1
0x1008FA40,0x10077A08,1
0x1008FA44,0x10077A0C,1
0x1008FA48,0x10077A10,1
0x1008FA4C,0x10077A14,1
0x1008FA50,0x10077A18,1
0x1008FA54,0x10077A1C,1
0x1008FA58,0x10077A20,1
0x1008FA5C,0x10077A24,3
0x1008FA68,0x10077A30,1
0x1008FA98,0x10077A60,1
0x1008FAA4,0x10077A6C,1
0x1008FAA8,0x10077A70,3
0x1008FAB0,0x10077A78,40
0x1008FAB4,0x10077A7C,11
0x1008FAB8,0x10077A80,4
0x1008FAF0,0x10077AB8,5
0x1008FB00,0x10077AC8,8
0x1008FB64,0x10077B2C,1
0x1008FB68,0x10077B30,3
0x1008FB6C,0x10077B34,3
0x1008FB70,0x10077B38,12
0x1008FB74,0x10077B3C,1
0x1008FB78,0x10077B40,3
0x1008FB7C,0x10077B44,1
0x1008FB80,0x10077B48,4
0x1008FB88,0x10077B50,4
0x1008FB90,0x10077B58,6
0x1008FB98,0x10077B60,6
0x1008FBC0,0x10077B88,3
0x1008FBC4,0x10077B8C,1
0x1008FBCC,0x10077B94,1
0x1008FBD0,0x10077B98,1
0x1008FBD4,0x10077B9C,3
0x1008FBD8,0x10077BA0,1
0x1008FBDC,0x10077BA4,3
0x1008FC00,0x10077BC8,1
0x1008FC08,0x10077BD0,1
0x1008FC10,0x10077BD8,2
0x1008FC14,0x10077BDC,1
0x1008FC18,0x10077BE0,6
0x1008FC38,0x10077C00,1
0x1008FC40,0x10077C08,1
0x1008FC48,0x10077C1C,6
0x1008FC4C,0x10077C20,3
0x1008FC54,0x10077C28,3
0x1008FC58,0x10077C30,1
0x1008FC5C,0x10077C34,3
0x1008FC60,0x10077C38,15
0x1008FC64,0x10077C3C,1
0x1008FC68,0x10077C40,1
0x1008FC70,0x10077C48,2
0x1008FC74,0x10077C4C,2
0x1008FC7C,0x10077C54,1
0x1008FC80,0x10077C58,2
0x1008FC84,0x10077C5C,2
0x1008FC88,0x10077C60,1
0x1008FC8C,0x10077C64,3
0x1008FC90,0x10077C68,2
0x1008FC94,0x10077C6C,2
0x1008FC98,0x10077C70,2
0x1008FC9C,0x10077C74,1
0x1008FCA0,0x10077C78,1
0x1008FCA4,0x10077C7C,1
0x1008FCA8,0x10077C80,4
0x1008FCE0,0x10077CB8,1
0x1008FD20,0x10077CF8,1
0x1008FD30,0x10077D08,1
0x10090650,0x10078628,1
0x10090730,0x10078708,1
0x10090740,0x10078718,1
0x10090780,0x10078758,1
0x100907D0,0x100787A8,1
0x10090850,0x10078828,1
0x10090870,0x10078848,1
0x10090880,0x10078858,1
0x10090890,0x10078868,3
0x100908A0,0x10078878,3
0x100908B0,0x10078888,1
0x100908C0,0x10078898,3
0x10090910,0x100788E8,1
0x10090930,0x10078908,1
0x10090940,0x10078918,1
0x100909A0,0x10078978,3
0x100909A4,0x1007897C,3
0x100909A8,0x10078980,3
0x100909AC,0x10078984,3
0x100909C0,0x10078998,1
0x100909C4,0x1007899C,1
0x100909C8,0x100789A0,1
0x100909CC,0x100789A4,1
0x100909E0,0x100789B8,2
0x100909E4,0x100789BC,1
0x100909E8,0x100789C0,1
0x100909EC,0x100789C4,1
0x10090A00,0x100789D8,1
0x10090A04,0x100789DC,1
0x10090A08,0x100789E0,1
0x10090A0C,0x100789E4,1
0x10090A20,0x100789F8,1
0x10090A24,0x100789FC,1
0x10090A28,0x10078A00,1
0x10090A2C,0x10078A04,1
0x10090A40,0x10078A18,1
0x10090A60,0x10078A38,1
0x10091468,0x10079438,1
0x10091478,0x10079448,1
0x10091488,0x10079458,1
0x100940A4,0x1007B074,25
0x100940A8,0x1007B078,10
0x10094294,0x1007B264,24
0x10094298,0x1007B268,2
0x10094350,0x1007B320,5
0x10094354,0x1007B324,4
0x10094358,0x1007B328,4
0x1009435C,0x1007B32C,4
0x10094360,0x1007B330,1
0x100943A8,0x1007B378,1
0x100943B4,0x1007B384,1
0x100945D4,0x1007B52C,1
0x100945F4,0x1007B54C,1
0x1009462C,0x1007B584,2
0x100A6498,0x100A5C58,1
0x100A649C,0x100A5C5C,1
0x100A64A0,0x100A5C60,1
0x100A65E8,0x100A5DA8,1
0x100A66E8,0x100A5EA8,2
0x100A66EC,0x100A5EAC,1
0x100A66F0,0x100A5EB0,2
0x100A66FC,0x100A5EBC,2
0x100A73A8,0x100A6B68,2
0x100A73C0,0x100A6B80,1
0x100A74A8,0x100A6C68,1
0x100A74AC,0x100A6C6C,1
0x100A74B0,0x100A6C70,1
0x100A79C8,0x100A7188,9
0x100A79CC,0x100A718C,7
0x100A79DC,0x100A9A50,10
0x100A79F0,0x100A9A58,1
0x100A7DF0,0x100A9E58,1
0x100A7E3C,0x100A7190,1
0x100A7E5C,0x100A71B0,1
0x100A7E74,0x100A71C8,1
0x100A7E90,0x100A71E4,1
0x100A7EA8,0x100A71FC,1
0x100A7EC0,0x100A7214,1
0x100A7EDC,0x100A7230,1
0x100A7EF8,0x100A724C,1
0x100A7F14,0x100A7268,1
0x100A7F34,0x100A7288,1
0x100A7F4C,0x100A72A0,1
0x100A7F68,0x100A72BC,1
0x100A7F80,0x100A72D4,1
0x100A7F9C,0x100A72F0,1
0x100A7FBC,0x100A7310,1
0x100A7FDC,0x100A7330,1
0x100A7FF0,0x100A7344,1
0x100A800C,0x100A7360,1
0x100A8028,0x100A737C,1
0x100A8048,0x100A739C,1
0x100A8064,0x100A73B8,1
0x100A807C,0x100A73D0,1
0x100A8094,0x100A73E8,1
0x100A80A8,0x100A73FC,1
0x100A80C4,0x100A7418,1
0x100A80DC,0x100A7430,1
0x100A80F4,0x100A7448,1
0x100A8110,0x100A7464,1
0x100A8128,0x100A747C,1
0x100A8140,0x100A7494,1
0x100A8160,0x100A74B4,1
0x100A8178,0x100A74CC,1
0x100A8190,0x100A74E4,1
0x100A819C,0x100A74F0,3
0x100A81AC,0x100A7500,4
0x100A81B0,0x100A7504,7
0x100A81B4,0x100A7508,4
0x100A81B8,0x100A750C,7
0x100A81BC,0x100A7510,5
0x100A81C0,0x100A7514,9
0x100A81C4,0x100A7518,9
0x100A81C8,0x100A751C,3
0x100AA010,0x100A9360,62
0x100AA210,0x100A9560,2
0x100AA594,0x100A98E4,1
0x100AA5A8,0x100A98F8,1
0x100AA5B0,0x100A9900,1
0x100AA5E0,0x100A9940,1
0x100AA5FC,0x100A995C,1
0x100AA618,0x100A9978,1
0x100AA630,0x100A9990,1
0x100AA648,0x100A99A8,1
0x100AA668,0x100A99C8,1
0x100AA67C,0x100A99DC,1
0x100AA688,0x100A99E8,2
0x100AA6B0,0x100A9A10,2
0x100AA6C4,0x100A9A24,2
0x100AA6E4,0x100A9A44,2
0x100AA728,0x100A9EB8,1
0x100AA72C,0x100A9EBC,1
0x100AA730,0x100A9EC0,2
0x100AA770,0x100A9F00,1
0x100AA838,0x100A9FC8,1
0x100AA860,0x100A9FF0,1
0x100AA868,0x100A9FF8,1
0x100AA87C,0x100AA00C,1
0x100AA884,0x100AA014,1
0x100AA890,0x100AA020,1
0x100AA8A0,0x100AA030,2
0x100AA8B4,0x100AA044,17
0x100AA8B8,0x100AA048,1
0x100AA8BC,0x100AA04C,1
0x100AA8C0,0x100AA050,1
0x100AA8C4,0x100AA054,1
0x100AA8C8,0x100AA058,1
0x100AA8CC,0x100AA05C,1
0x100AA8D8,0x100AA068,3
0x100AA998,0x100AA128,1
0x100AAA58,0x100AA1E8,1
0x100AAB18,0x100AA2A8,2
0x100AAB44,0x100AA2D4,1
0x100AAB58,0x100AA2E8,1
0x100AAE54,0x100AA5F4,1
0x100AAE68,0x100AA608,1
0x100AAE70,0x100AA610,1
0x100AAE78,0x100AA618,1
0x100AAE8C,0x100AA62C,1
0x100AAEA0,0x100AA640,1
0x100AAEC0,0x100AA660,1
0x100AAEE0,0x100AA680,1
0x100AAEF4,0x100AA694,1
0x100AAF0C,0x100AA6AC,1
0x100AAF20,0x100AA6C0,1
0x100AAF3C,0x100AA6DC,1
0x100AAF50,0x100AA6F0,1
0x100AAF68,0x100AA708,1
0x100AAF84,0x100AA724,1
0x100AAF98,0x100AA738,1
0x100AAFB4,0x100AA754,1
0x100AAFCC,0x100AA76C,1
0x100AAFE4,0x100AA784,1
0x100AAFF8,0x100AA798,1
0x100AB010,0x100AA7B0,1
0x100AB028,0x100AA7C8,1
0x100AB03C,0x100AA7DC,1
0x100AB054,0x100AA7F4,1
0x100AB068,0x100AA808,1
0x100AB07C,0x100AA81C,1
0x100AB090,0x100AA830,1
0x100AB0A4,0x100AA844,1
0x100AB0C0,0x100AA860,1
0x100AB0D4,0x100AA874,1
0x100AB0E0,0x100AA880,1
0x100AB0F4,0x100AA894,1
0x100AB104,0x100AA8A4,1
0x100AB118,0x100AA8B8,1
0x100AB12C,0x100AA8CC,1
0x100AB13C,0x100AA8DC,1
0x100AB154,0x100AA8F4,1
0x100AB168,0x100AA908,1
0x100AB17C,0x100AA91C,1
0x100AB18C,0x100AA92C,1
0x100AB1A0,0x100AA940,1
0x100AB1B4,0x100AA954,1
0x100AB1C8,0x100AA968,1
0x100AB1DC,0x100AA97C,1
0x100AB1EC,0x100AA98C,1
0x100AB208,0x100AA9A8,1
0x100AB220,0x100AA9C0,1
0x100AB238,0x100AA9D8,1
0x100AB250,0x100AA9F0,1
0x100AB264,0x100AAA04,1
0x100AB27C,0x100AAA1C,1
0x100AB290,0x100AAA30,1
0x100AB2A4,0x100AAA44,1
0x100AB2C0,0x100AAA60,1
0x100AB2D4,0x100AAA74,1
0x100AB2E8,0x100AAA88,1
0x100AB2F8,0x100AAA98,1
0x100AB30C,0x100AAAAC,1
0x100AB320,0x100AAAC0,1
0x100AB330,0x100AAAD0,2
0x100AB334,0x100AAAD4,13
0x100AB338,0x100AAAD8,1
0x100AB394,0x100AAB34,1
0x100AB3D8,0x100AAB78,5
0x100AB3DC,0x100AAB7C,7
0x100AB3E0,0x100AAB80,2
0x100AB3E4,0x100AAB84,2
0x100AB3E8,0x100AAB88,7
0x100AB3EC,0x100AAB8C,3
0x100AB3F4,0x100AAB94,3
0x100AB3F8,0x100AAB98,3
0x100AB408,0x100AABA8,2
0x100AB428,0x100AABC8,4
0x100AB42C,0x100AABCC,4
0x100AB438,0x100AABD8,5
0x100AB448,0x100AABE8,103
0x100AB458,0x100AABF8,16
0x100AB468,0x100AAC08,8
0x100AB478,0x100AAC18,21
0x100AB488,0x100AAC28,7
0x100AB498,0x100AAC38,2
0x100AB4A8,0x100AAC48,5
0x100AB4B8,0x100AAC58,6
0x100AB4C8,0x100AAC68,5
0x100AB4D8,0x100AAC78,8
0x100AB4E8,0x100AAC88,1
0x100AB4F8,0x100AAC98,8
0x100AB508,0x100AACA8,23
0x100AB528,0x100AACC8,1
0x100AB558,0x100AACF8,2
0x100AB568,0x100AAD08,2
0x100AB56C,0x100AAD0C,3
0x100AB57C,0x100AAD1C,5
0x100AB5F4,0x100AAD94,1
0x100AB9C4,0x100AB164,1
0x100AB9C8,0x100AB168,1
0x100AB9EC,0x100AB18C,1
0x100AB9F0,0x100AB190,1
0x100AB9F4,0x100AB194,2
0x100AB9F8,0x100AB198,2
0x100AC300,0x100ABAA0,7
0x100AC304,0x100ABAA4,8
0x100AC308,0x100ABAA8,3
0x100AC368,0x100ABB08,1
0x100AC3B0,0x100ABB50,2
0x100AC400,0x100ABBA0,1
0x100AC420,0x100ABBC0,1
0x100AC4A0,0x100ABC40,1
0x100AC4B0,0x100ABC50,1
0x100AC4C0,0x100ABC60,1
0x100AC4D8,0x100ABC78,1
0x100AC518,0x100ABCB8,1
0x100AC520,0x100ABCC0,3
0x100AC550,0x100ABCF0,1
0x100AC570,0x100ABD10,1
0x100AC590,0x100ABD30,1
0x100AC5A8,0x100ABD48,1
0x100AC630,0x100ABDD0,1
0x100AC631,0x100ABDD1,1
0x100AC640,0x100ABDE0,1
0x100AC648,0x100ABDE8,13
0x100AC64C,0x100ABDEC,3
0x100AC650,0x100ABDF0,3
0x100AC654,0x100ABDF4,19
0x100AC658,0x100ABDF8,7
0x100AC65C,0x100ABDFC,12
0x100AC6A0,0x100ABE40,5
0x100AC6A4,0x100ABE44,2
0x100AC6E4,0x100ABE84,2
0x100AC6E8,0x100ABE88,2
0x100AC9DC,0x100AC17C,1
0x100ACB5C,0x100AC2FC,1
0x100ACB60,0x100AC300,1
0x100ACE58,0x100AC5F8,1
0x100ACE5C,0x100AC5FC,1
0x100AD274,0x100ACA4C,3
0x100AD2F4,0x100ACACC,1
0x100AD300,0x100ACAD8,40
0x100AD310,0x100ACAE8,1
0x100AD348,0x100ACB20,1
0x100AD35C,0x100ACB34,2
0x100ADF68,0x100AD770,1
0x100ADF90,0x100AD798,1
0x100ADFB8,0x100AD7C0,2
0x100ADFBC,0x100AD7C4,2
0x100ADFC0,0x100AD7C8,2
0x100ADFD0,0x100AD7D8,1
0x100ADFE0,0x100AD7E8,1
0x100ADFE4,0x100AD7EC,1
0x100ADFE8,0x100AD7F0,1
0x100ADFEC,0x100AD7F4,1
0x100ADFF0,0x100AD7F8,1
0x100AE6D8,0x100ADE78,1
0x100B2AD0,0x100B22D8,1
0x100B3674,0x100B2E7C,1
0x100B3694,0x100B2E9C,1
0x100B36B4,0x100B2EBC,1
0x100B36D4,0x100B2EDC,1
0x100B36F8,0x100B2F00,20
0x100B36FC,0x100B2F04,24
0x100B3700,0x100B2F08,2
0x100B37D0,0x100B2FD8,3
0x100B37D1,0x100B2FD9,3
0x100B37D2,0x100B2FDA,3
0x100B380C,0x100B3014,27
0x100B3814,0x100B301C,1
0x100B3818,0x100B3020,1
0x100B381C,0x100B3024,2
0x100B381E,0x100B3026,2
0x100B3820,0x100B3028,10
0x100B3821,0x100B3029,8
0x100B388C,0x100B3094,1
0x100B38A0,0x100B30A8,1
0x100B39B0,0x100B31B8,2
0x100B3A68,0x100B3270,2
0x100B3AA8,0x100B32B0,8
0x100B3AB4,0x100B32BC,7
0x100B3AB8,0x100B32C0,7
0x100B3D00,0x100B3508,2
0x100B3D30,0x100B3538,1
0x100B3D60,0x100B3568,1
0x100B3D90,0x100B3598,1
0x100B3DC0,0x100B35C8,1
0x100B3DE8,0x100B35F0,1
0x100B3E10,0x100B3618,1
0x100B4024,0x100B382C,1
0x100B403C,0x100B3844,1
0x100B4050,0x100B3858,36
0x100B4054,0x100B385C,1
0x100B4068,0x100B3870,1
0x100B407C,0x100B3884,1
0x100B4098,0x100B38A0,3
0x100B4140,0x100B3948,3
0x100B41E8,0x100B39F0,3
0x100B4290,0x100B3A98,3
0x100B4338,0x100B3B40,1
0x100B433C,0x100B3B44,2
0x100B5418,0x100B4C20,1
0x100B5428,0x100B4C30,1
0x100B5548,0x100B4D50,1
0x100B5668,0x100B4E70,1
0x100B56C8,0x100B4ED0,1
0x100B5728,0x100B4F30,1
0x100B5848,0x100B5050,1
0x100B5968,0x100B5170,5
0x100B5A1C,0x100B5224,1
0x100B5A2C,0x100B5234,1
0x100B5A48,0x100B5250,1
0x100B5A64,0x100B526C,1
0x100B5A80,0x100B5288,1
0x100B5D90,0x100B5598,2
0x100B5DE8,0x100B55F0,16
0x100B5DF0,0x100B55F8,11
0x100B5E30,0x100B5638,1
0x100B5E34,0x100B563C,1
0x100B64B0,0x100B5CB8,3
0x100B64EC,0x100B5CF4,1
0x100B64F8,0x100B5D00,4
0x100B6534,0x100B5D3C,1
0x100B6540,0x100B5D48,4
0x100B6C00,0x100B6408,3
0x100B6C3C,0x100B6444,1
0x100B6C48,0x100B6450,2
0x100B6C90,0x100B6498,1
0x100B6C98,0x100B64A0,1
0x100B6CA0,0x100B64A8,1
0x100B84F4,0x100B7CFC,3
0x100B8538,0x100B7D40,4
0x100B8938,0x100B8140,1
0x100B89A0,0x100B81A8,1
0x100B8C94,0x100B849C,1
0x100B8CA0,0x100B84A8,1
0x100B94A8,0x100B8CB0,1
0x100B9CB0,0x100B94B8,1
0x100BAAC8,0x100BA2D0,1
0x100BBAC8,0x100BB2D0,1
0x100BBAD4,0x100BB2DC,2
0x100BBAD8,0x100BB2E0,1
0x100BBADC,0x100BB2E4,1
0x100BBAE0,0x100BB2E8,2
0x100BBAE4,0x100BB2EC,1
0x100BD2A8,0x100BCAB0,3
0x100BD3E0,0x100BCBE8,11
0x100BD3F0,0x100BCBF8,1
0x100BD3F4,0x100BCBFC,1
0x100BD424,0x100BCC2C,2
0x100BD428,0x100BCC30,1
0x100BD42C,0x100BCC34,2
0x100BD430,0x100BCC38,2
0x100BD438,0x100BCC40,4
0x100BD448,0x100BCC50,1
0x100BD46C,0x100BCC74,1
0x100BD49C,0x100BCCA4,1
0x100BD4C8,0x100BCCD0,1
0x100BD4EC,0x100BCCF4,1
0x100BD528,0x100BCD30,1
0x100BD564,0x100BCD6C,1
0x100C129C,0x100BCDCC,2
0x100C12A0,0x100BCDD0,4
0x1020AB98,0x102066C8,2
0x10220B20,0x1021C650,6
0x10220B24,0x1021C654,2
0x10220B28,0x1021C658,2
0x10220B2C,0x1021C65C,1
0x10220B30,0x1021C660,1
0x10220B34,0x1021C664,1
0x10220B3C,0x1021C66C,1
0x10220B7C,0x1021C6AC,1
0x10220C38,0x1021C768,5
0x10220C3C,0x1021C76C,18
0x10220C40,0x1021C770,10
0x10220C44,0x1021C774,4
0x10220C48,0x1021C778,2
0x10220C4C,0x1021C77C,2
0x10220C50,0x1021C780,2
0x10220C52,0x1021C782,1
0x10220C54,0x1021C784,2
0x10220C58,0x1021C788,2
0x10220C5C,0x1021C78C,1
0x10220C5E,0x1021C78E,1
0x10220C60,0x1021C790,1
0x10220C62,0x1021C792,1
0x10220C64,0x1021C794,1
0x10220C68,0x1021C798,1
0x10220C6C,0x1021C79C,2
0x10220C70,0x1021C7A0,1
0x10220C74,0x1021C7A4,1
0x10220C78,0x1021C7A8,1
0x10220C7A,0x1021C7AA,1
0x10220C7C,0x1021C7AC,1
0x10220C80,0x1021C7B0,1
0x10220C84,0x1021C7B4,1
0x10220C88,0x1021C7B8,1
0x10220C8C,0x1021C7BC,1
0x10220C8E,0x1021C7BE,1
0x10220C90,0x1021C7C0,1
0x10220C92,0x1021C7C2,2
0x10220C94,0x1021C7C4,1
0x10220C96,0x1021C7C6,1
0x10220C98,0x1021C7C8,1
0x10220C9C,0x1021C7CC,1
0x10220C9E,0x1021C7CE,1
0x10220CA0,0x1021C7D0,1
0x10220CA4,0x1021C7D4,1
0x10220CA8,0x1021C7D8,1
0x10220CAC,0x1021C7DC,1
0x10220CB0,0x1021C7E0,1
0x10220CB4,0x1021C7E4,1
0x10220CB8,0x1021C7E8,1
0x10220CBC,0x1021C7EC,1
0x10220CC0,0x1021C7F0,1
0x10220CC2,0x1021C7F2,1
0x10220CC4,0x1021C7F4,1
0x10220CC6,0x1021C7F6,1
0x10220CC8,0x1021C7F8,1
0x10220CCA,0x1021C7FA,1
0x10220CCC,0x1021C7FC,1
0x10220CD0,0x1021C800,23
0x10220CD4,0x1021C804,11
0x10220CD8,0x1021C808,4
0x10220CDC,0x1021C80C,5
0x10220CEC,0x1021C81C,7
0x10220CF0,0x1021C820,3
0x10220D68,0x1021C898,1
0x10220DD0,0x1021C900,3
0x10220DD4,0x1021C904,1
0x10220DD8,0x1021C908,4
0x10220DDC,0x1021C90C,7
0x10220E60,0x1021C990,5
0x10220E64,0x1021C994,5
0x10220E68,0x1021C998,5
0x10220E6C,0x1021C99C,5
0x10220E70,0x1021C9A0,5
0x10220E74,0x1021C9A4,5
0x10220E78,0x1021C9A8,5
0x10220E80,0x1021C9B0,3
0x10221280,0x1021CDB0,1
0x102212C8,0x1021CDF8,1
0x102212D0,0x1021CE00,2
0x10221310,0x1021CE40,6
0x10221314,0x1021CE44,4
0x10221318,0x1021CE48,1
0x1022131C,0x1021CE4C,9
0x10221320,0x1021CE50,1
0x10221324,0x1021CE54,9
0x10221328,0x1021CE58,20
0x10221334,0x1021CE64,1
0x10221354,0x1021CE84,1
0x10221358,0x1021CE88,1
0x1022135C,0x1021CE8C,1
0x1022135D,0x1021CE8D,1
0x1022135E,0x1021CE8E,1
0x10221898,0x1021D3C8,2
0x10221C9C,0x1021D7CC,1
0x1022AAA8,0x102265D8,5
0x1022AAB0,0x102265E0,2
0x1022AAB4,0x102265E4,3
0x1022AAF0,0x10226620,1
0x1022AAF4,0x10226624,5
0x1022AAF8,0x10226628,2
0x1022AEF8,0x10226A28,3
0x1022AF00,0x10226A30,2
0x1022AF04,0x10226A34,7
0x1022AF08,0x10226A38,4
0x1022AF0C,0x10226A3C,1
0x1022AF10,0x10226A40,1
0x1022AF14,0x10226A44,4
0x1022AF18,0x10226A48,13
0x1022AF1C,0x10226A4C,2
0x1022AF20,0x10226A50,2
0x1022AF24,0x10226A54,9
0x1022AF28,0x10226A58,7
0x1022AF2C,0x10226A5C,5
0x1022AF30,0x10226A60,5
0x1022AF34,0x10226A64,12
0x1022AF38,0x10226A68,3
0x1022AF3C,0x10226A6C,3
0x1022AF40,0x10226A70,3
0x1022B348,0x10226E78,1
0x1022B34C,0x10226E7C,7
0x1022B350,0x10226E80,11
0x10277B20,0x10273308,2
0x10277B28,0x10273310,4
0x10277B40,0x10273328,30
0x10277B48,0x10273330,4
0x10277B4C,0x10273334,1
0x10277B54,0x1027333C,5
0x10277B58,0x10273340,1
0x10277B5C,0x10273344,5
0x10277B60,0x10273348,4
0x10277B68,0x10273350,3
0x10277D88,0x10273570,3
0x10277DC8,0x102735B0,1
0x10277E14,0x102735FC,1
0x10277E18,0x10273600,4
0x10277E5C,0x10273644,2
0x10277E60,0x10273648,3
0x102E54C0,0x102E0CA8,4
0x102E5E98,0x102E1680,1
0x102E5EC0,0x102E16A8,3
0x102E5EC4,0x102E16AC,1
0x102E5EC8,0x102E16B0,4
0x102E5ECC,0x102E16B4,15
0x102E5F28,0x102E1710,1
0x10362F28,0x1035E710,1
0x10363F68,0x1035F750,1
0x10363FF0,0x1035F7D8,4
0x10363FF4,0x1035F7DC,1
0x10364304,0x1035FAEC,4
0x10364308,0x1035FAF0,1
0x10364390,0x1035FB78,6
0x10364394,0x1035FB7C,5
0x10364398,0x1035FB80,2
0x1036439C,0x1035FB84,1
0x103643A0,0x1035FB88,1
0x103643B4,0x1035FB9C,1
0x103643BC,0x1035FBA4,3
0x103643C0,0x1035FBA8,1
0x1038BCC0,0x103874A8,1
0x1039B6C0,0x10396EA8,4
0x1039B6C8,0x10396EB0,6
0x1039B6D0,0x10396EB8,2
0x1039B710,0x10396EF8,4
0x1039B714,0x10396EFC,2
0x1039B718,0x10396F00,4
0x1039B71C,0x10396F04,5
0x1039B720,0x10396F08,33
0x1039B728,0x10396F10,5
0x1039B72C,0x10396F14,2
0x1039B730,0x10396F18,2
0x1039B734,0x10396F1C,2
0x1039B738,0x10396F20,2
0x1039B73C,0x10396F24,4
0x1039B75C,0x10396F44,5
0x1039B760,0x10396F48,6
0x1039B7C4,0x10396FAC,1
0x1039C168,0x10397950,3
0x1039C16C,0x10397954,1
0x1039C170,0x10397958,1
0x1039C178,0x10397960,3
0x1039C17C,0x10397964,3
0x1039C180,0x10397968,3
0x1039C188,0x10397970,3
0x1039C18C,0x10397974,3
0x1039C190,0x10397978,3
0x1039C198,0x10397980,3
0x1039C19C,0x10397984,3
0x1039C1A0,0x10397988,3
0x1039C1D8,0x103979C0,3
0x1039C1DC,0x103979C4,3
0x1039C1E0,0x103979C8,3
0x1039C218,0x10397A00,3
0x1039C21C,0x10397A04,3
0x1039C220,0x10397A08,3
0x1039C258,0x10397A40,3
0x1039C25C,0x10397A44,3
0x1039C260,0x10397A48,3
0x1039C298,0x10397A80,3
0x1039C29C,0x10397A84,3
0x1039C2A0,0x10397A88,3
0x1039E89C,0x1039A084,3
0x1039E8A0,0x1039A088,1
0x1039E8A4,0x1039A08C,5
0x1039E8A8,0x1039A090,3
0x1039E8AC,0x1039A094,3
0x1039E8B4,0x1039A09C,2
0x1039E8C4,0x1039A0AC,2
0x1039E8C8,0x1039A0B0,1
0x1039E8CC,0x1039A0B4,1
0x1039E8D4,0x1039A0BC,2
0x1039E8E4,0x1039A0CC,3
0x1039E8E8,0x1039A0D0,5
0x1039E8EC,0x1039A0D4,3
0x1039E8F0,0x1039A0D8,3
0x1039E8F8,0x1039A0E0,2
0x1039E908,0x1039A0F0,2
0x1039E918,0x1039A100,2
0x1039E91C,0x1039A104,1
0x1039E920,0x1039A108,1
0x1039E928,0x1039A110,3
0x1039E92C,0x1039A114,5
0x1039E930,0x1039A118,3
0x1039E934,0x1039A11C,3
0x1039E93C,0x1039A124,2
0x1039E94C,0x1039A134,3
0x1039E950,0x1039A138,2
0x1039E954,0x1039A13C,2
0x1039E95C,0x1039A144,2
0x1039E96C,0x1039A154,3
0x1039E970,0x1039A158,4
0x1039E974,0x1039A15C,1
0x1039E978,0x1039A160,1
0x1039E980,0x1039A168,1
0x1039E984,0x1039A16C,1
0x1039E988,0x1039A170,1
0x1039E990,0x1039A178,1
0x1039E994,0x1039A17C,1
0x1039E998,0x1039A180,1
0x1039E9A0,0x1039A188,1
0x1039E9A4,0x1039A18C,1
0x1039E9A8,0x1039A190,1
0x1039E9B0,0x1039A198,1
0x1039E9F8,0x1039A1E0,4
0x103C77E8,0x103C2FD0,1
0x103C7840,0x103C3028,1
0x103C7844,0x103C302C,1
0x10481C10,0x1047D3F8,1
0x10481C74,0x1047D45C,1
0x10482618,0x1047DE00,1
0x10484D6C,0x10480554,1
0x104ADC98,0x104A9480,1
0x104ADCF0,0x104A94D8,1
0x104ADCF4,0x104A94DC,1
0x104AFD00,0x104AB4E8,3
0x104AFD04,0x104AB4EC,4
0x104AFD08,0x104AB4F0,3
0x104AFD0C,0x104AB4F4,3
0x104AFD14,0x104AB4FC,4
0x104AFD18,0x104AB500,3
0x104AFD1C,0x104AB504,4
0x104AFD20,0x104AB508,1
0x104AFF20,0x104AB708,4
0x104AFF21,0x104AB709,1
0x104B0338,0x104ABB20,5
0x104B033C,0x104ABB24,6
0x104B0340,0x104ABB28,3
0x104B0344,0x104ABB2C,3
0x104B0348,0x104ABB30,2
0x104B035C,0x104ABB44,2
0x104B0364,0x104ABB4C,1
0x104B0368,0x104ABB50,1
0x104B036C,0x104ABB54,1
0x104B0370,0x104ABB58,1
0x104B0378,0x104ABB60,2
0x104B037C,0x104ABB64,1
0x104B0380,0x104ABB68,1
0x104B0688,0x104ABE70,3
0x104B068C,0x104ABE74,3
0x104B0690,0x104ABE78,3
0x104B0694,0x104ABE7C,1
0x104B0698,0x104ABE80,1
0x104B069C,0x104ABE84,1
0x104B1F00,0x104AD6E8,6
0x104B2550,0x104ADD38,4
0x104B255C,0x104ADD3C,4
0x104B2560,0x104ADD40,3
0x104B2564,0x104ADD44,3
0x104B2568,0x104ADD48,3
0x104B2572,0x104ADD52,1
0x104B2574,0x104ADD54,1
0x104B3DEC,0x104AF5CC,1
0x104BBDE8,0x104B15C8,5
0x104BBDF0,0x104B15D0,1
0x104BBDF4,0x104B15D4,2
0x104BBDF8,0x104B15D8,1
0x104BBE08,0x104B15E8,11
0x104BBE0C,0x104B15EC,8
0x104BBE14,0x104B15F4,2
0x104BBE38,0x105CCC78,2
0x104BBE39,0x105CCC79,1
0x104BBE3A,0x105CCC7A,1
0x104BBE3C,0x105CCC7C,1
0x104BBE3D,0x105CCC7D,1
0x104BBE3E,0x105CCC7E,1
0x104BBEC0,0x105CCD00,4
0x104BBED0,0x105CCD10,6
0x104BBF00,0x105CCD40,1
0x104BC190,0x105CCFD0,1
0x104BC194,0x105CCFD8,1
0x104C01A4,0x105CCFE8,2
0x104C01A8,0x105CCFF0,7
0x104C0BA8,0x105CD9F0,7
0x104C0BBC,0x105CDA00,16
0x104C15CC,0x105CE208,1
0x104C1694,0x105CE2D4,1
0x104C1698,0x105CE2D8,1
0x104C169C,0x105CE2DC,1
0x104C16A8,0x105CE2E8,1
0x104C4D10,0x105D1760,2
0x104C5150,0x105D17A0,1
0x104C5158,0x105D17AC,1
0x104C515C,0x105D17B0,1
0x104C5178,0x105D17C8,4
0x104C517C,0x105D17CC,2
0x104C5180,0x105D17D0,4
0x104C51A0,0x105D17E8,1
0x104C51A4,0x105D17F0,1
0x104C51A8,0x105D17F8,2
0x104D51A8,0x105E17F8,1
0x104D51AC,0x105E17FC,18
0x104D51B0,0x105E1800,1
0x104D51B4,0x105E1804,1
0x104D51BC,0x105E180C,3
0x104D51C0,0x105E1810,1
0x104D51C1,0x105E1811,1
0x104D51D1,0x105E1821,1
0x105551D0,0x10661828,1
0x105551D4,0x1066182C,1
0x105551D8,0x10697840,1
0x105551DC,0x10697844,1
0x105551E0,0x10697848,1
0x105551E4,0x1069784C,1
0x105551E8,0x10697850,1
0x105551EC,0x10697854,1
0x105551F0,0x10697858,1
0x105551F4,0x1069785C,1
0x105551F8,0x10697860,1
0x105551FC,0x10697864,1
0x10555200,0x10697868,1
0x10555204,0x1069786C,1
0x10555208,0x10697870,1
0x1055520C,0x10697874,1
0x10555210,0x10697878,1
0x10555214,0x1069787C,1
0x105553D8,0x10697A40,1
0x105553DC,0x10697A44,2
0x105553E0,0x10697A48,1
0x105553E4,0x10697A4C,1
0x105553E8,0x10697A50,1
0x105553EC,0x10697A54,1
0x105553FC,0x10697A64,3
0x10555400,0x10697A68,1
0x10575410,0x106B7A78,1
0x10575414,0x106B7A7C,5
0x10575430,0x106B7A94,3
0x10575434,0x106B7A98,2
0x10575438,0x106B7A9C,7
0x10575440,0x106B7AA4,1
0x10575444,0x106B7AA8,1
0x10575448,0x106B7AAC,3
0x1057544C,0x106B7AB0,2
0x10575450,0x104B15F8,2
0x10575454,0x104B15FC,3
0x10575458,0x104B1600,2
0x1057545C,0x104B1604,2
0x10575460,0x104B1608,2
0x10575464,0x104B160C,35
0x10575468,0x104B1610,2
0x1057546C,0x104B1614,3
0x10575470,0x104B1618,3
0x10575474,0x104B161C,3
0x10575478,0x104B1620,1
0x1057547C,0x104B1624,2
0x10575480,0x104B1628,5
0x10575484,0x104B162C,6
0x10575488,0x104B1630,2
0x1057548C,0x104B1634,2
0x10575490,0x104B1638,2
0x10575494,0x104B163C,2
0x10575498,0x104B1640,2
0x1057549C,0x104B1644,2
0x105754A0,0x104B1648,3
0x105754A4,0x104B164C,2
0x105754A8,0x104B1650,2
0x105754AC,0x104B1654,2
0x105754B0,0x104B1658,2
0x105754B4,0x104B165C,2
0x105754B8,0x104B1660,2
0x105754BC,0x104B1664,3
0x105754C0,0x104B1668,2
0x105754C4,0x104B166C,2
0x105754C8,0x104B1670,2
0x105754CC,0x104B1674,2
0x105754D0,0x104B1678,3
0x105754D4,0x104B167C,3
0x105754D8,0x104B1680,1
0x105754DC,0x104B1684,1
0x105754E0,0x104B1688,2
0x105754E8,0x104B1690,1
0x105754F0,0x104B1698,2
0x105754F8,0x104B16A0,2
0x105754FC,0x104B16A4,4
0x10575500,0x104B16A8,8
0x10575504,0x104B16AC,2
0x10575508,0x104B16B0,8
0x1057550C,0x104B16B4,4
0x10575510,0x104B16B8,9
0x10575514,0x104B16BC,11
0x10575518,0x104B16C0,15
0x1057551C,0x104B16C4,2
0x10575520,0x104B16C8,2
0x10575524,0x104B16CC,3
0x10575528,0x104B16D0,2
0x1057552C,0x104B16D4,2
0x10575530,0x104B16D8,6
0x10575538,0x104B16E0,2
0x1057553C,0x104B16E4,3
0x10675540,0x105B16E8,1
0x10675548,0x105B16F0,1
0x1067554C,0x105B16F4,2
0x10675550,0x105B16F8,2
0x1067B548,0x105B76F0,4
0x1067B54C,0x105B76F4,4
0x1067B550,0x105B76F8,2
0x1067D550,0x105B96F8,2
0x1067D558,0x105B9700,1
0x1067D570,0x105B9718,2
0x1067D578,0x105B9720,1
0x1067D57C,0x105B9724,1
0x1067D584,0x105B972C,1
0x10680584,0x105BC72C,17
0x10680598,0x105BC740,1
0x1068059C,0x105BC744,1
0x106805A0,0x105BC748,1
0x106805B0,0x105BC758,2
0x106805B8,0x105BC760,3
0x106805BC,0x105BC764,1
0x106805C8,0x105BC770,4
0x106806B0,0x105BC858,1
0x10680728,0x105BC8D0,3
0x10680730,0x105BC8D8,1
0x10680738,0x105BC8E0,1
0x10680748,0x105BC8F0,2
0x1068093C,0x105BCAE4,1
0x10680944,0x105BCAEC,2
0x10690950,0x105CCAF8,2
0x106909B0,0x105CCB58,2
0x106909B4,0x105CCB5C,12
0x106909B8,0x105CCB60,3
0x106909C0,0x105CCB68,1
0x106909D0,0x105CCB78,1
0x106909D8,0x105CCB80,3
0x106909E0,0x105CCB88,24
0x10690A10,0x105CCBB8,1
0x10690A14,0x105CCBBC,3
0x10690A20,0x106B7AB4,1
0x10690A30,0x106B7AC0,2
0x10690A38,0x106B7AC8,2
0x10690BE8,0x106B7C78,18
0x10690BEC,0x106B7C7C,6
0x10690BF0,0x106B7C80,5
0x10690FF8,0x106B8088,4
0x10690FF9,0x106B8089,3
0x10690FFA,0x106B808A,3
0x10690FFB,0x106B808B,3
0x10691000,0x106B8090,6
0x10691018,0x106B80A8,1
0x106C0200,0x106E7290,18
0x106C0204,0x106E7294,6
0x106C0208,0x106E7298,2
0x106C020C,0x106E729C,4
0x106C0210,0x106E72A0,1
0x106C0218,0x106E72A8,3
0x106C0258,0x106E72E8,5
0x106C0260,0x106E72F0,17
0x106C0670,0x106E7700,2
0x106C0674,0x106E7704,1
0x106C0678,0x106E7708,1
0x106C067C,0x106E770C,4
0x106C0680,0x106E7710,650
0x106C0684,0x106E7714,13
0x106C0688,0x106E7718,7
0x106C0690,0x106E7720,5
0x106C069C,0x106E772C,5
0x106C06A0,0x106E7730,2
0x106C06A4,0x106E7734,6
0x106C06A8,0x106E7738,9
0x106C0860,0x106E78F0,17
0x106C0864,0x106E78F4,3
0x106C086C,0x106E78FC,1
0x106C0870,0x106E7900,3
0x106C0874,0x106E7904,3
0x106C087C,0x106E790C,1
0x106C0880,0x106E7910,3
0x106C0884,0x106E7914,3
0x106C088C,0x106E791C,1
0x106C0890,0x106E7920,5
0x106C0894,0x106E7924,5
0x106C089C,0x106E792C,1
0x106C08A0,0x106E7930,9
0x106C08A4,0x106E7934,2
0x106C08A8,0x106E7938,2
0x106C08AC,0x106E793C,2
0x106C08B0,0x106E7940,2
0x106C08B4,0x106E7944,2
0x106C08B8,0x106E7948,2
0x106C08BC,0x106E794C,2
0x106C08C0,0x106E7950,2
0x106C08C4,0x106E7954,2
0x106C08C8,0x106E7958,2
0x106C08CC,0x106E795C,2
0x106C08D0,0x106E7960,2
0x106C08D4,0x106E7964,2
0x106C08D8,0x106E7968,2
0x106C08DC,0x106E796C,2
0x106C0920,0x106E79B0,4
0x106C0928,0x106E79B8,2
0x106C092A,0x106E79BA,1
0x106C092B,0x106E79BB,1
0x106C0938,0x106E79C8,2
0x106C0940,0x106E79D0,1
0x106C0944,0x106E79D4,6
0x106C0950,0x106E79E0,1
0x106C0960,0x106E79F0,5
0x106C0964,0x106E79F4,2
0x106C0968,0x106E79F8,10
0x106C1170,0x106E8200,3
0x106C1174,0x106E8204,6
0x106C1178,0x106E8208,1
0x106C1580,0x106E8610,10
0x106C1588,0x106E8618,1
0x106C1608,0x106E8698,1
0x106C160C,0x106E869C,1
0x106C1610,0x106E86A0,5
0x106C1614,0x106E86A4,18
0x106C1618,0x106E86A8,2
0x106C161C,0x106E86AC,2
0x106C1620,0x106E86B0,1
0x106C1628,0x106E86B8,1
0x106C1638,0x106E86C8,4
0x106C1690,0x106E8720,3
0x106C1788,0x106E8818,8
0x106C178A,0x106E881A,2
0x106C178C,0x106E881C,5
0x106C178E,0x106E881E,2
0x106C1790,0x106E8820,2
0x106C1792,0x106E8822,2
0x106C1794,0x106E8824,5
0x106C1796,0x106E8826,2
0x106C198C,0x106E8A1C,5
0x106C2990,0x106E9A20,6
0x106C299C,0x106E9A2C,13
0x106C29A0,0x106E9A30,1
0x106C29A4,0x106E9A34,1
0x106C29A8,0x106E9A38,9
0x106C29AC,0x106E9A3C,1
0x106C29B0,0x106E9A40,1
0x106C29B4,0x106E9A44,1
0x106C29B8,0x106E9A48,1
0x106C29BC,0x106E9A4C,1
0x106C29C0,0x106E9A50,1
0x106C29C4,0x106E9A54,1
0x106C29C8,0x106E9A58,1
0x106C29CC,0x106E9A5C,1
0x106C29D0,0x106E9A60,1
0x106C29D4,0x106E9A64,1
0x106C29D8,0x106E9A68,1
0x106C29DC,0x106E9A6C,1
0x106C29E0,0x106E9A70,1
0x106C29E4,0x106E9A74,1
0x106C29E8,0x106E9A78,1
0x106C29F0,0x106E9A80,1
0x106C2CF0,0x106E9D80,2
0x106C2CF4,0x106E9D84,2
0x106C2CF8,0x106E9D88,15
0x106C2CFC,0x106E9D8C,54
0x106C2D0F,0x106E9D9F,1
0x106C3110,0x106EA1A0,1
0x106C32C8,0x106EA358,1
0x106C32CC,0x106EA35C,2
0x106C32D0,0x106EA360,12
0x106C32F8,0x106EA388,1
0x106C3300,0x106EA390,2
0x106C3308,0x106EA398,9
0x106C3310,0x106EA3A0,10
0x106C3314,0x106EA3A4,4
0x106C331C,0x106EA3AC,8
0x106C3320,0x106EA3B0,4
0x106C3328,0x106EA3B8,8
0x106C332C,0x106EA3BC,4
0x106C3334,0x106EA3C4,8
0x106C3338,0x106EA3C8,4
0x106C3340,0x106EA3D0,8
0x106C3344,0x106EA3D4,4
0x106C334C,0x106EA3DC,5
0x106C3350,0x106EA3E0,4
0x106C3358,0x106EA3E8,4
0x106C3359,0x106EA3E9,3
0x106C335A,0x106EA3EA,3
0x106C335B,0x106EA3EB,3
0x106C335C,0x106EA3EC,10
0x106C3360,0x106EA3F0,2
0x106C3364,0x106EA3F4,6
0x106C3380,0x106EA410,4
0x106C3398,0x106EA428,15
0x106C33A0,0x106EA430,4
0x106C33B8,0x106EA448,2
0x106C53C0,0x106EC450,1
0x106C5468,0x106EC4F8,4
0x106C5478,0x106EC508,3
0x106C5618,0x106EC6A8,3
0x106C5630,0x106EC6C0,1
0x106C56B0,0x106EC740,8
0x106C56B4,0x106EC744,8
0x106C56D0,0x106EC760,1
0x106C56D8,0x106EC768,8
0x106C56DC,0x106EC76C,2
0x106C56E0,0x106EC770,1
0x106C56E4,0x106EC774,1
0x106C56E8,0x106EC778,3
0x106C56F8,0x106EC788,5
0x106C5704,0x106EC794,1
0x106C5708,0x106EC798,16
0x106C58C0,0x106EC950,4
0x106C5AB0,0x106ECB40,1
0x106C5AB4,0x106ECB44,2
0x106C5AB8,0x106ECB48,3
0x106C62D8,0x106ED368,4
0x106C62E0,0x106ED370,2
0x106C6490,0x106ED520,15
0x106C6494,0x106ED524,4
0x106C6495,0x106ED525,3
0x106C6496,0x106ED526,3
0x106C6497,0x106ED527,3
0x106C64D8,0x106ED568,13
0x106C64E0,0x106ED570,4
0x106C64F8,0x106ED588,4
0x106C6540,0x106ED5D0,4
0x106C6558,0x106ED5E8,1
0x106C6598,0x106ED628,1
0x106C65A0,0x106ED630,2
0x106C65B8,0x106ED648,3
0x106C65BC,0x106ED64C,5
0x106C65C0,0x106ED650,3
0x106C65D8,0x106ED668,3
0x106C65DC,0x106ED66C,6
0x106C65E0,0x106ED670,5
0x106C65E4,0x106ED674,18
0x106C65E8,0x106ED678,1
0x106C65EC,0x106ED67C,18
0x106C65F4,0x106ED684,1
0x106C65F8,0x106ED688,4
0x106C65FC,0x106ED68C,1
0x106C6604,0x106ED694,1
0x106C6608,0x106ED698,1
0x106C660C,0x106ED69C,4
0x106C6614,0x106ED6A4,1
0x106C6618,0x106ED6A8,12
0x106C661C,0x106ED6AC,17
0x106C6620,0x106ED6B0,19
0x106C6624,0x106ED6B4,18
0x106C6648,0x106ED6D8,1
0x106C664C,0x106ED6DC,1
0x106C6650,0x106ED6E0,1
0x106C6654,0x106ED6E4,32
0x106C6658,0x106ED6E8,2
0x106C665C,0x106ED6EC,2
0x106C6660,0x106ED6F0,2
0x106C6664,0x106ED6F4,3
0x106C6668,0x106ED6F8,1
0x106C666C,0x106ED6FC,5
0x106C6670,0x106ED700,2
0x106C6678,0x106ED708,5
0x106C7C38,0x106EECC8,1
0x106C7C3C,0x106EECCC,4
0x106C7C40,0x106EECD0,2
0x106C7C54,0x106EECE4,6
0x106C7C5C,0x106EECEC,3
0x106C7C60,0x106EECF0,1
0x106C7C64,0x106EECF4,18
0x106C7C6C,0x106EECFC,1
0x106C7C70,0x106EED00,1
0x106C7C74,0x106EED04,1
0x106C7C80,0x106EED10,5
0x106C7C84,0x106EED14,2
0x106C7C88,0x106EED18,1
0x106C7C8C,0x106EED1C,1
0x106C7C90,0x106EED20,1
0x106C7C94,0x106EED24,5
0x106C7C98,0x106EED28,2
0x106C7CA8,0x106EED38,3
0x106C7CAC,0x106EED3C,1
0x106C7CB4,0x106EED44,1
0x106C7CB8,0x106EED48,16
0x106C7CC0,0x106EED50,3
0x106C7CC4,0x106EED54,2
0x106C7CC8,0x106EED58,2
0x106C7CC9,0x106EED59,2
0x106C7CCA,0x106EED5A,2
0x106C7CCC,0x106EED5C,1
0x106C7CD0,0x106EED60,1
0x106C7CD4,0x106EED64,7
0x106C7CD8,0x106EED68,3
0x106C7CDC,0x106EED6C,1
0x106C7CE0,0x106EED70,2
0x106C7CE8,0x106EED78,2
0x106C7DA8,0x106EEE38,2
0x106C7E7C,0x106EEF0C,1
0x106C7E80,0x106EEF10,1
0x106C7E84,0x106EEF14,1
0x10A99778,0x10AC0808,1
0x10A9977C,0x10AC080C,1
0x10A99780,0x10AC0810,1
0x10A99BA8,0x10AC0C38,10
0x10A99BAC,0x10AC0C3C,6
0x10A99BB0,0x10AC0C40,6
0x10A99BB4,0x10AC0C44,6
0x10A99BB8,0x10AC0C48,7
0x10A99BBC,0x10AC0C4C,4
0x10A99BC0,0x10AC0C50,6
0x10A99BC4,0x10AC0C54,4
0x10A99BC8,0x10AC0C58,2
0x10A99BCC,0x10AC0C5C,5
0x10A99BD0,0x10AC0C60,8
0x10A99BD4,0x10AC0C64,9
0x10A99BD6,0x10AC0C66,6
0x10A99BD7,0x10AC0C67,4
0x10A99BF4,0x10AC0C84,1
0x10A9BBB4,0x10AC2C44,1
0x10A9BBB8,0x10AC2C48,2
0x10A9BBC0,0x10AC2C50,3
0x10A9BBC4,0x10AC2C54,4
0x10A9BBC8,0x10AC2C58,3
0x10A9BBCC,0x10AC2C5C,4
0x10A9BBD0,0x10AC2C60,6
0x10A9BBD4,0x10AC2C64,1
0x10A9BCD0,0x10AC2D60,6
0x10A9BDD0,0x10AC2E60,2
0x10A9BED0,0x10AC2F60,2
0x10A9BFD0,0x10AC3060,2
0x10A9BFD8,0x10AC3068,3
0x10A9BFDC,0x10AC306C,4
0x10A9BFE0,0x10AC3070,2
0x10A9BFF0,0x10AC3080,1
0x10A9C0B8,0x10AC3148,2
0x10A9C0C8,0x10AC3158,1
0x10A9C0CC,0x10AC315C,2
0x10A9CDF0,0x10AC3E80,6
0x10A9CECC,0x10AC3F5C,1
0x10A9CEF8,0x10AC3F88,3
0x10A9CFFC,0x10AC408C,6
0x10A9D000,0x10AC4090,12
0x10A9D004,0x10AC4094,2
0x10A9D008,0x10AC4098,20
0x10A9D010,0x10AC40A0,2
0x10A9D018,0x10AC40A8,8
0x10A9D180,0x10AC4208,1
0x10A9D184,0x10AC420C,1
0x10A9D5C0,0x10AC4648,2
0x10A9D5C4,0x10AC464C,1
0x10A9D618,0x10AC46A0,2
0x10A9D638,0x10AC46C0,1
0x10A9D63C,0x10AC46C4,1
0x10A9D77C,0x10AC4804,1
0x10A9DA50,0x10AC4AD8,1
0x10A9DA54,0x10AC4ADC,1
0x10A9DB44,0x10AC4BCC,2
0x10A9DBD0,0x10AC4C58,2
0x10A9DBD8,0x10AC4C60,1
0x10A9DD28,0x10AC4DB0,7
0x10A9E150,0x10AC51D8,1
0x10AA2518,0x10AC5870,1
0x10AA2538,0x10AC5890,6
0x10AA253C,0x10AC5894,8
0x10AA2540,0x10AC5898,5
0x10AA2598,0x10AC58F0,7
0x10AA259C,0x10AC58F4,1
0x10AA25A0,0x10AC58F8,2
0x10AA25D4,0x10AC592C,1
0x10AA25D8,0x10AC5930,1
0x10AA25DC,0x10AC5934,1
0x10AA26F0,0x10AC5A48,8
0x10AA26F4,0x10AC5A4C,6
0x10AA26F5,0x10AC5A4D,4
0x10AA26F6,0x10AC5A4E,1
0x10AA270E,0x10AC5A66,1
0x10AA2740,0x10AC5A98,1
0x10AA27E0,0x10AC5B38,3
0x10AA27E2,0x10AC5B3A,3
0x10AA27EC,0x10AC5B44,1
0x10AA27F0,0x10AC5B48,1
0x10AA27F4,0x10AC5B4C,1
0x10AA27F8,0x10AC5B50,1
0x10AA2840,0x10AC5B98,14
0x10AA2844,0x10AC5B9C,7
0x10AA2848,0x10AC5BA0,2
0x10AA284C,0x10AC5BA4,1
0x10AA2850,0x10AC5BA8,6
0x10AA2854,0x10AC5BAC,7
0x10AA2858,0x10AC5BB0,3
0x10AA285C,0x10AC5BB4,5
0x10AA2868,0x10AC5BC0,1
0x10AA286C,0x10AC5BC4,7
0x10AA2870,0x10AC5BC8,4
0x10AA2874,0x10AC5BCC,3
0x10AA2878,0x10AC5BD0,1
0x10AA287C,0x10AC5BD4,17
0x10AA2880,0x10AC5BD8,7
0x10AA2884,0x10AC5BDC,16
0x10AA2888,0x10AC5BE0,7
0x10AA288C,0x10AC5BE4,8
0x10AA2890,0x10AC5BE8,2
0x10AA2894,0x10AC5BEC,5
0x10AA2898,0x10AC5BF0,10
0x10AA289C,0x10AC5BF4,3
0x10AA28A0,0x10AC5BF8,3
0x10AA28A4,0x10AC5BFC,11
0x10AA28A8,0x10AC5C00,7
0x10AA28AC,0x10AC5C04,7
0x10AA28B0,0x10AC5C08,2
0x10AA28B4,0x10AC5C0C,2
0x10AA28B8,0x10AC5C10,9
0x10AA28C4,0x10AC5C1C,1
0x10AA28C8,0x10AC5C20,2
0x10AA28CC,0x10AC5C24,2
0x10AA28D0,0x10AC5C28,3
0x10AA28D8,0x10AC5C30,8
0x10AA28E0,0x10AC5C38,1
0x10AA28E4,0x10AC5C3C,1
0x10AA28E8,0x10AC5C40,8
0x10AA28F0,0x10AC5C48,4
0x10AA28F4,0x10AC5C4C,1
0x10AA28F8,0x10AC5C50,1
0x10AA28FC,0x10AC5C54,2
0x10AA2900,0x10AC5C58,1
0x10AA2904,0x10AC5C5C,93
0x10AA2908,0x10AC5C60,12
0x10AA290C,0x10AC5C64,6
0x10AA2910,0x10AC5C68,3
0x10AA2918,0x10AC5C70,1
0x10AA291C,0x10AC5C74,4
0x10AA2924,0x10AC5C7C,1
0x10AA292C,0x10AC5C84,2
0x10AA2930,0x10AC5C88,3
0x10AA2934,0x10AC5C8C,4
0x10AA2938,0x10AC5C90,4
0x10AA293C,0x10AC5C94,4
0x10AA2940,0x10AC5C98,1
0x10AA2948,0x10AC5CA0,8
0x10AA294C,0x10AC5CA4,2
0x10AA2950,0x10AC5CA8,13
0x10AA2954,0x10AC5CAC,7
0x10AA2958,0x10AC5CB0,3
0x10AA295C,0x10AC5CB4,1
0x10AA2964,0x10AC5CBC,9
0x10AA2968,0x10AC5CC0,5
0x10AA296C,0x10AC5CC4,2
0x10AA2970,0x10AC5CC8,2
0x10AA2974,0x10AC5CCC,2
0x10AA297C,0x10AC5CD4,1
0x10AA2984,0x10AC5CDC,1
0x10AA298C,0x10AC5CE4,1
0x10AA2998,0x10AC5CF0,1
0x10AA29A8,0x10AC5D00,1
0x10AA29AC,0x10AC5D04,2
0x10AA29B0,0x10AC5D08,3
0x10AA29B4,0x10AC5D0C,3
0x10AA29B8,0x10AC5D10,5
0x10AA29BC,0x10AC5D14,1
0x10AA29C0,0x10AC5D18,2
0x10AA29C4,0x10AC5D1C,1
0x10AA29C8,0x10AC5D20,6
0x10AA29D4,0x10AC5D2C,10
0x10AA29D8,0x10AC5D30,14
0x10AA29E0,0x10AC5D38,3
0x10AA29E4,0x10AC5D3C,5
0x10AA29E8,0x10AC5D40,1
0x10AA29EC,0x10AC5D44,1
0x10AA29F4,0x10AC5D4C,2
0x10AA2A00,0x10AC5D58,7
0x10AA2A08,0x10AC5D60,3
0x10AA2A0C,0x10AC5D64,16
0x10AA2A10,0x10AC5D68,4
0x10AA2A14,0x10AC5D6C,4
0x10AA2A18,0x10AC5D70,9
0x10AA2A1C,0x10AC5D74,3
0x10AA2A20,0x10AC5D78,1
0x10AA2A24,0x10AC5D7C,1
0x10AA2A28,0x10AC5D80,2
0x10AA2A34,0x10AC5D8C,3
0x10AA2A38,0x10AC5D90,6
0x10AA2A3C,0x10AC5D94,3
0x10AA2A40,0x10AC5D98,1
0x10AA2A44,0x10AC5D9C,2
0x10AA2A48,0x10AC5DA0,3
0x10AA2A4C,0x10AC5DA4,2
0x10AA2A54,0x10AC5DAC,3
0x10AA2A58,0x10AC5DB0,2
0x10AA2A5C,0x10AC5DB4,3
0x10AA2A60,0x10AC5DB8,2
0x10AA2A64,0x10AC5DBC,2
0x10AA2A68,0x10AC5DC0,2
0x10AA2A78,0x10AC5DD8,6
0x10AA2A80,0x10AC5DE0,5
0x10AA2AF0,0x10AC5E50,1
0x10AA2BDC,0x10AC5F3C,1
0x10AA2BE0,0x10AC5F40,1
0x10AA2CF0,0x10AC6050,1
0x10AA2DAC,0x10AC610C,2
0x10AA2DB4,0x10AC6114,2
0x10AA2E80,0x10AC61E0,18
0x10AA2E88,0x10AC61E8,3
0x10AA3288,0x10AC65E8,3
0x10AA3350,0x10AC66B0,2
0x10AA3353,0x10AC66B3,1
0x10AA3355,0x10AC66B5,1
0x10AA3358,0x10AC66B8,2
0x10AA3388,0x10AC66E8,2
0x10AA3398,0x10AC66F8,4
0x10AA339C,0x10AC66FC,3
0x10AA33A0,0x10AC6700,2
0x10AA33A4,0x10AC6704,3
0x10AA33A8,0x10AC6708,6
0x10AA33AC,0x10AC670C,2
0x10AA33B0,0x10AC6710,6
0x10AA33B4,0x10AC6714,2
0x10AA33B8,0x10AC6718,2
0x10AA33C0,0x10AC6720,6
0x10AA33C4,0x10AC6724,4
0x10AA33C8,0x10AC6728,4
0x10AA33CC,0x10AC672C,4
0x10AA33D0,0x10AC6730,10
0x10AA33D4,0x10AC6734,5
0x10AA33D8,0x10AC6738,1
0x10AA33DC,0x10AC673C,1
0x10AA33E0,0x10AC6740,6
0x10AA33E4,0x10AC6744,7
0x10AA33E8,0x10AC6748,1
0x10AA3440,0x10AC67A0,2
0x10AA3448,0x10AC67A8,2
0x10AA345C,0x10AC67BC,2
0x10AA3470,0x10AC67D0,4
0x10AA3490,0x10AC67F0,1
0x10AA34AC,0x10AC680C,2
0x10AA3760,0x10AC6AC0,1
0x10AA3D50,0x10AC70B0,1
0x10AA4020,0x10AC7380,1
0x10ACD490,0x10AF07F0,4
0x10ACD498,0x10AF07F8,2
0x10ACD4F8,0x10AF0858,6
0x10ACDE98,0x10AF11F8,1
0x10ACDEA8,0x10AF1208,6
0x10ACDFEC,0x10AF134C,1
0x10ACDFF0,0x10AF1350,1
0x10ACED0C,0x10AF206C,1
0x10ACED34,0x10AF2094,22
0x10ACEDA8,0x10AF2108,2
0x10ACEDB0,0x10AF2110,2
0x10ACEE20,0x10AF2180,5
0x10ACEE50,0x10AF21B0,3
0x10ACEE8C,0x10AF21EC,1
0x10ACEE94,0x10AF21F4,2
0x10ACEECC,0x10AF222C,2
0x10ACEF04,0x10AF2264,1
0x10AD05DC,0x10AF393C,3
0x10AD0850,0x10AF3BB0,3
0x10AD0854,0x10AF3BB4,8
0x10AD0855,0x10AF3BB5,8
0x10AD0856,0x10AF3BB6,8
0x10AD0857,0x10AF3BB7,1
0x10AD0868,0x10AF3BC8,1
0x10AD086C,0x10AF3BCC,4
0x10AD0984,0x10AF3CE4,2
0x10AD189C,0x10AF4BFC,2
0x10AF9528,0x10B1C888,1
0x10AF9658,0x10B1C9B8,1
0x10AF96C0,0x10B1CA20,9
0x10AF96C8,0x10B1CA28,1
0x10AF96D4,0x10B1CA34,1
0x10AF9848,0x10B1CBA8,2
0x10AF9888,0x10B1CBE8,13
0x10AF988C,0x10B1CBEC,4
0x10AF9890,0x10B1CBF0,2
0x10AF99DC,0x10B1CD3C,1
0x10AF9B28,0x10B1CE88,4
0x10AF9B2C,0x10B1CE8C,1
0x10AF9B30,0x10B1CE90,1
0x10AF9B38,0x10B1CE98,7
0x10AF9B3C,0x10B1CE9C,2
0x10AF9B40,0x10B1CEA0,2
0x10AF9B44,0x10B1CEA4,5
0x10AF9B58,0x10B1CEB8,7
0x10AF9B5C,0x10B1CEBC,3
0x10AF9B60,0x10B1CEC0,3
0x10AF9B64,0x10B1CEC4,3
0x10AF9B68,0x10B1CEC8,2
0x10AF9B6C,0x10B1CECC,2
0x10AF9B70,0x10B1CED0,7
0x10AF9B74,0x10B1CED4,3
0x10AF9B78,0x10B1CED8,3
0x10AF9B7C,0x10B1CEDC,2
0x10AF9B80,0x10B1CEE0,2
0x10AF9B84,0x10B1CEE4,5
0x10AF9B88,0x10B1CEE8,2
0x10AF9B8C,0x10B1CEEC,5
0x10AF9B90,0x10B1CEF0,4
0x10AF9B94,0x10B1CEF4,4
0x10AF9B98,0x10B1CEF8,4
0x10AF9B9C,0x10B1CEFC,3
0x10AF9BA0,0x10B1CF00,5
0x10AF9BA4,0x10B1CF04,13
0x10AF9BB0,0x10B1CF10,6
0x10AF9BB4,0x10B1CF14,1
0x10AF9BB8,0x10B1CF18,3
0x10AF9BC0,0x10B1CF20,1
0x10AFDBC0,0x10B20F20,1
0x10B01C40,0x10B24FA0,4
0x10B01C44,0x10B24FA4,4
0x10B01C48,0x10B24FA8,4
0x10B01C50,0x10B24FB0,1
0x10B01ED0,0x10B25230,1
0x10B02190,0x10B254F0,1
0x10B022D0,0x10B25630,1
0x10B02434,0x10B25794,2
0x10B02438,0x10B25798,1
0x10B4DF28,0x10B71288,1
0x10B4DF30,0x10B71290,30
0x10B4DFD8,0x10B71338,4
0x10B4E080,0x10B713E0,6
0x10B4E128,0x10B71488,4
0x10B4E1D0,0x10B71530,17
0x10B4E1D4,0x10B71534,22
0x10B4E1D8,0x10B71538,2
0x10B4E1DC,0x10B7153C,1
0x10B4E1E0,0x10B71540,13
0x10B4E1E4,0x10B71544,1
0x10B4E2E8,0x10B71648,12
0x10B4E708,0x10B71A68,9
0x10B4E70C,0x10B71A6C,9
0x10B4E710,0x10B71A70,2
0x10B4E714,0x10B71A74,2
0x10B4E718,0x10B71A78,2
0x10B4E71C,0x10B71A7C,2
0x10B4E720,0x10B71A80,2
0x10B4E724,0x10B71A84,2
0x10B4E728,0x10B71A88,3
0x10B4E72C,0x10B71A8C,2
0x10B4E730,0x10B71A90,2
0x10B4E734,0x10B71A94,2
0x10B4E738,0x10B71A98,2
0x10B4E73C,0x10B71A9C,2
0x10B4E740,0x10B71AA0,4
0x10B4E760,0x10B71AC0,4
0x10B4E7A0,0x10B71B00,1
0x10B4E7A8,0x10B71B08,1
0x10B4E7AC,0x10B71B0C,1
0x10B4E910,0x10B71C70,3
0x10B4E914,0x10B71C74,2
0x10B4FBE8,0x10B72F48,7
0x10B501C8,0x10B73528,1
0x10B501D0,0x10B73530,2
0x10B501D4,0x10B73534,1
0x10B501DF,0x10B7353F,1
0x10B501E0,0x10B73540,4
0x10B502E8,0x10B73648,6
0x10B502EC,0x10B7364C,2
0x10B50308,0x10B73668,2
0x11750308,0x11773668,3
0x11750310,0x11773670,6
0x11750314,0x11773674,2
0x11750318,0x11773678,1
0x11750330,0x11773690,2
0x11750338,0x11773698,5
0x1175033C,0x1177369C,1
0x11754E38,0x11778198,5
0x11754E3C,0x1177819C,5
0x11754E40,0x117781A0,1
0x11754E44,0x117781A4,1
0x11754E48,0x117781A8,1
0x11754E50,0x117781B0,1
0x11754E54,0x117781B4,1
0x11755490,0x117787F0,5
0x11755494,0x117787F4,5
0x11755498,0x117787F8,4
0x1175549C,0x117787FC,5
0x117554A0,0x11778800,6
0x117554A4,0x11778804,1
0x117554A8,0x11778808,2
0x117554C0,0x11778820,2
0x117554C8,0x11778828,4
0x117554CC,0x1177882C,1
0x117554D0,0x11778830,1
0x117554D4,0x11778834,1
0x117554D8,0x11778838,3
0x117554DC,0x1177883C,1
0x117554E0,0x11778840,5
0x117554E4,0x11778844,4
0x117554E8,0x11778848,1
0x11782BA8,0x117A5F08,6
0x11782BAC,0x117A5F0C,3
0x11782BB0,0x117A5F10,3
0x11782BB4,0x117A5F14,3
0x11782BB8,0x117A5F18,3
0x11782BBC,0x117A5F1C,3
0x11782BC8,0x117A5F28,1
0x11782CD0,0x117A6030,1
0x11786828,0x117A9B88,26
0x1178682C,0x117A9B8C,6
0x11786834,0x117A9B94,8
0x11786854,0x117A9BB4,19
0x11786858,0x117A9BB8,2
0x1178685C,0x117A9BBC,1
0x1178685D,0x117A9BBD,1
0x1178685E,0x117A9BBE,1
0x11786860,0x117A9BC0,2
0x11786880,0x117A9BE0,5
0x117868F8,0x117A9C58,1
0x11786D80,0x117AA0E0,10
0x11786D84,0x117AA0E4,1
0x11787184,0x117AA4E4,1
0x11787188,0x117AA4E8,3
0x1178718C,0x117AA4EC,3
0x11787190,0x117AA4F0,3
0x11787194,0x117AA4F4,2
0x1178FEE8,0x117B3248,7
0x1178FEEC,0x117B324C,2
0x1178FEF0,0x117B3250,5
0x1178FEF8,0x117B3258,8
0x1178FEFC,0x117B325C,1
0x1178FF00,0x117B3260,2
0x1178FF14,0x117B3274,3
0x1178FF18,0x117B3278,1
0x1178FF24,0x117B3284,2
0x1178FF28,0x117B3288,1
0x1178FF2C,0x117B328C,1
0x1178FF2D,0x117B328D,1
0x1178FF2E,0x117B328E,1
0x11790454,0x117B37B4,1
0x11790854,0x117B3BB4,1
0x11826AF8,0x11849E58,2
0x11826B00,0x11849E60,13
0x11826B04,0x11849E64,1
0x11826B48,0x11849EA8,4
0x11826BD0,0x11849F30,7
0x11828D10,0x1184C070,6
0x11828D14,0x1184C074,2
0x11828D18,0x1184C078,3
0x11828D1C,0x1184C07C,4
0x11828D20,0x1184C080,2
0x11828D28,0x1184C088,4
0x11828D2C,0x1184C08C,4
0x11828D34,0x1184C094,2
0x11828E88,0x1184C1E8,3
0x11828E8C,0x1184C1EC,1
0x11828F00,0x1184C260,5
0x11828F08,0x1184C268,13
0x11828F44,0x1184C2A4,1
0x11828F48,0x1184C2A8,5
0x11828F50,0x1184C2B0,10
0x11828FE4,0x1184C344,7
0x118290F4,0x1184C454,2
0x118290F8,0x1184C458,24
0x118290FC,0x1184C45C,19
0x11829108,0x1184C468,2
0x11829110,0x1184C470,1
0x11829314,0x1184C474,1
0x1182931C,0x1184C478,1
0x11829324,0x1184C480,1
0x11829328,0x1184C484,1
0x11829370,0x1186C488,1
0x11829838,0x1186C950,2
0x1182983C,0x1186C954,2
0x11829840,0x1186C958,1
0x11829850,0x1186C968,1
0x118A9870,0x118EC988,2
0x118A9878,0x118EC990,6
0x118A9880,0x118EC998,2
0x118A9884,0x118EC99C,2
0x118AA080,0x118ED198,2
0x118AA084,0x118ED19C,4
0x118AA094,0x118ED1AC,1
0x118AA098,0x118ED1B0,6
0x118AA0A0,0x118ED1B8,7
0x118AA0A4,0x118ED1BC,1
0x118AA0AC,0x118ED1C4,1
0x118AA0B0,0x118ED1C8,7
0x118AA0B8,0x118ED1D0,2
0x118AA0BC,0x118ED1D4,5
0x118AA0C0,0x118ED1D8,6
0x118AA0C4,0x118ED1DC,5
0x118AA0C8,0x118ED1E0,4
0x118AA0CC,0x118ED1E4,1
0x118AA0D8,0x118ED1F0,1
0x118AA0F8,0x118ED210,1
0x118AA8F8,0x118EDA10,1
0x118AB0F8,0x118EE210,1
0x118AB118,0x118EE230,3
0x118AB120,0x118EE238,3
0x118AB124,0x118EE23C,2
0x118AB128,0x118EE240,2
0x118AB12C,0x118EE244,4
0x118AB130,0x118EE248,2
0x118AB134,0x118EE24C,3
0x118AB138,0x118EE250,2
0x118AB13C,0x118EE254,1
0x118AB140,0x118EE258,2
0x118AB144,0x118EE25C,4
0x118AB150,0x118EE268,1
0x118AB160,0x118EE278,1
0x118AB880,0x118EE998,3
0x118AB884,0x118EE99C,1
0x118AB888,0x118EE9A0,1
0x118AB88C,0x118EE9A4,1
0x118AB890,0x118EE9A8,1
0x118AB894,0x118EE9AC,1
0x118AB898,0x118EE9B0,1
0x118AB89C,0x118EE9B4,1
0x118AB8A0,0x118EE9B8,1
0x118AB8A4,0x118EE9BC,1
0x118AB8A8,0x118EE9C0,1
0x118AB8AC,0x118EE9C4,1
0x118AB8B0,0x118EE9C8,1
0x118AB8B4,0x118EE9CC,2
0x118AB8B8,0x118EE9D0,10
0x118ABAB8,0x118EEBD0,15
0x118ABAC0,0x118EEBD8,2
0x118ABAC4,0x118EEBDC,1
0x118ABAC8,0x118EEBE0,1
0x118ABACC,0x118EEBE4,1
0x118ABAD0,0x118EEBE8,6
0x118ABAD4,0x118EEBEC,8
0x118ABAD8,0x118EEBF0,5
0x118ABAE0,0x118EEBF8,7
0x118ABAE4,0x118EEBFC,6
0x118ABAE8,0x118EEC00,6
0x118ABB10,0x118EEC28,3
0x118ABD08,0x118EEE20,2
0x118ABD0C,0x118EEE24,2
0x118ABD10,0x118EEE28,2
0x118ABD14,0x118EEE2C,1
0x118ABD18,0x118EEE30,1
0x118ABD1C,0x118EEE34,1
0x118ABD20,0x118EEE38,1
0x118ABD24,0x118EEE3C,1
0x118ABD28,0x118EEE40,1
0x118ABD2C,0x118EEE44,1
0x118ABD30,0x118EEE48,1
0x118ABD34,0x118EEE4C,1
0x118ABD38,0x118EEE50,7
0x118ABD3C,0x118EEE54,6
0x118ABD40,0x118EEE58,6
0x118ABD50,0x118EEE68,3
0x118ABD70,0x118EEE88,9
0x118ABD78,0x118EEE90,5
0x118ABD7C,0x118EEE94,8
0x118ABD80,0x118EEE98,15
0x118ABD88,0x118EEEA0,3
0x118ABD8C,0x118EEEA4,1
0x118ABD90,0x118EEEA8,2
0x118ABD94,0x118EEEAC,1
0x118ABD98,0x118EEEB0,1
0x118ABD9C,0x118EEEB4,1
0x118ABDA0,0x118EEEB8,1
0x118ABDA4,0x118EEEBC,1
0x118ABDA8,0x118EEEC0,1
0x118ABDAC,0x118EEEC4,1
0x118ABDB0,0x118EEEC8,1
0x118ABDB4,0x118EEECC,1
0x118ABDB8,0x118EEED0,1
0x118ABDBC,0x118EEED4,11
0x118ABDC0,0x118EEED8,1
0x118ABDCC,0x118EEEE4,2
0x118ABDD0,0x118EEEE8,10
0x118ABDD4,0x118EEEEC,25
0x118ABDD8,0x118EEEF0,6
0x118ABDE0,0x118EEEF8,2
0x118ABDE4,0x118EEEFC,2
0x118ABDE8,0x118EEF00,4
0x118ABDEC,0x118EEF04,6
0x118ABDF0,0x118EEF08,1
0x118ABDF8,0x118EEF10,4
0x118ABDFC,0x118EEF14,4
0x118ABE00,0x118EEF18,6
0x118ABE20,0x118EEF1C,1
0x118AC2C0,0x118EEF28,1
0x118AC720,0x118EEF40,2
0x118AC728,0x118EEF48,10
0x118AC72C,0x118EEF4C,9
0x118AC730,0x118EEF50,1
0x118AC734,0x118EEF54,7
0x118AC740,0x118EEF60,5
0x118AC744,0x118EEF64,4
0x118AC74C,0x118EEF6C,3
0x118AC758,0x118EEF78,1
0x118AC75C,0x118EEF7C,1
0x118AC764,0x118EEF84,1
0x118AC770,0x118EEF90,4
0x118AC774,0x118EEF94,4
0x118AC778,0x118EEF98,1
0x118AC77C,0x118EEF9C,6
0x118AC788,0x118EEFA8,1
0x118AC78C,0x118EEFAC,1
0x118AC794,0x118EEFB4,1
0x118ACA68,0x118EF178,2
0x118AE3D0,0x118F0420,1
0x118AE3D4,0x118F0418,1
0x118AE3DC,0x118F041C,1
0x118AE40C,0x118F043C,1
0x118AE418,0x118F0440,1
0x118AE430,0x118F0488,1
0x118AE434,0x118F0484,3
0x118AE438,0x118F0480,3
0x118AE43C,0x118F047C,7
0x118AE440,0x118F048C,2
0x118AE444,0x118F0460,1
0x118AE448,0x118F0490,2
0x118AE454,0x118F0468,2
0x118AE458,0x118F0464,2
0x118AE45C,0x118F04A8,7
0x118AE460,0x118F0498,2
0x118AE464,0x118F049C,1
0x118AE468,0x118F04A0,1
0x118AE46C,0x118F04A4,11
0x118AE470,0x118F04AC,13
0x118AE474,0x118F04B0,11
0x118AE478,0x118F0454,23
0x118AE47C,0x118F0450,22
0x118AE480,0x118F04C0,26
0x118AE484,0x118F04B4,1
0x118AE488,0x118F0474,2
0x118AE48C,0x118F0478,1
0x118AE490,0x118F044C,37
0x118AE53C,0x118F0494,4
0x118AE540,0x118F045C,4
0x118AE544,0x118F0458,9
0x118AE548,0x118F04C4,3
0x118AE560,0x118F04C8,1
0x118AE564,0x118F04BC,52
0x118AE568,0x118F04B8,14
0x118AE5CC,0x118F0648,2
0x118AE5D0,0x118F05E8,3
0x118AE5D4,0x118F05F4,3
0x118AE5DC,0x118F05E4,1
0x118AE5E0,0x118F05E0,1
0x118AE5E4,0x118F0644,1
0x118AE5E8,0x118F063C,1
0x118AE5EC,0x118F05D8,2
0x118AE5F0,0x118F05DC,1
0x118AE5F4,0x118F05C0,1
0x118AE5F8,0x118F05CC,1
0x118AE5FC,0x118F05D0,1
0x118AE604,0x118F05C8,1
0x118AE654,0x118F0640,1
0x118AE658,0x118F05F8,1
0x118AE65C,0x118F05FC,1
0x118AE660,0x118F064C,3
0x118AE664,0x118F05D4,1
0x118AE668,0x118F05C4,1
0x118AE66C,0x118F05EC,1
0x118AE67C,0x118F066C,1
0x118AE680,0x118F065C,1
0x118AE684,0x118F0660,1
0x118AE688,0x118F0664,1
0x118AE68C,0x118F0668,1
0x118AE690,0x118F0654,2
0x118AE694,0x118F0670,1
0x118AE698,0x118F0674,2
0x118AE69C,0x118F0678,1
0x118AE6A0,0x118F067C,1
0x118AE6A4,0x118F0680,1
0x118AE6A8,0x118F0684,5
0x118AE6AC,0x118F0658,1
0x118AE6BC,0x118F0730,3
