target,size,n_installers,installers
0x10002460,252,1,0x10019A70
0x10008D60,1,5,0x10023B10 0x10062850 0x100628B0 0x1006A550 0x1006A580
0x10009970,93,1,0x10009B00
0x1000DEC0,8,1,0x1000DC00
0x1000DED0,14,1,0x1000DC00
0x1000DEE0,8,1,0x1000DC00
0x1000DEF0,14,1,0x1000DC00
0x1000E2F0,39,1,0x1000E320
0x100194C0,423,1,0x10019670
0x10019830,10,1,0x10019820
0x100199A0,106,1,0x10019A70
0x10019A70,11223,3,0x10019900 0x1002F380 0x100628B0
0x1001DD50,26,1,0x1001E080
0x1001DD70,5,1,0x1001E080
0x1001E080,173,1,0x10063940
0x1001ECF0,378,1,0x1001FD70
0x1001FA30,696,1,0x1001FD70
0x1001FEF0,111,1,0x1001FD70
0x100203F0,111,1,0x1001FD70
0x10020900,380,1,0x1001FD70
0x10020CF0,61,1,0x1001FD70
0x10020D30,61,1,0x1001FD70
0x10020D70,685,1,0x1001FD70
0x10021A20,584,1,0x1001FD70
0x10021C70,1019,2,0x1001E7A0 0x1001FD70
0x100221D0,1059,2,0x1001E7A0 0x1001FD70
0x10022600,1212,1,0x1001FD70
0x10022BF0,1307,1,0x1001FD70
0x10023110,584,1,0x1001FD70
0x10023360,1019,1,0x1001FD70
0x10023AA0,103,1,0x10023B10
0x10023B10,82,1,0x10063940
0x10023B70,273,1,0x10023B10
0x10023D20,75,1,0x10029B50
0x10024680,205,1,0x10024490
0x10024750,843,1,0x10024490
0x10024AA0,839,1,0x10024490
0x10024E60,617,1,0x10029B50
0x100272F0,715,1,0x10029B50
0x10027F00,124,1,0x10029B50
0x100284E0,253,1,0x10029B50
0x100285E0,55,1,0x10029B50
0x10028620,440,1,0x10029B50
0x100287E0,52,1,0x10029B50
0x10028820,476,1,0x10029B50
0x100297F0,196,1,0x10029B50
0x100298C0,216,1,0x10029B50
0x100299A0,361,1,0x10029B50
0x10029B50,285,1,0x10063940
0x10029CD0,153,1,0x10029B50
0x1002DD30,106,1,0x1002DEC3
0x1002DD9A,106,1,0x1002DEC3
0x10032520,10,1,0x10032510
0x10032680,32,1,0x10019A70
0x10035AC0,231,1,0x10035533
0x10036130,103,2,0x10036220 0x10036300
0x10036220,224,1,0x10036300
0x10036EF0,65,1,0x10036F40
0x10037DC0,148,2,0x10048F10 0x10053590
0x10037E60,100,1,0x100498A0
0x10037ED0,11,2,0x100498A0 0x1004CBA0
0x10037EE0,13,2,0x100498A0 0x1004CBA0
0x10037EF0,73,2,0x1004BE00 0x1004CBA0
0x10037F40,35,2,0x100439B0 0x10051600
0x10037F70,43,1,0x10046E70
0x10037FA0,92,1,0x10046E70
0x10038000,92,1,0x10046E70
0x10038060,78,1,0x10046E70
0x100380B0,74,2,0x1004BE00 0x1004CBA0
0x10038100,74,1,0x10048F10
0x10038150,40,2,0x100498A0 0x1004CBA0
0x10038180,40,1,0x1004FEA0
0x100381B0,31,1,0x10051600
0x100381D0,72,1,0x10051600
0x10038220,40,2,0x100485B0 0x10052A60
0x10038250,74,1,0x10053590
0x100382A0,40,1,0x10045EF0
0x100382D0,78,1,0x100469B0
0x10038320,40,1,0x100469B0
0x10038350,48,1,0x10046E70
0x10038420,107,1,0x1004F290
0x10038490,39,1,0x1004F290
0x100384C0,144,1,0x1004F8C0
0x10038550,39,1,0x1004F8C0
0x10038580,82,1,0x1004E750
0x100385E0,6,2,0x1004E750 0x10051600
0x100385F0,82,1,0x1004E750
0x10038650,82,1,0x10051600
0x100386B0,147,1,0x10051600
0x10038750,107,1,0x100504A0
0x100387C0,39,1,0x100504A0
0x10038980,200,1,0x1004A840
0x10038A80,156,1,0x1004A840
0x10038B20,131,1,0x10050AC0
0x10038BC0,131,1,0x10050AC0
0x10038C60,61,3,0x100439B0 0x10051600 0x10052A60
0x10038CA0,136,3,0x100439B0 0x10051600 0x10052A60
0x10038D30,100,2,0x100439B0 0x10051600
0x10038DA0,100,2,0x100439B0 0x10051600
0x10038E10,180,1,0x10045EF0
0x10038ED0,100,2,0x100439B0 0x10051600
0x10038F40,567,7,0x10044860 0x100498A0 0x1004AEE0 0x1004BE00 0x1004CBA0 0x10050AC0 0x10052A60
0x10039180,100,1,0x1004E750
0x100391F0,113,1,0x100476E0
0x10039270,100,1,0x100476E0
0x100392E0,100,1,0x100476E0
0x10039350,100,1,0x100476E0
0x100393C0,330,7,0x10044860 0x100498A0 0x1004AEE0 0x1004BE00 0x1004CBA0 0x10050AC0 0x10052A60
0x10039510,100,2,0x100451F0 0x100458D0
0x10039620,563,1,0x10045EF0
0x10039990,540,1,0x10045EF0
0x10039BC0,60,1,0x10045EF0
0x10039C00,89,1,0x100458D0
0x10039C70,98,6,0x10044860 0x100498A0 0x1004AEE0 0x1004BE00 0x1004CBA0 0x10050AC0
0x10039CE0,61,1,0x10052A60
0x10039D20,129,7,0x10044860 0x100498A0 0x1004AEE0 0x1004BE00 0x1004CBA0 0x10050AC0 0x10052A60
0x10039DB0,30,2,0x100439B0 0x10051600
0x10039DD0,30,2,0x100439B0 0x10051600
0x10039DF0,30,2,0x100439B0 0x10051600
0x10039E10,91,3,0x10044860 0x10050AC0 0x10052A60
0x10039E70,30,1,0x1004E750
0x10039E90,64,1,0x100476E0
0x10039ED0,30,1,0x100476E0
0x10039EF0,30,1,0x100476E0
0x10039F10,30,1,0x100476E0
0x10039F30,40,3,0x1004BE00 0x1004CBA0 0x1004DA00
0x10039F60,42,3,0x1004BE00 0x1004CBA0 0x1004DA00
0x10039F90,108,2,0x100485B0 0x10048F10
0x1003A000,108,2,0x100485B0 0x10048F10
0x1003A070,197,1,0x1004AEE0
0x1003A140,360,1,0x100498A0
0x1003A2B0,360,1,0x100498A0
0x1003A420,341,1,0x1004BE00
0x1003A580,322,2,0x10052A60 0x10053590
0x1003A6D0,322,2,0x10052A60 0x10053590
0x1003A820,16,1,0x1004BE00
0x1003A830,11,1,0x1004BE00
0x1003A840,16,1,0x1004BE00
0x1003A850,16,1,0x1004BE00
0x1003A860,164,6,0x100485B0 0x10048F10 0x100498A0 0x1004AEE0 0x1004CBA0 0x1004DA00
0x1003A910,245,4,0x100498A0 0x1004AEE0 0x1004CBA0 0x1004DA00
0x1003AA10,238,2,0x100498A0 0x1004AEE0
0x1003AB00,200,1,0x1004AEE0
0x1003ABD0,159,1,0x1004DA00
0x1003AC70,158,1,0x1004DA00
0x1003AD10,182,1,0x1004DA00
0x1003ADD0,30,3,0x100451F0 0x100458D0 0x10045EF0
0x1003ADF0,62,1,0x100485B0
0x1003AE30,26,1,0x10048F10
0x1003AE50,62,1,0x10052A60
0x1003AED0,90,1,0x100425E0
0x1003B350,554,1,0x10048F10
0x1003B580,331,1,0x10048F10
0x1003B6D0,671,1,0x100485B0
0x1003BAC0,469,1,0x10053590
0x1003BCA0,309,1,0x10053590
0x1003BDE0,528,1,0x10052A60
0x1003BFF0,48,1,0x1004F290
0x1003C020,48,2,0x1004E750 0x1004F8C0
0x1003C050,48,1,0x100504A0
0x1003C080,331,2,0x100439B0 0x10051600
0x1003C1D0,99,2,0x100439B0 0x10051600
0x1003C240,99,2,0x100415D0 0x10046E70
0x1003C2B0,92,1,0x10046E70
0x1003C310,93,2,0x100439B0 0x10051600
0x1003C370,93,2,0x100439B0 0x10051600
0x1003C3D0,93,2,0x100439B0 0x10051600
0x1003C430,458,2,0x10044860 0x10050AC0
0x1003C600,208,2,0x10044860 0x10050AC0
0x1003C6D0,211,2,0x10044860 0x10050AC0
0x1003C950,178,1,0x100458D0
0x1003CA10,201,1,0x100458D0
0x1003CAE0,93,1,0x100476E0
0x1003CB40,93,1,0x100476E0
0x1003CBA0,93,1,0x100476E0
0x1003CC00,93,1,0x100476E0
0x1003CC60,67,1,0x10043050
0x1003CCB0,77,2,0x100415D0 0x100439B0
0x1003CD00,32,1,0x10051600
0x1003CD20,64,1,0x10050AC0
0x1003CD60,490,1,0x10051600
0x1003CF50,491,1,0x10051600
0x1003D140,219,1,0x100425E0
0x1003D220,201,1,0x1004F290
0x1003D2F0,201,1,0x1004FEA0
0x1003D4A0,66,1,0x1004F8C0
0x1003D4F0,30,6,0x100439B0 0x100498A0 0x1004AEE0 0x1004BE00 0x1004CBA0 0x1004DA00
0x1003D510,66,1,0x1004F290
0x1003D560,29,1,0x1004E750
0x1003D580,29,1,0x1004E750
0x1003D5A0,29,1,0x1004E750
0x1003D5C0,29,1,0x1004E750
0x1003D5E0,29,1,0x1004E750
0x1003D600,29,1,0x1004E750
0x1003D620,201,1,0x1004FEA0
0x1003D7D0,340,1,0x1004FEA0
0x1003D930,222,1,0x100504A0
0x1003DA10,122,1,0x100504A0
0x1003DB50,203,1,0x10050AC0
0x1003DC20,254,1,0x10050AC0
0x1003DEC0,178,1,0x1003D7D0
0x1003DF80,170,1,0x1003D930
0x1003E030,85,1,0x1004FEA0
0x1003E090,66,1,0x1004F8C0
0x1003E0E0,214,1,0x100425E0
0x1003E1C0,56,1,0x10052610
0x1003E200,66,1,0x1003F700
0x1003E250,221,1,0x10052610
0x1003E330,56,1,0x10052A60
0x1003E450,66,1,0x10053590
0x1003E4A0,244,1,0x100425E0
0x1003E5A0,57,1,0x1004AEE0
0x1003E5E0,42,1,0x100485B0
0x1003E610,47,1,0x100485B0
0x1003E640,30,1,0x10048F10
0x1003E660,201,1,0x10044860
0x1003E730,214,1,0x100425E0
0x1003E810,201,1,0x100451F0
0x1003E8E0,201,1,0x100451F0
0x1003E9B0,184,1,0x10046620
0x1003EA70,201,1,0x100451F0
0x1003EB40,201,1,0x100451F0
0x1003EC10,32,1,0x100498A0
0x1003EC30,32,1,0x100498A0
0x1003EC50,32,1,0x1004AEE0
0x1003EC70,32,1,0x1004AEE0
0x1003EC90,32,1,0x1004BE00
0x1003ECB0,32,1,0x1004BE00
0x1003ECD0,32,1,0x1004CBA0
0x1003ECF0,32,1,0x1004CBA0
0x1003ED10,32,1,0x1004DA00
0x1003ED30,32,1,0x1004DA00
0x1003ED50,32,1,0x100439B0
0x1003ED70,32,1,0x100439B0
0x1003ED90,244,1,0x100425E0
0x1003EF40,72,1,0x10048160
0x1003EF90,201,1,0x10048160
0x1003F260,212,1,0x100498A0
0x1003F410,293,1,0x1004BE00
0x1003F540,201,1,0x1004CBA0
0x1003F610,239,1,0x100425E0
0x1003F700,284,1,0x10052610
0x1003F820,57,1,0x10052A60
0x1003F860,56,1,0x1004E750
0x1003F8A0,74,1,0x10051600
0x1003F8F0,66,1,0x10044860
0x1003F940,56,1,0x10043050
0x1003F980,56,1,0x100439B0
0x1003F9C0,56,1,0x100451F0
0x1003FA00,61,1,0x10045EF0
0x1003FA40,56,1,0x100458D0
0x1003FA80,56,1,0x10046620
0x1003FAC0,66,1,0x100469B0
0x1003FB10,76,1,0x10046E70
0x1003FB60,56,1,0x100476E0
0x1003FBA0,56,1,0x1003EC10
0x1003FBE0,158,1,0x1003EC30
0x1003FC80,56,1,0x1003EC50
0x1003FCC0,158,1,0x1003EC70
0x1003FD60,56,1,0x1003EC90
0x1003FDA0,158,1,0x1003ECB0
0x1003FE40,56,1,0x1003ECD0
0x1003FE80,158,1,0x1003ECF0
0x1003FF20,56,1,0x1003ED10
0x1003FF60,158,1,0x1003ED30
0x10040000,56,1,0x1003ED50
0x10040040,158,1,0x1003ED70
0x100400E0,56,1,0x10048160
0x10040120,66,1,0x1003E5A0
0x10040170,66,1,0x1003F820
0x100401C0,76,1,0x1003EF40
0x10040210,76,2,0x1003E5E0 0x1003E610
0x10040260,146,1,0x100485B0
0x10040300,158,1,0x10048F10
0x100403A0,13,1,0x100498A0
0x100403B0,90,1,0x10043370
0x10040410,13,1,0x10043370
0x10040420,119,1,0x10043690
0x100404A0,13,1,0x10043690
0x100404B0,56,1,0x1004AEE0
0x100404F0,56,1,0x1004CBA0
0x10040530,56,1,0x1004DA00
0x10040570,132,1,0x1004A840
0x10040600,55,1,0x1004ABE0
0x10040640,32,1,0x1004A840
0x10040660,63,1,0x10048F10
0x100406A0,63,1,0x10053590
0x100406E0,161,1,0x1004DA00
0x10040790,32,1,0x1004AEE0
0x100407B0,251,32,0x100425E0 0x10043050 0x10043370 0x10043690 0x100439B0 0x10044860 0x100451F0 0x100458D0 0x10045EF0 0x10046620 0x100469B0 0x10046E70 0x100476E0 0x10048160 0x100485B0 0x10048F10 0x100498A0 0x1004A840 0x1004AEE0 0x1004BE00 0x1004CBA0 0x1004DA00 0x1004E750 0x1004F290 0x1004F8C0 0x1004FEA0 0x100504A0 0x10050AC0 0x10051600 0x10052610 0x10052A60 0x10053590
0x10040A20,24,1,0x100425E0
0x10040AF0,19,3,0x100425E0 0x10044860 0x10050AC0
0x100425E0,2659,1,0x10056260
0x10043050,794,1,0x1003F610
0x10043370,800,1,0x1003F130
0x10043690,800,1,0x1003F410
0x100439B0,3746,1,0x1003E660
0x10044860,2439,2,0x1003E4A0 0x1003F700
0x100451F0,1749,1,0x1003E730
0x100458D0,1565,1,0x1003E810
0x10045EF0,1834,1,0x1003CA10
0x10046620,908,1,0x1003E8E0
0x100469B0,1210,1,0x1003E9B0
0x10046E70,2114,1,0x1003EA70
0x100476C0,24,1,0x10046E70
0x100476E0,2679,1,0x1003EB40
0x10048160,1091,1,0x1003ED90
0x100485B0,2389,1,0x1003EF90
0x10048F10,2433,1,0x1003F060
0x100498A0,3993,1,0x1003F130
0x1004A840,923,1,0x1003C7B0
0x1004ABE0,760,1,0x1003C880
0x1004AEE0,3862,1,0x1003F260
0x1004BE00,3475,1,0x1003F340
0x1004CBA0,3671,1,0x1003F410
0x1004DA00,3394,1,0x1003F540
0x1004E750,2877,1,0x1003D220
0x1004F290,1570,1,0x1003D140
0x1004F8C0,1498,1,0x1003D2F0
0x1004FEA0,1532,1,0x1003D3C0
0x100504A0,1558,1,0x1003D620
0x10050AC0,2701,2,0x1003D7D0 0x1003D930
0x10051600,4109,2,0x1003DC20 0x1003DD20
0x10052610,1091,1,0x1003E0E0
0x10052A60,2863,1,0x1003E250
0x10053590,1932,1,0x1003E370
0x10053E70,77,2,0x10040B10 0x10054610
0x10053EE0,7,6,0x10040B10 0x10040D10 0x10054610 0x10054710 0x10075030 0x10075060
0x1005D050,9,2,0x10019A70 0x1006F170
0x1005E690,9,3,0x10019A70 0x10061F60 0x10067C30
0x1005F690,43,2,0x1005F580 0x1005F6C0
0x10062AF0,10,1,0x10062AE0
0x1006A070,15,1,0x10019A70
0x1006A580,23,1,0x1006A570
0x1006A5F0,84,1,0x1006A5A0
0x1006AAD0,30,1,0x1006A7E0
0x1006CD80,22,1,0x1006A550
0x100723D0,239,1,0x100724C0
0x10074AE6,6,3,0x100746C0 0x10074770 0x10074800
0x10074B3B,10,1,0x100038F0
0x10074B5B,10,1,0x10004900
0x10074B7B,10,1,0x10004AD0
0x10074B9B,10,1,0x10004C80
0x10074BBB,10,1,0x10004FD0
0x10074BDB,10,1,0x100051C0
0x10074BFB,10,1,0x1002F790
0x10074C1B,10,1,0x1003C7B0
0x10074C3B,10,1,0x1003C880
0x10074C5B,10,1,0x1003CA10
0x10074C7B,10,1,0x1003D140
0x10074C9B,10,1,0x1003D220
0x10074CBB,10,1,0x1003D2F0
0x10074CDB,10,1,0x1003D3C0
0x10074CFB,10,1,0x1003D620
0x10074D1B,10,1,0x1003D7D0
0x10074D3B,10,1,0x1003D930
0x10074D5B,10,1,0x1003DC20
0x10074D7B,10,1,0x1003DD20
0x10074D9B,10,1,0x1003E0E0
0x10074DBB,10,1,0x1003E250
0x10074DDB,10,1,0x1003E370
0x10074DFB,10,1,0x1003E4A0
0x10074E1B,10,1,0x1003E660
0x10074E3B,10,1,0x1003E730
0x10074E5B,10,1,0x1003E810
0x10074E7B,10,1,0x1003E8E0
0x10074E9B,10,1,0x1003E9B0
0x10074EBB,10,1,0x1003EA70
0x10074EDB,10,1,0x1003EB40
0x10074EFB,10,1,0x1003ED90
0x10074F1B,10,1,0x1003EF90
0x10074F3B,10,1,0x1003F060
0x10074F66,10,1,0x1003F130
0x10074F7B,10,1,0x1003F260
0x10074F9B,10,1,0x1003F340
0x10074FC6,10,1,0x1003F410
0x10074FDB,10,1,0x1003F540
0x10074FFB,10,1,0x1003F610
0x1007501B,10,1,0x1003F700
0x1007504B,10,1,0x10040B10
0x1007507B,10,1,0x10040D10
0x100750A6,10,1,0x10041B60
0x1007516B,10,1,0x100425E0
0x100751B7,10,1,0x10043050
0x10075207,10,1,0x10043370
0x10075257,10,1,0x10043690
0x1007536D,10,1,0x100439B0
0x10075425,10,1,0x10044860
0x100754A9,10,1,0x100451F0
0x1007552E,10,1,0x100458D0
0x100755B9,10,1,0x10045EF0
0x10075612,10,1,0x10046620
0x10075678,10,1,0x100469B0
0x1007571F,10,1,0x10046E70
0x100757EB,10,1,0x100476E0
0x1007584D,10,1,0x10048160
0x100758FA,10,1,0x100485B0
0x100759B5,10,1,0x10048F10
0x10075AC8,10,1,0x100498A0
0x10075B2D,10,1,0x1004A840
0x10075B6C,10,1,0x1004ABE0
0x10075C88,10,1,0x1004AEE0
0x10075D87,10,1,0x1004BE00
0x10075E87,10,1,0x1004CBA0
0x10075F87,10,1,0x1004DA00
0x10076066,10,1,0x1004E750
0x100760D3,10,1,0x1004F290
0x10076143,10,1,0x1004F8C0
0x100761B3,10,1,0x1004FEA0
0x10076223,10,1,0x100504A0
0x100762EB,10,1,0x10050AC0
0x10076413,10,1,0x10051600
0x1007646D,10,1,0x10052610
0x10076546,10,1,0x10052A60
0x100765D4,10,1,0x10053590
0x100765F6,10,1,0x10056260
0x1007660B,10,1,0x10058D40
0x1007662B,10,1,0x10063060
0x1007664B,10,1,0x10071FC0
