module,start,end,functions,bytes,shared,names
0,0x10001000,0x10001000,1,296,1,
1,0x10001130,0x10001130,1,9,0,
2,0x10001140,0x10001160,2,50,0,
3,0x10001180,0x10001180,1,8,0,
4,0x10001190,0x10001190,1,82,0,
5,0x100011F0,0x10001890,4,1888,4,
6,0x10001970,0x100020C0,4,1860,3,
7,0x100020D0,0x100020D0,1,105,1,
8,0x10002140,0x10002140,1,252,1,
9,0x10002240,0x10002250,2,14,0,
10,0x10002260,0x10002550,5,840,4,
11,0x100025C0,0x10002660,3,499,3,
12,0x100027C0,0x10002870,3,247,3,
13,0x100028D0,0x100028D0,1,62,0,
14,0x10002910,0x100029B0,4,205,4,
15,0x100029F0,0x10002B40,5,355,5,
16,0x10002B70,0x10002BD0,2,172,2,
17,0x10002C30,0x10002C30,1,180,1,
18,0x10002CF0,0x10002CF0,1,233,1,
19,0x10002DE0,0x10002DE0,1,170,1,
20,0x10002E90,0x10002E90,1,94,1,
21,0x10002EF0,0x10002EF0,1,66,1,
22,0x10002F40,0x10002F40,1,66,1,
23,0x10002F90,0x10003170,4,565,2,CHK_FReadOpen
24,0x100031E0,0x100033F0,5,610,3,
25,0x10003460,0x10003580,4,4061,3,
26,0x10004450,0x10004450,1,312,0,
27,0x10004590,0x10004A50,8,1219,7,
28,0x10004A90,0x10004A90,1,287,1,
29,0x10004BB0,0x10004BE0,2,95,2,
30,0x10004C20,0x10004C20,1,52,1,
31,0x10004C60,0x10005090,5,1197,5,
32,0x10005130,0x10005470,3,842,3,
33,0x100054A0,0x10005930,4,1211,4,
34,0x10005960,0x10005B10,2,635,2,
35,0x10005BE0,0x10005BE0,1,264,1,
36,0x10005CF0,0x10005CF0,1,60,1,
37,0x10005D30,0x10005D90,3,154,2,
38,0x10005DE0,0x10005DE0,1,96,1,
39,0x10005E40,0x10005E40,1,43,1,
40,0x10005E70,0x10005E70,1,97,1,
41,0x10005EE0,0x10005EE0,1,93,1,
42,0x10005F40,0x10005F90,2,144,2,
43,0x10005FE0,0x10005FE0,1,168,1,
44,0x10006090,0x10006160,4,227,4,
45,0x100061A0,0x100067F0,11,1621,11,
46,0x10006830,0x10006BD0,2,1663,2,
47,0x10006EC0,0x100073C0,11,1211,11,
48,0x100073E0,0x10007730,2,1525,2,
49,0x100079E0,0x100079E0,1,291,1,
50,0x10007B10,0x10007B10,1,129,1,
51,0x10007BA0,0x10007BD0,2,2577,1,
52,0x100085C0,0x100085E0,2,44,1,
53,0x100085F0,0x100085F0,1,118,0,CleanupName
54,0x10008670,0x10008670,1,213,1,
55,0x10008750,0x10008850,5,278,5,GetNumForName|GetPodLength|ReadPod|LoadPod__0|LoadPod__1
56,0x10008890,0x10008890,1,25,1,
57,0x100088B0,0x100088B0,1,32,1,
58,0x100088D0,0x100088D0,1,146,1,
59,0x10008970,0x10008970,1,79,1,
60,0x100089C0,0x100089C0,1,55,1,
61,0x10008A00,0x10008AA0,2,313,2,Add
62,0x10008B40,0x10008B40,1,47,1,
63,0x10008B70,0x10008B70,1,3,0,
64,0x10008B80,0x10008B80,1,1,0,
65,0x10008B90,0x10008B90,1,74,1,
66,0x10008BE0,0x10008CC0,5,265,5,
67,0x10008CF0,0x10008CF0,1,159,1,
68,0x10008D90,0x10008D90,1,86,0,
69,0x10008DF0,0x10008DF0,1,59,0,
70,0x10008E30,0x10009275,2,1328,0,
71,0x10009360,0x10009640,2,756,0,
72,0x10009660,0x10009AD0,7,1323,0,
73,0x10009BD0,0x10009BD0,1,98,0,
74,0x10009C40,0x10009E30,2,603,0,
75,0x10009EA0,0x10009EA0,1,35,0,
76,0x10009ED0,0x1000A020,2,461,0,
77,0x1000A0B0,0x1000A0B0,1,70,0,
78,0x1000A100,0x1000A170,2,125,0,
79,0x1000A190,0x1000A540,8,956,0,
80,0x1000A590,0x1000A5D0,2,613,0,
81,0x1000A800,0x1000A800,1,25,0,
82,0x1000A820,0x1000AB20,4,809,0,
83,0x1000AB70,0x1000AD70,2,625,0,
84,0x1000ADF0,0x1000ADF0,1,174,0,
85,0x1000AEA0,0x1000AEA0,1,81,0,
86,0x1000AF00,0x1000AFB0,2,577,0,
87,0x1000B150,0x1000B150,1,28,0,
88,0x1000B170,0x1000B220,3,240,0,
89,0x1000B280,0x1000B280,1,59,0,
90,0x1000B2C0,0x1000B2C0,1,133,0,
91,0x1000B350,0x1000B350,1,52,0,
92,0x1000B390,0x1000B390,1,316,0,
93,0x1000B4D0,0x1000B4D0,1,428,0,
94,0x1000B680,0x1000B820,3,676,0,
95,0x1000B940,0x1000BA40,2,303,0,
96,0x1000BA70,0x1000BA70,1,114,1,
97,0x1000BAF0,0x1000BAF0,1,908,1,APPMSG_HOSTSTARTED
98,0x1000BE7C,0x1000BE7C,1,36,0,
99,0x1000BEA0,0x1000C000,2,459,2,
100,0x1000C074,0x1000C074,1,239,0,
101,0x1000C170,0x1000C440,3,797,3,
102,0x1000C4A0,0x1000C4A0,1,46,1,
103,0x1000C4D0,0x1000C4D0,1,64,1,
104,0x1000C510,0x1000C5D0,2,324,2,
105,0x1000C670,0x1000C670,1,85,1,
106,0x1000C6D0,0x1000C6D0,1,11,0,
107,0x1000C6E0,0x1000C6E0,1,932,1,
108,0x1000CA90,0x1000E950,3,9422,2,
109,0x1000EF80,0x1000EF80,1,1246,1,
110,0x1000F460,0x1000F460,1,28,1,
111,0x1000F480,0x1000F480,1,308,1,
112,0x1000F5C0,0x1000F5C0,1,96,1,
113,0x1000F620,0x1000F620,1,29,1,
114,0x1000F640,0x1000F640,1,3971,1,
115,0x100105C4,0x100105C4,1,208,0,
116,0x100106A0,0x100106A0,1,702,1,
117,0x10010960,0x10010960,1,8,0,
118,0x10010970,0x10010970,1,14,1,
119,0x10010980,0x10010980,1,8,0,
120,0x10010990,0x10010990,1,14,1,
121,0x100109A0,0x10010B00,2,578,2,
122,0x10010BF0,0x10010D10,2,408,2,
123,0x10010D90,0x10010D90,1,39,1,
124,0x10010DC0,0x10013A10,3,11367,2,
125,0x10013A40,0x100140E0,3,2536,3,
126,0x10014430,0x10014430,1,30,0,
127,0x10014450,0x10014450,1,837,1,
128,0x100147A0,0x100147A0,1,5,0,
129,0x100147B0,0x10015BD0,4,5295,3,
130,0x10015C70,0x10015C70,1,3019,0,
131,0x1001683B,0x1001683B,1,198,0,
132,0x10016910,0x100169B0,3,305,3,
133,0x10016A50,0x10016A50,1,6,0,
134,0x10016A60,0x10017690,7,3248,5,
135,0x10017740,0x10017740,1,1,0,
136,0x10017741,0x10017768,2,70,0,
137,0x10017790,0x10017CD0,4,1515,3,
138,0x10017D90,0x10017FE0,3,708,3,
139,0x10018070,0x10018590,3,4285,2,
140,0x10019140,0x10019140,1,254,0,
141,0x10019240,0x100193C0,10,514,2,
142,0x10019490,0x1001A4D0,7,4238,5,
143,0x1001A550,0x1001A790,6,778,0,
144,0x1001A870,0x1001A870,1,77,0,
145,0x1001A8C0,0x1001A8C0,1,136,0,
146,0x1001A950,0x1001A950,1,56,0,
147,0x1001A990,0x1001AB90,4,698,0,
148,0x1001AC60,0x1001AC60,1,32,0,
149,0x1001AC80,0x1001AD50,3,241,0,
150,0x1001AD90,0x1001ADA0,2,62,0,
151,0x1001ADE0,0x1001ADE0,1,244,0,
152,0x1001AEE0,0x1001AEE0,1,64,0,
153,0x1001AF20,0x1001AF20,1,131,0,
154,0x1001AFB0,0x1001AFB0,1,119,0,
155,0x1001B030,0x1001B030,1,85,0,
156,0x1001B090,0x1001B280,2,565,0,
157,0x1001B2D0,0x1001B2D0,1,65,0,
158,0x1001B320,0x1001B320,1,135,0,
159,0x1001B3B0,0x1001B3B0,1,114,0,
160,0x1001B430,0x1001B430,1,85,0,
161,0x1001B490,0x1001B490,1,127,0,
162,0x1001B510,0x1001B510,1,131,0,
163,0x1001B5A0,0x1001B5A0,1,135,0,
164,0x1001B630,0x1001B630,1,94,0,
165,0x1001B690,0x1001B880,3,692,0,
166,0x1001B960,0x1001B9A0,3,164,0,
167,0x1001BA10,0x1001BA10,1,86,0,
168,0x1001BA70,0x1001BA70,1,92,0,
169,0x1001BAD0,0x1001BAD0,1,11,0,
170,0x1001BAE0,0x1001BB00,2,151,0,
171,0x1001BB80,0x1001BB80,1,27,1,
172,0x1001BBA0,0x1001BBA0,1,27,1,
173,0x1001BBC0,0x1001BBC0,1,43,1,
174,0x1001BBF0,0x1001BBF0,1,45,0,
175,0x1001BC20,0x1001BC20,1,43,1,
176,0x1001BC50,0x1001BC50,1,43,1,
177,0x1001BC80,0x1001BC80,1,5,0,
178,0x1001BC90,0x1001BC90,1,213,0,
179,0x1001BD70,0x1001BD70,1,149,0,
180,0x1001BE10,0x1001BE10,1,32,1,
181,0x1001BE30,0x1001C640,4,2130,1,
182,0x1001C690,0x1001C690,1,257,0,
183,0x1001C7A0,0x1001C7A0,1,73,1,
184,0x1001C7F0,0x1001C820,2,524,1,
185,0x1001CA10,0x1001CA10,1,126,0,
186,0x1001CA90,0x1001CA90,1,176,0,
187,0x1001CB40,0x1001CB40,1,183,1,
188,0x1001CC00,0x1001CC00,1,110,1,
189,0x1001CC70,0x1001CC70,1,40,0,
190,0x1001CCA0,0x1001CCA0,1,183,1,
191,0x1001CD60,0x1001CD60,1,17,1,
192,0x1001CD80,0x1001CD80,1,17,1,
193,0x1001CDA0,0x1001CDA0,1,197,0,
194,0x1001CE70,0x1001CE70,1,191,0,
195,0x1001CF30,0x1001CF30,1,178,1,
196,0x1001CFF0,0x1001E030,11,4398,8,
197,0x1001E170,0x1001E5D0,4,1531,0,
198,0x1001E790,0x1001E7C0,2,478,1,
199,0x1001E980,0x1001EEB0,3,2335,0,
200,0x1001F2B0,0x1001F7E0,3,2328,0,
201,0x1001FBE0,0x1001FF90,2,1935,0,
202,0x10020380,0x10020380,1,620,0,
203,0x100205F0,0x100205F0,1,620,0,
204,0x10020860,0x10020BA0,2,1262,0,
205,0x10020D60,0x10020D60,1,60,1,
206,0x10020DA0,0x10020DA0,1,26,1,
207,0x10020DC0,0x10020DC0,1,296,1,
208,0x10020EF0,0x10020EF0,1,35,1,
209,0x10020F20,0x10020F20,1,33,1,
210,0x10020F50,0x10020FA0,3,1462,2,
211,0x10021510,0x10021B80,3,1721,2,
212,0x10021BD0,0x10021BD0,1,682,0,
213,0x10021E80,0x100236A0,9,6988,2,
214,0x10023A10,0x10023A10,1,681,0,
215,0x10023CC0,0x10023CC0,1,1168,0,
216,0x10024150,0x10024150,1,152,1,
217,0x100241E8,0x100241E8,1,83,0,
218,0x10024240,0x10024260,2,165,1,
219,0x100242F0,0x100242F0,1,187,1,
220,0x100243AC,0x100243AC,1,33,0,
221,0x100243D0,0x100243D0,1,8,0,
222,0x100243E0,0x100243E0,1,113,0,
223,0x10024460,0x10024460,1,120,0,
224,0x100244E0,0x10024A90,4,1445,1,
225,0x10024AB0,0x10024AB0,1,46,0,
226,0x10024AE0,0x10024B60,2,193,0,AppendTexture
227,0x10024BB0,0x10024BB0,1,56,0,
228,0x10024BF0,0x100257F0,5,3060,1,
229,0x10025800,0x10025800,1,35,0,
230,0x10025830,0x10027B10,3,9044,0,
231,0x10027B90,0x10028B20,11,4116,5,TIDFromTextureAppend
232,0x10028BF0,0x10028C70,2,163,2,
233,0x10028CA0,0x10028CA0,1,349,0,
234,0x10028E00,0x10028E00,1,105,0,
235,0x10028E70,0x10029060,2,533,0,
236,0x100290A0,0x100290A0,1,53,0,
237,0x100290E0,0x100290E0,1,476,1,
238,0x100292BC,0x100292BC,1,326,0,
239,0x10029410,0x10029E10,3,2613,1,
240,0x10029E60,0x1002A250,13,953,13,
241,0x1002A280,0x1002A280,1,196,1,
242,0x1002A350,0x1002A430,2,570,0,
243,0x1002A5A0,0x1002A740,3,498,1,
244,0x1002A7A0,0x1002A7A0,1,243,0,
245,0x1002A8A0,0x1002ADC0,2,1517,1,
246,0x1002AEA0,0x1002AEA0,1,25,1,
247,0x1002AEC0,0x1002AEC0,1,39,1,
248,0x1002AEF0,0x1002AF10,2,550,1,
249,0x1002B130,0x1002B220,3,328,3,
250,0x1002B280,0x1002B280,1,18,1,
251,0x1002B2A0,0x1002B2D0,2,74,2,
252,0x1002B300,0x1002B670,3,1544,3,
253,0x1002B920,0x1002B930,2,29,1,
254,0x1002B950,0x1002B950,1,21,0,
255,0x1002B970,0x1002B9C0,3,81,3,
256,0x1002B9D0,0x1002B9D0,1,10,0,
257,0x1002B9E0,0x1002BA20,3,112,3,
258,0x1002BA60,0x1002BC90,4,737,4,
259,0x1002BD50,0x1002BF00,4,464,4,
260,0x1002BF40,0x1002C1F0,6,689,5,
261,0x1002C210,0x1002C210,1,117,1,
262,0x1002C290,0x1002C2A0,2,40,1,
263,0x1002C2C0,0x1002C2C0,1,10,0,
264,0x1002C2D0,0x1002C410,5,312,4,
265,0x1002C430,0x1002C430,1,106,1,
266,0x1002C4A0,0x1002F4C0,9,12394,7,
267,0x1002F528,0x1002F5E5,2,346,0,
268,0x1002F690,0x1002F690,1,606,0,
269,0x1002F8F0,0x1002F8F0,1,12,0,
270,0x1002F900,0x1002FAF0,3,516,3,
271,0x1002FB20,0x1002FB20,1,1768,1,
272,0x10030210,0x10030210,1,924,1,
273,0x100305B0,0x10030670,5,228,5,
274,0x100306C0,0x100307A0,2,271,2,
275,0x100307D0,0x100307D0,1,59,1,
276,0x10030810,0x10030EE0,7,2221,7,
277,0x100310F0,0x10031140,2,141,2,
278,0x10031190,0x10031190,1,151,1,
279,0x10031227,0x10031227,1,91,1,
280,0x10031282,0x1003128C,2,37,2,
281,0x100312A7,0x100312A7,1,20,1,
282,0x100312BB,0x100312BB,1,135,1,
283,0x10031342,0x10031481,2,412,2,
284,0x100314DE,0x10031866,5,2145,3,
285,0x10031D3F,0x10031D3F,1,144,1,
286,0x10031DCF,0x10031DCF,1,1303,1,
287,0x100322E6,0x10032C38,5,2828,5,
288,0x10032DF2,0x10032DF2,1,102,1,
289,0x10032E58,0x100331FF,3,1590,2,
290,0x1003348E,0x1003348E,1,10,1,
291,0x10033498,0x10033498,1,63,1,
292,0x100334D7,0x100337E9,4,865,4,
293,0x10033838,0x1003407D,4,2427,4,
294,0x100341B3,0x100341DA,2,47,1,
295,0x100341E2,0x100341E2,1,539,1,
296,0x100343FD,0x100343FD,1,93,0,
297,0x1003445A,0x1003445A,1,549,1,
298,0x1003467F,0x100346E9,2,315,2,
299,0x100347BA,0x100347BA,1,88,1,
300,0x10034812,0x10034A85,2,632,1,
301,0x10034A8A,0x10034A8A,1,424,0,
302,0x10034C32,0x10034C32,1,31,1,
303,0x10034C51,0x10034C51,1,21,1,
304,0x10034C66,0x10034C66,1,13,1,
305,0x10034C73,0x10034C73,1,11,1,
306,0x10034C7E,0x10034C83,2,163,1,
307,0x10034D21,0x10034F37,2,831,2,
308,0x10035060,0x10035060,1,142,1,
309,0x100350EE,0x100350EE,1,1069,1,
310,0x1003551B,0x10035520,2,106,1,
311,0x10035585,0x100355FB,2,181,2,
312,0x1003563A,0x1003563A,1,1389,1,
313,0x10035BA7,0x10035BBA,2,42,2,
314,0x10035BD1,0x10035BD1,1,153,0,
315,0x10035C70,0x10035C70,1,39,1,
316,0x10035CA0,0x10035CA0,1,49,1,
317,0x10035CE0,0x10035CE0,1,690,1,
318,0x10035FA0,0x10035FA0,1,31,1,
319,0x10035FC0,0x10035FC0,1,21,1,
320,0x10035FE0,0x10035FE0,1,59,1,
321,0x10036020,0x10036020,1,11,0,
322,0x10036030,0x100360F0,2,2958,2,
323,0x10036BD0,0x10036C00,2,1109,2,
324,0x10037030,0x10037070,2,135,2,
325,0x100370D0,0x10037740,2,1979,2,
326,0x100378A0,0x100378A0,1,11,0,
327,0x100378B0,0x100378B0,1,127,1,
328,0x10037930,0x10037930,1,83,1,
329,0x10037990,0x10038450,13,2866,12,
330,0x10038510,0x10038B20,2,1917,2,
331,0x10038C90,0x10038C90,1,32,0,
332,0x10038CB0,0x10038CB0,1,461,1,
333,0x10038E80,0x10038E90,2,40,1,
334,0x10038EB0,0x10038EB0,1,10,0,
335,0x10038EC0,0x10038EC0,1,103,0,
336,0x10038F30,0x10038F30,1,195,1,
337,0x10039000,0x10039000,1,32,1,
338,0x10039020,0x1003A610,9,5627,8,
339,0x1003A660,0x1003A6B0,2,674,2,
340,0x1003A910,0x1003A950,2,110,2,
341,0x1003A990,0x1003A990,1,657,1,
342,0x1003AC30,0x1003ACC0,3,151,3,
343,0x1003ACE0,0x1003AD10,2,80,2,
344,0x1003AD40,0x1003AD40,1,43,1,
345,0x1003AD70,0x1003AD70,1,45,1,
346,0x1003ADA0,0x1003B050,10,657,10,
347,0x1003B090,0x1003B090,1,15,1,
348,0x1003B0A0,0x1003B0E0,2,130,2,
349,0x1003B130,0x1003B130,1,63,1,
350,0x1003B170,0x1003B1C0,2,111,2,
351,0x1003B1F0,0x1003B1F0,1,172,0,
352,0x1003B2A0,0x1003B2A0,1,157,1,
353,0x1003B340,0x1003B340,1,163,0,
354,0x1003B3F0,0x1003B3F0,1,115,1,
355,0x1003B470,0x1003B4F0,2,822,2,
356,0x1003B7B0,0x1003B7B0,1,393,1,
357,0x1003B940,0x1003B940,1,295,1,
358,0x1003BA70,0x1003BA70,1,544,1,
359,0x1003BC90,0x1003BC90,1,176,1,
360,0x1003BD40,0x1003BD40,1,10,0,
361,0x1003BD50,0x1003BD50,1,527,1,
362,0x1003BF60,0x1003C150,4,618,4,
363,0x1003C1E0,0x1003C3A0,4,571,4,
364,0x1003C430,0x1003C430,1,231,1,
365,0x1003C520,0x1003C550,2,154,2,
366,0x1003C5C0,0x1003C5C0,1,383,1,
367,0x1003C740,0x1003C740,1,615,1,
368,0x1003C9B0,0x1003C9B0,1,53,1,
369,0x1003C9F0,0x1003C9F0,1,123,1,
370,0x1003CA70,0x1003CA70,1,33,1,
371,0x1003CAA0,0x1003CAA0,1,103,1,
372,0x1003CB10,0x1003CC70,3,633,3,
373,0x1003CDA0,0x1003CE80,2,523,2,
374,0x1003CFC0,0x1003CFC0,1,30,1,
375,0x1003CFE0,0x1003CFE0,1,68,1,
376,0x1003D030,0x1003D030,1,55,1,
377,0x1003D070,0x1003D070,1,53,1,
378,0x1003D0B0,0x1003D0B0,1,127,1,
379,0x1003D130,0x1003D130,1,71,1,
380,0x1003D180,0x1003D180,1,142,1,
381,0x1003D210,0x1003D3A0,2,607,1,
382,0x1003D480,0x1003D480,1,805,1,
383,0x1003D7B0,0x1003D7B0,1,158,1,
384,0x1003D850,0x1003D850,1,65,1,
385,0x1003D8A0,0x1003D8A0,1,161,1,
386,0x1003D950,0x1003DAE0,6,395,6,
387,0x1003DB00,0x1003DB50,2,175,2,
388,0x1003DBC0,0x1003DC10,2,1011,2,
389,0x1003DFC0,0x1003DFC0,1,66,1,
390,0x1003E010,0x1003E010,1,33,1,
391,0x1003E040,0x1003E040,1,33,1,
392,0x1003E070,0x1003E0E0,3,125,2,
393,0x1003E100,0x1003E100,1,202,1,
394,0x1003E1D0,0x1003E1D0,1,68,1,
395,0x1003E220,0x1003E220,1,50,0,
396,0x1003E260,0x1003E260,1,84,1,
397,0x1003E2C0,0x1003E2C0,1,69,0,
398,0x1003E310,0x1003E310,1,137,1,
399,0x1003E3A0,0x1003E680,3,1017,2,
400,0x1003E7A0,0x1003E7A0,1,148,1,
401,0x1003E840,0x1003E840,1,100,1,
402,0x1003E8B0,0x1003E8B0,1,11,0,
403,0x1003E8C0,0x1003E8C0,1,13,0,
404,0x1003E8D0,0x1003E8D0,1,72,1,
405,0x1003E920,0x1003E920,1,35,1,
406,0x1003E950,0x1003E950,1,43,1,
407,0x1003E980,0x1003E9E0,2,184,2,
408,0x1003EA40,0x1003EA40,1,78,1,
409,0x1003EA90,0x1003EA90,1,73,1,
410,0x1003EAE0,0x1003EAE0,1,40,1,
411,0x1003EB10,0x1003EB10,1,74,1,
412,0x1003EB60,0x1003EB60,1,40,1,
413,0x1003EB90,0x1003EB90,1,40,1,
414,0x1003EBC0,0x1003EBC0,1,31,1,
415,0x1003EBE0,0x1003EBE0,1,72,1,
416,0x1003EC30,0x1003EC30,1,74,1,
417,0x1003EC80,0x1003EC80,1,40,1,
418,0x1003ECB0,0x1003ECB0,1,91,0,
419,0x1003ED10,0x1003ED10,1,40,1,
420,0x1003ED40,0x1003ED40,1,161,0,
421,0x1003EDF0,0x1003EDF0,1,40,1,
422,0x1003EE20,0x1003EE20,1,48,1,
423,0x1003EE50,0x1003EEF0,2,259,2,
424,0x1003EF60,0x1003EF60,1,39,1,
425,0x1003EF90,0x1003EF90,1,143,1,
426,0x1003F020,0x1003F020,1,39,1,
427,0x1003F050,0x1003F110,3,243,3,
428,0x1003F170,0x1003F170,1,147,1,
429,0x1003F210,0x1003F210,1,106,1,
430,0x1003F280,0x1003F280,1,39,1,
431,0x1003F2B0,0x1003F320,2,397,2,
432,0x1003F440,0x1003F440,1,200,1,
433,0x1003F508,0x1003F508,1,44,0,
434,0x1003F540,0x1003F540,1,156,1,
435,0x1003F5E0,0x1003F5E0,1,131,1,
436,0x1003F664,0x1003F664,1,20,0,
437,0x1003F680,0x1003F680,1,131,1,
438,0x1003F704,0x1003F704,1,20,0,
439,0x1003F720,0x1003F720,1,61,1,
440,0x1003F760,0x1003FFD0,13,2126,13,
441,0x10040040,0x10040040,1,136,1,
442,0x100400C8,0x100400C8,1,16,0,
443,0x100400E0,0x100400E0,1,563,1,
444,0x10040314,0x10040314,1,16,0,
445,0x10040330,0x10040450,2,817,2,
446,0x1004066C,0x1004066C,1,16,0,
447,0x10040680,0x10040680,1,60,1,
448,0x100406C0,0x100406C0,1,108,1,
449,0x10040730,0x10040730,1,98,1,
450,0x100407A0,0x100407A0,1,61,1,
451,0x100407E0,0x100407E0,1,129,1,
452,0x10040870,0x10040870,1,30,1,
453,0x10040890,0x10040890,1,30,1,
454,0x100408B0,0x100408B0,1,30,1,
455,0x100408D0,0x100408D0,1,90,1,
456,0x10040930,0x10040930,1,30,1,
457,0x10040950,0x10040950,1,64,1,
458,0x10040990,0x10040990,1,30,1,
459,0x100409B0,0x100409B0,1,30,1,
460,0x100409D0,0x100409D0,1,30,1,
461,0x100409F0,0x100409F0,1,40,1,
462,0x10040A20,0x10040A20,1,42,1,
463,0x10040A50,0x10041180,8,2105,8,
464,0x100412C0,0x100412C0,1,16,0,
465,0x100412D0,0x100412D0,1,11,0,
466,0x100412E0,0x100412E0,1,16,0,
467,0x100412F0,0x100412F0,1,16,0,
468,0x10041300,0x100413B0,2,408,1,
469,0x100414B0,0x100417B0,5,927,5,
470,0x10041870,0x10041870,1,30,1,
471,0x10041890,0x10041890,1,62,1,
472,0x100418D0,0x100418D0,1,26,1,
473,0x100418F0,0x100418F0,1,62,1,
474,0x10041930,0x10041930,1,51,1,
475,0x10041970,0x100419D0,2,132,2,
476,0x10041A00,0x10041AC0,2,323,2,
477,0x10041B50,0x10041B50,1,115,1,
478,0x10041BD0,0x10041BD0,1,534,0,
479,0x10041DF0,0x10042170,3,1549,2,
480,0x10042410,0x100424D0,2,323,2,
481,0x10042560,0x10042880,3,1301,3,
482,0x10042A90,0x10042A90,1,48,1,
483,0x10042AC0,0x10042AC0,1,48,1,
484,0x10042AF0,0x10042AF0,1,6,0,
485,0x10042B00,0x10042B00,1,48,1,
486,0x10042B30,0x10042B30,1,330,1,
487,0x10042C80,0x10042C80,1,99,1,
488,0x10042CF0,0x10042D60,2,191,2,
489,0x10042DC0,0x10042DC0,1,93,1,
490,0x10042E20,0x10042E20,1,93,1,
491,0x10042E80,0x10042E80,1,93,1,
492,0x10042EE0,0x10043180,3,873,3,
493,0x10043260,0x10043330,2,402,2,
494,0x10043400,0x10043400,1,178,1,
495,0x100434C0,0x100434C0,1,201,1,
496,0x10043590,0x10043590,1,93,1,
497,0x100435F0,0x100435F0,1,93,1,
498,0x10043650,0x10043650,1,93,1,
499,0x100436B0,0x100436B0,1,93,1,
500,0x10043710,0x10043760,2,149,1,
501,0x100437B0,0x100437B0,1,32,1,
502,0x100437D0,0x10043A00,3,1045,3,
503,0x10043BF0,0x10043BF0,1,59,0,
504,0x10043C2B,0x10043E70,4,778,3,
505,0x10043F50,0x10043F50,1,66,1,
506,0x10043FA0,0x10043FA0,1,30,1,
507,0x10043FC0,0x10043FC0,1,66,1,
508,0x10044010,0x10044010,1,29,1,
509,0x10044030,0x10044030,1,29,1,
510,0x10044050,0x10044050,1,29,1,
511,0x10044070,0x10044070,1,29,1,
512,0x10044090,0x10044090,1,29,1,
513,0x100440B0,0x100440B0,1,29,1,
514,0x100440D0,0x100443E0,4,973,4,
515,0x100444C0,0x100444C0,1,122,1,
516,0x10044540,0x10044600,2,386,1,
517,0x100446D0,0x100447D0,2,661,2,
518,0x10044970,0x10044AE0,3,433,3,
519,0x10044B40,0x10044B40,1,66,1,
520,0x10044B90,0x10044B90,1,214,1,
521,0x10044C70,0x10044C70,1,56,1,
522,0x10044CB0,0x10044CB0,1,66,1,
523,0x10044D00,0x10044D00,1,221,1,
524,0x10044DE0,0x10044DE0,1,56,1,
525,0x10044E20,0x10044E20,1,223,1,
526,0x10044F00,0x10044F00,1,66,1,
527,0x10044F50,0x10044F50,1,244,1,
528,0x10045050,0x10045050,1,57,1,
529,0x10045090,0x100450C0,2,89,2,
530,0x100450F0,0x100450F0,1,30,1,
531,0x10045110,0x100456B0,8,1587,8,
532,0x10045780,0x10045780,1,32,1,
533,0x100457A0,0x100457A0,1,32,1,
534,0x100457C0,0x100457C0,1,32,1,
535,0x100457E0,0x100457E0,1,32,1,
536,0x10045800,0x10045800,1,32,1,
537,0x10045820,0x10045820,1,32,1,
538,0x10045840,0x10045840,1,32,1,
539,0x10045860,0x10045860,1,32,1,
540,0x10045880,0x10045880,1,32,1,
541,0x100458A0,0x100458A0,1,32,1,
542,0x100458C0,0x100458C0,1,32,1,
543,0x100458E0,0x100458E0,1,32,1,
544,0x10045900,0x10045A00,2,391,1,
545,0x10045AA0,0x10045AA0,1,72,1,
546,0x10045AF0,0x10046260,9,2125,9,
547,0x10046380,0x10046380,1,57,1,
548,0x100463C0,0x100463C0,1,56,1,
549,0x10046400,0x10046400,1,74,1,
550,0x10046450,0x10046450,1,66,1,
551,0x100464A0,0x100464A0,1,56,1,
552,0x100464E0,0x100464E0,1,56,1,
553,0x10046520,0x10046520,1,56,1,
554,0x10046560,0x10046560,1,61,1,
555,0x100465A0,0x100465A0,1,56,1,
556,0x100465E0,0x100465E0,1,56,1,
557,0x10046620,0x10046620,1,66,1,
558,0x10046670,0x10046670,1,66,1,
559,0x100466C0,0x100466C0,1,76,1,
560,0x10046710,0x10046710,1,56,1,
561,0x10046750,0x10046750,1,56,1,
562,0x10046790,0x10046790,1,158,1,
563,0x10046830,0x10046830,1,56,1,
564,0x10046870,0x10046870,1,158,1,
565,0x10046910,0x10046910,1,56,1,
566,0x10046950,0x10046950,1,158,1,
567,0x100469F0,0x100469F0,1,56,1,
568,0x10046A30,0x10046A30,1,158,1,
569,0x10046AD0,0x10046AD0,1,56,1,
570,0x10046B10,0x10046B10,1,158,1,
571,0x10046BB0,0x10046BB0,1,56,1,
572,0x10046BF0,0x10046BF0,1,158,1,
573,0x10046C90,0x10046C90,1,56,1,
574,0x10046CD0,0x10046CD0,1,66,1,
575,0x10046D20,0x10046D20,1,66,1,
576,0x10046D70,0x10046D70,1,76,1,
577,0x10046DC0,0x10046DC0,1,76,1,
578,0x10046E10,0x10046E10,1,146,1,
579,0x10046EB0,0x10046EB0,1,158,1,
580,0x10046F50,0x10046F50,1,13,1,
581,0x10046F60,0x10046F60,1,90,1,
582,0x10046FC0,0x10046FC0,1,13,1,
583,0x10046FD0,0x10046FD0,1,119,1,
584,0x10047050,0x10047050,1,13,1,
585,0x10047060,0x10047060,1,56,1,
586,0x100470A0,0x100470A0,1,56,1,
587,0x100470E0,0x100470E0,1,56,1,
588,0x10047120,0x100471B0,2,187,2,
589,0x100471F0,0x10047250,3,158,3,
590,0x10047290,0x10047290,1,161,1,
591,0x10047340,0x10047340,1,32,1,
592,0x10047360,0x10047360,1,251,1,
593,0x1004745C,0x1004745C,1,71,0,
594,0x100474B0,0x100474B0,1,19,1,
595,0x100474D0,0x100475C0,6,215,6,
596,0x100475F0,0x10047660,3,184,2,
597,0x100476C0,0x100476C0,1,478,1,
598,0x100478A0,0x100478C0,2,127,2,
599,0x10047930,0x100479D0,3,195,3,
600,0x10047A10,0x10047A10,1,68,1,
601,0x10047A60,0x10047B01,2,587,0,
602,0x10047CB0,0x10047CB0,1,48,1,
603,0x10047CE0,0x10047CE0,1,38,1,
604,0x10047D10,0x10047D10,1,30,1,
605,0x10047D30,0x10047D30,1,373,1,
606,0x10047EB0,0x10047EB0,1,247,1,
607,0x10047FB0,0x10047FB0,1,92,1,
608,0x10048010,0x10048010,1,70,1,
609,0x10048060,0x10048060,1,52,1,
610,0x100480A0,0x100480A0,1,218,1,
611,0x10048180,0x10048180,1,738,1,
612,0x10048470,0x10048470,1,77,1,
613,0x100484C0,0x100484E0,2,37,1,
614,0x100484F0,0x10048530,2,532,2,
615,0x10048710,0x10048710,1,310,0,
616,0x10048850,0x10048870,2,93,2,
617,0x100488B0,0x100488B0,1,11,1,
618,0x100488C0,0x100488C0,1,160,1,
619,0x10048960,0x10048960,1,60,0,
620,0x100489A0,0x100489A0,1,249,1,
621,0x10048AA0,0x10048AA0,1,119,1,
622,0x10048B20,0x10048B20,1,1668,1,
623,0x100491B0,0x1004DFC0,13,22012,12,
624,0x1004E810,0x1004E810,1,24,1,
625,0x1004E830,0x10057C10,17,40399,17,
626,0x100586A0,0x100586A0,1,35,1,
627,0x100586D0,0x100586D0,1,40,1,
628,0x10058700,0x10058700,1,72,1,
629,0x10058750,0x1005AE70,5,10299,5,
630,0x1005AFA0,0x1005AFA0,1,167,0,
631,0x1005B050,0x1005B050,1,77,1,
632,0x1005B0A0,0x1005B0C0,2,37,1,
633,0x1005B0D0,0x1005B0D0,1,140,1,
634,0x1005B160,0x1005B160,1,153,1,
635,0x1005B200,0x1005B200,1,80,1,
636,0x1005B250,0x1005B250,1,86,1,
637,0x1005B2B0,0x1005B2B0,1,212,1,
638,0x1005B390,0x1005B390,1,196,1,
639,0x1005B460,0x1005B460,1,219,1,
640,0x1005B540,0x1005B570,2,478,2,
641,0x1005B730,0x1005B7A0,2,171,2,
642,0x1005B7E0,0x1005B7E0,1,5,0,
643,0x1005B7F0,0x1005B7F0,1,218,1,
644,0x1005B8D0,0x1005B8F0,2,58,2,
645,0x1005B910,0x1005B910,1,618,1,
646,0x1005BB80,0x1005BB80,1,132,1,
647,0x1005BC10,0x1005BC10,1,997,1,
648,0x1005C000,0x1005C000,1,510,1,
649,0x1005C200,0x1005C200,1,110,1,
650,0x1005C270,0x1005C270,1,73,1,
651,0x1005C2C0,0x1005C2C0,1,581,1,
652,0x1005C510,0x1005C590,2,1570,2,
653,0x1005CB40,0x1005CB40,1,68,1,
654,0x1005CB90,0x1005CB90,1,82,1,
655,0x1005CBF0,0x1005CC10,2,37,1,
656,0x1005CC20,0x1005CCD0,2,505,2,
657,0x1005CE30,0x1005CE30,1,236,1,
658,0x1005CF20,0x1005D0A0,2,481,0,
659,0x1005D110,0x1005D110,1,803,0,
660,0x1005D440,0x1005D440,1,8349,1,
661,0x1005F4E0,0x1005F4E0,1,73,0,
662,0x1005F530,0x1005F690,4,685,1,DDraw_DoInit
663,0x1005F800,0x1005F800,1,309,1,
664,0x1005F940,0x1005FBC0,2,918,0,
665,0x1005FCF0,0x1005FCF0,1,183,1,
666,0x1005FDB0,0x1005FDB0,1,384,0,
667,0x1005FF30,0x1005FF60,2,108,2,
668,0x1005FFB0,0x1005FFB0,1,23,1,
669,0x1005FFD0,0x1005FFD0,1,28,1,
670,0x1005FFF0,0x1005FFF0,1,56,1,
671,0x10060030,0x10060030,1,33,1,
672,0x10060060,0x10060060,1,419,1,
673,0x10060210,0x10060210,1,71,1,
674,0x10060260,0x10060260,1,18,1,
675,0x10060280,0x10060280,1,35,1,
676,0x100602B0,0x100602B0,1,34,1,
677,0x100602E0,0x100602E0,1,181,1,
678,0x100603A0,0x100603A0,1,939,1,
679,0x10060750,0x10060750,1,48,1,
680,0x10060780,0x10060780,1,43,1,
681,0x100607B0,0x100609E0,2,598,2,
682,0x10060A10,0x10060CC0,2,802,2,
683,0x10060D50,0x10060D70,2,57,2,
684,0x10060D90,0x10060D90,1,46,1,
685,0x10060DC0,0x10060DE0,2,57,2,
686,0x10060E00,0x10060E00,1,136,1,
687,0x10060E90,0x10060E90,1,5,0,
688,0x10060EA0,0x10060F00,2,191,2,
689,0x10060F70,0x10061000,3,141,2,
690,0x10061010,0x10061290,4,902,2,
691,0x100613B0,0x100613B0,1,71,0,
692,0x10061400,0x10061400,1,86,0,
693,0x10061460,0x10061460,1,30,1,
694,0x10061480,0x100615B0,2,402,2,
695,0x10061620,0x10061620,1,56,0,
696,0x10061660,0x10061700,3,165,3,
697,0x10061720,0x10061F70,4,5385,3,
698,0x10062C50,0x10062C50,1,1909,1,
699,0x100633D0,0x100633D0,1,5,0,
700,0x100633E0,0x100634F0,3,631,3,
701,0x10063660,0x10063660,1,2431,1,
702,0x10063FE0,0x10063FE0,1,9,0,
703,0x10063FF0,0x10064350,2,5658,2,
704,0x10065620,0x10065620,1,9,0,
705,0x10065630,0x10065740,3,1229,3,
706,0x10065B20,0x10065C80,2,549,2,
707,0x10065D50,0x10065D50,1,1110,1,MakeEnemyCarColorPanels__0
708,0x100661B0,0x100661B0,1,233,1,
709,0x100662A0,0x100662A0,1,538,1,
710,0x100664C0,0x100664C0,1,75,0,
711,0x10066510,0x10066510,1,258,1,
712,0x10066620,0x10066620,1,43,1,
713,0x10066650,0x10067880,3,4754,3,
714,0x10067900,0x10067900,1,60,1,
715,0x10067940,0x10067940,1,29,1,
716,0x10067960,0x100679C0,4,350,4,
717,0x10067AE0,0x10067BC0,2,596,2,
718,0x10067D40,0x10067DC0,5,239,5,
719,0x10067E50,0x10067E50,1,120,1,
720,0x10067ED0,0x10068210,3,893,2,
721,0x10068260,0x10069370,8,4600,7,MakeEnemyCarColorPanels__1
722,0x10069490,0x10069530,3,231,3,
723,0x10069580,0x10069580,1,18,1,
724,0x100695A0,0x100695A0,1,41,1,
725,0x100695D0,0x100695D0,1,363,1,
726,0x10069740,0x100697C0,2,142,1,
727,0x100697E0,0x10069840,3,597,3,
728,0x10069A50,0x10069A60,2,40,1,
729,0x10069A80,0x10069A80,1,10,0,
730,0x10069A90,0x10069A90,1,12,1,
731,0x10069AA0,0x10069AA0,1,103,1,
732,0x10069B10,0x10069C30,3,354,3,
733,0x10069C90,0x1006A4A0,4,3071,2,
734,0x1006A8A0,0x1006A8A0,1,212,1,
735,0x1006A980,0x1006A980,1,6,0,
736,0x1006A990,0x1006AA20,3,169,1,
737,0x1006AA50,0x1006AAA0,3,68,1,
738,0x1006AAB0,0x1006AAB0,1,103,1,
739,0x1006AB20,0x1006AB20,1,111,1,
740,0x1006AB90,0x1006ABA0,2,18,1,
741,0x1006ABB0,0x1006ABB0,1,17,1,
742,0x1006ABD0,0x1006ACF0,2,303,2,
743,0x1006AD10,0x1006AD10,1,215,1,
744,0x1006ADF0,0x1006AE00,2,26,1,
745,0x1006AE20,0x1006AE20,1,134,1,
746,0x1006AEB0,0x1006B260,4,1153,4,
747,0x1006B340,0x1006C1F0,5,5084,5,
748,0x1006C740,0x1006C9A0,2,640,2,
749,0x1006C9D0,0x1006CCD0,2,2208,2,
750,0x1006D280,0x1006D280,1,38,1,
751,0x1006D2B0,0x1006D540,2,922,2,
752,0x1006D660,0x1006DDC0,6,3632,6,
753,0x1006E4C0,0x1006EF80,4,3036,4,
754,0x1006F0C0,0x1006F310,2,970,1,
755,0x1006F4A0,0x1006F650,3,617,2,
756,0x1006F720,0x1006F720,1,551,1,
757,0x1006F950,0x1006FFD0,2,3095,1,
758,0x10070580,0x10070580,1,143,0,
759,0x10070610,0x10070E60,4,2120,1,
760,0x10070E80,0x10070E80,1,665,0,
761,0x10071120,0x10071120,1,15,0,
762,0x10071130,0x10071130,1,624,0,
763,0x100713A0,0x100713A0,1,12,0,
764,0x100713B0,0x100713B0,1,5,0,
765,0x100713C0,0x100713C0,1,177,1,
766,0x10071480,0x10071480,1,79,1,
767,0x100714D0,0x10071510,2,122,2,
768,0x10071550,0x10071560,2,116,2,
769,0x100715D0,0x100715E0,2,56,1,
770,0x10071610,0x10071610,1,23,1,
771,0x10071630,0x10071630,1,69,1,
772,0x10071680,0x10071870,3,1230,3,
773,0x10071B60,0x10071B60,1,30,1,
774,0x10071B80,0x10071BF0,2,137,2,
775,0x10071C10,0x10072170,6,1585,5,
776,0x10072270,0x10072270,1,92,1,
777,0x100722D0,0x10072520,6,592,6,
778,0x10072550,0x10072700,6,476,6,
779,0x10072750,0x10072770,2,107,2,
780,0x100727C0,0x10072820,2,324,2,
781,0x10072910,0x10072A00,3,333,3,
782,0x10072A70,0x10072A90,2,122,2,
783,0x10072AF0,0x10072B10,2,50,2,
784,0x10072B30,0x10072CA0,6,698,5,
785,0x10072E00,0x10073020,4,584,4,
786,0x10073060,0x10073730,6,1892,6,
787,0x100737E0,0x100739E0,6,704,4,
788,0x10073AC0,0x10073B00,2,109,2,
789,0x10073B40,0x10073B40,1,22,1,
790,0x10073B60,0x10073B60,1,29,1,
791,0x10073B80,0x10073B80,1,14,1,
792,0x10073B90,0x10073C40,6,211,5,
793,0x10073C90,0x10073C90,1,133,1,
794,0x10073D20,0x10073D20,1,19,1,
795,0x10073D40,0x10073D40,1,25,1,
796,0x10073D60,0x10073E10,4,242,4,
797,0x10073E70,0x10073E70,1,164,1,
798,0x10073F20,0x10073F20,1,22,1,
799,0x10073F40,0x10073F50,2,16,1,
800,0x10073F60,0x10073F60,1,208,1,
801,0x10074030,0x10074030,1,27,1,
802,0x10074050,0x10074050,1,49,1,
803,0x10074090,0x100745F0,7,1568,6,
804,0x100746E0,0x100746E0,1,54,1,
805,0x10074720,0x100747C0,3,234,3,
806,0x10074830,0x10074830,1,60,1,
807,0x10074870,0x10074870,1,349,1,
808,0x100749D0,0x10074A10,2,122,2,
809,0x10074A50,0x10074B20,4,250,4,
810,0x10074B70,0x10074B70,1,156,1,
811,0x10074C10,0x10074C10,1,417,1,
812,0x10074DC0,0x10074DC0,1,10,0,
813,0x10074DD0,0x10074DD0,1,35,1,
814,0x10074E00,0x10074E00,1,17,1,
815,0x10074E20,0x10074E20,1,30,1,
816,0x10074E40,0x10074ED0,2,200,2,
817,0x10074F20,0x10074F20,1,27,1,
818,0x10074F40,0x10074F40,1,43,1,
819,0x10074F70,0x10074F70,1,77,1,
820,0x10074FC0,0x10075020,2,296,1,
821,0x100750F0,0x10075150,3,130,2,
822,0x10075190,0x10075190,1,194,1,
823,0x10075260,0x10075300,3,164,3,
824,0x10075320,0x10075320,1,5,0,
825,0x10075330,0x10075330,1,1,0,
826,0x10075340,0x10075340,1,19,1,
827,0x10075360,0x10075360,1,1044,1,
828,0x10075780,0x100758A0,3,345,2,
829,0x100758F3,0x100758F3,1,97,0,
830,0x10075960,0x10075960,1,104,1,
831,0x100759D0,0x100764C0,4,3052,3,
832,0x100765E0,0x10076650,2,286,0,
833,0x10076700,0x100769A0,4,737,4,
834,0x10076A00,0x10076AE0,4,258,3,
835,0x10076B20,0x10076B20,1,368,1,
836,0x10076C90,0x10076C90,1,67,1,
837,0x10076CE0,0x10076FA0,4,913,4,
838,0x10077090,0x10077090,1,45,1,
839,0x100770C0,0x100770F0,2,224,2,
840,0x100771B0,0x100771B0,1,78,0,
841,0x10077200,0x10077310,2,458,2,
842,0x100773D0,0x100786E0,4,6112,4,
843,0x10078BC0,0x10078BC0,1,111,1,
844,0x10078C30,0x10078C80,2,142,2,
845,0x10078CD0,0x10078CD0,1,213,1,
846,0x10078DB0,0x10078DB0,1,87,1,
847,0x10078E10,0x10078E10,1,52,1,
848,0x10078E50,0x10078E50,1,53,1,
849,0x10078E90,0x10078ED0,2,131,2,
850,0x10078F20,0x100790B0,2,431,2,
851,0x100790E0,0x100790E0,1,239,1,
852,0x100791D0,0x100795D0,3,1153,3,
853,0x10079670,0x10079680,2,40,1,
854,0x100796A0,0x100796A0,1,10,0,
855,0x100796B0,0x10079820,4,550,0,RallyMain
856,0x100798F0,0x10079C40,3,922,0,
857,0x10079CA0,0x1007A6F0,20,2539,0,
858,0x1007A710,0x1007A710,1,192,0,
859,0x1007A7D0,0x1007AC00,4,1069,0,
860,0x1007AC20,0x1007AC20,1,114,0,
861,0x1007ACA0,0x1007ACA0,1,6,0,
862,0x1007ACB0,0x1007ACB0,1,136,0,
863,0x1007AD40,0x1007AD40,1,4120,0,
864,0x1007BD58,0x1007BD58,1,6,0,
865,0x1007BD60,0x1007BD60,1,2648,0,
866,0x1007C7B8,0x1007C7B8,1,6,0,
867,0x1007C7BE,0x1007C7BE,1,6,0,
868,0x1007C7C4,0x1007C7C4,1,6,0,
869,0x1007C7D0,0x1007C7F0,2,79,1,
870,0x1007C830,0x1007C8A0,2,143,0,
871,0x1007C8D0,0x1007C8E0,2,58,0,
872,0x1007C910,0x1007CA20,4,661,0,
873,0x1007CBD0,0x1007CBD0,1,48,0,
874,0x1007CC00,0x1007CD30,7,283,3,
875,0x1007CD50,0x1007CD90,2,162,0,
876,0x1007CE00,0x1007CE90,3,149,1,
877,0x1007CEB0,0x1007CF00,2,88,1,
878,0x1007CF10,0x1007CF50,2,371,0,
879,0x1007D090,0x1007D0C0,2,176,0,
880,0x1007D150,0x1007D190,2,381,0,
881,0x1007D2E0,0x1007D420,5,709,1,
882,0x1007D5D0,0x1007D5D0,1,188,0,
883,0x1007D690,0x1007D690,1,20,0,
884,0x1007D6B0,0x1007D6B0,1,54,0,
885,0x1007D6F0,0x1007D6F0,1,7,0,
886,0x1007D700,0x1007D700,1,156,0,
887,0x1007D7A0,0x1007D7A0,1,91,0,
888,0x1007D800,0x1007D800,1,42,0,
889,0x1007D830,0x1007D830,1,204,0,
890,0x1007D900,0x1007D900,1,129,0,
891,0x1007D990,0x1007D990,1,127,0,
892,0x1007DA10,0x1007DA10,1,32,0,
893,0x1007DA30,0x1007DA30,1,34,0,
894,0x1007DA52,0x1007DA52,1,104,0,
895,0x1007DABA,0x1007DABA,1,35,0,
896,0x1007DADD,0x1007DADD,1,9,0,
897,0x1007DAE6,0x1007DAE6,1,24,0,
898,0x1007DB00,0x1007DB00,1,272,0,
899,0x1007DC10,0x1007DCD0,2,316,0,
900,0x1007DD50,0x1007DE00,3,223,1,
901,0x1007DE40,0x1007DE40,1,14,1,
902,0x1007DE50,0x1007DEE0,2,382,0,
903,0x1007DFE0,0x1007DFE0,1,16,1,
904,0x1007DFF0,0x1007DFF0,1,105,0,
905,0x1007E060,0x1007E0F0,3,133,0,
906,0x1007E100,0x1007E100,1,104,0,
907,0x1007E170,0x1007E170,1,47,1,
908,0x1007E1A0,0x1007E1A0,1,254,0,
909,0x1007E2A0,0x1007E4B0,3,554,0,
910,0x1007E4E0,0x1007E6AD,4,618,0,
911,0x1007E750,0x1007E750,1,20,0,
912,0x1007E764,0x1007E764,1,9,0,
913,0x1007E76D,0x1007E76D,1,174,0,
914,0x1007E820,0x1007E8B0,2,164,1,
915,0x1007E8D0,0x1007E8D0,1,54,0,
916,0x1007E910,0x1007E910,1,191,0,
917,0x1007E9D0,0x1007E9D0,1,383,0,
918,0x1007EB50,0x1007EB50,1,245,0,
919,0x1007EC50,0x1007EC50,1,91,0,
920,0x1007ECB0,0x1007ED20,2,156,2,
921,0x1007ED60,0x1007ED60,1,191,0,
922,0x1007EE20,0x1007EE20,1,383,0,
923,0x1007EFA0,0x1007EFA0,1,245,0,
924,0x1007F0A0,0x1007F0A0,1,39,0,
925,0x1007F0D0,0x1007F520,7,1137,0,
926,0x1007F560,0x1007F560,1,115,1,
927,0x1007F5D3,0x1007F5D3,1,6,0,
928,0x1007F5D9,0x1007F610,2,106,2,
929,0x1007F650,0x1007F650,1,13,1,
930,0x1007F65D,0x1007F65D,1,29,1,
931,0x1007F680,0x1007F680,1,111,1,
932,0x1007F6EF,0x1007F6EF,1,9,0,
933,0x1007F6F8,0x1007F6F8,1,39,1,
934,0x1007F720,0x1007F970,3,611,0,
935,0x1007F9A0,0x1007F9A0,1,140,0,
936,0x1007FA30,0x1007FC25,3,541,0,
937,0x1007FC50,0x1007FC50,1,22,0,
938,0x1007FC70,0x1007FC70,1,155,0,
939,0x1007FD10,0x1007FD10,1,170,1,
940,0x1007FDC0,0x1007FF30,2,528,1,
941,0x1007FFE0,0x1007FFE0,1,56,0,
942,0x10080020,0x10080090,2,153,1,
943,0x100800C0,0x100800C0,1,93,0,
944,0x10080120,0x10080120,1,107,0,
945,0x10080190,0x10080190,1,28,0,
946,0x100801B0,0x100801B0,1,82,0,
947,0x10080210,0x10080290,2,357,0,
948,0x10080390,0x10080580,4,567,0,
949,0x100805F0,0x100805F0,1,41,0,
950,0x10080620,0x10080750,2,2476,0,
951,0x10080FCC,0x10080FCC,1,143,0,
952,0x1008105C,0x1008105C,1,122,0,
953,0x100810E0,0x100811F0,6,237,0,
954,0x10081210,0x10081270,2,125,0,
955,0x100812A0,0x100812C0,2,141,0,
956,0x10081340,0x10081340,1,157,0,
957,0x100813E0,0x100813E0,1,43,0,
958,0x10081410,0x10081510,3,254,0,
959,0x10081530,0x10081570,2,94,0,
960,0x100815A0,0x100815E0,2,94,0,
961,0x10081610,0x10081690,2,242,0,
962,0x10081710,0x10081750,2,163,0,
963,0x100817C0,0x100817D0,2,198,1,
964,0x10081890,0x10081AA0,2,619,0,
965,0x10081B00,0x10081B70,2,248,0,
966,0x10081C00,0x10081C00,1,51,0,
967,0x10081C40,0x10081CE0,2,220,0,
968,0x10081D20,0x10081D20,1,347,0,
969,0x10081E7C,0x10081E7C,1,114,0,
970,0x10081EF0,0x10081EF0,1,217,0,
971,0x10081FD0,0x10082140,3,902,0,
972,0x10082370,0x10082450,3,728,0,
973,0x10082660,0x100826A0,2,110,0,
974,0x100826E0,0x100826E0,1,354,0,
975,0x10082850,0x100828B0,2,296,0,
976,0x10082980,0x10082C80,4,1105,0,
977,0x10082E00,0x10082EF0,3,551,0,
978,0x10083040,0x100833D0,3,1113,0,
979,0x100834B0,0x100834B0,1,118,0,
980,0x10083526,0x10083526,1,13,1,
981,0x10083533,0x10083533,1,50,0,
982,0x10083570,0x10083570,1,22,1,
983,0x10083590,0x10083620,2,320,0,
984,0x100836D7,0x100836D7,1,13,1,
985,0x100836E4,0x100836E4,1,43,0,
986,0x1008370F,0x1008370F,1,9,0,
987,0x10083718,0x10083718,1,97,0,
988,0x10083780,0x10083780,1,45,0,
989,0x100837B0,0x100837B0,1,475,0,
990,0x1008398B,0x1008398B,1,6,0,
991,0x10083991,0x10083991,1,32,0,
992,0x100839C0,0x100839C0,1,74,0,
993,0x10083A0A,0x10083A0A,1,11,0,
994,0x10083A15,0x10083A15,1,32,0,
995,0x10083A40,0x10083A40,1,37,0,
996,0x10083A70,0x10083A70,1,76,0,
997,0x10083AC0,0x10083AC0,1,74,0,
998,0x10083B0A,0x10083B0A,1,6,0,
999,0x10083B10,0x10083B37,2,62,0,
1000,0x10083B50,0x10083B50,1,65,0,
1001,0x10083B91,0x10083B91,1,6,0,
1002,0x10083B97,0x10083BBE,2,55,0,
1003,0x10083BCE,0x10083BCE,1,7,0,
1004,0x10083BE0,0x10083D10,4,1093,0,
1005,0x10084034,0x10084034,1,16,0,
1006,0x10084050,0x10084460,4,1066,0,
1007,0x10084490,0x10084490,1,55,0,
1008,0x100844D0,0x100844D0,1,57,0,
1009,0x10084510,0x10084510,1,92,0,
1010,0x10084570,0x10084570,1,256,0,
1011,0x10084670,0x10084680,2,33,0,
1012,0x100846A0,0x100846A0,1,40,0,
1013,0x100846D0,0x100846D0,1,89,0,
1014,0x10084730,0x100847D0,2,687,0,
1015,0x100849F0,0x100857C0,5,3853,0,
1016,0x10085922,0x10085922,1,167,0,
1017,0x100859C9,0x100859C9,1,17,0,
1018,0x100859E0,0x10085A0C,3,69,0,
1019,0x10085A25,0x10085A25,1,67,0,
1020,0x10085A68,0x10085B87,3,343,0,
1021,0x10085BD0,0x10085BD0,1,99,0,
1022,0x10085C40,0x10085C40,1,368,0,
1023,0x10085DB0,0x100862E0,5,1433,0,
1024,0x10086370,0x10086500,3,923,0,
1025,0x10086710,0x10086980,3,672,0,
1026,0x100869B8,0x100869B8,1,39,0,
1027,0x100869E0,0x100869E0,1,45,0,
1028,0x10086A10,0x10086B80,3,363,1,
1029,0x10086B90,0x10086B90,1,8,0,
1030,0x10086BA0,0x10086BE0,2,531,0,
1031,0x10086DC0,0x10086E00,2,83,0,
1032,0x10086E20,0x10086EC0,2,289,0,
1033,0x10086F50,0x10086FE0,2,382,0,
1034,0x100870E0,0x10087560,10,1125,4,
1035,0x10087580,0x100875C0,2,112,0,
1036,0x10087600,0x10087730,3,474,0,
1037,0x100877F0,0x100877F0,1,11,1,
1038,0x10087800,0x10087800,1,43,0,
1039,0x10087830,0x100878A0,2,222,0,
1040,0x10087920,0x10087920,1,117,0,
1041,0x100879A0,0x10087DF0,8,1955,0,
1042,0x10088190,0x10088190,1,83,0,
1043,0x100881F0,0x100881F0,1,17,0,
1044,0x10088210,0x10088210,1,13,0,
1045,0x10088220,0x10088260,3,91,0,
1046,0x10088280,0x10088280,1,31,0,
1047,0x100882A0,0x10088ED0,8,3106,0,
1048,0x10088F10,0x100891C0,4,1498,0,
1049,0x10089500,0x10089580,2,367,0,
1050,0x10089680,0x100896B0,2,73,0,
1051,0x100896D0,0x100896D0,1,255,0,
1052,0x100897D0,0x100897D0,1,32,0,
1053,0x100897F0,0x10089DB0,5,1847,0,
1054,0x10089F50,0x10089F50,1,298,0,
1055,0x1008A07A,0x1008A07A,1,11,0,
1056,0x1008A085,0x1008A085,1,11,0,
1057,0x1008A090,0x1008A090,1,6,0,
1058,0x1008A096,0x1008A096,1,6,0,
1059,0x1008A09C,0x1008A09C,1,6,0,
1060,0x1008A0A2,0x1008A741,45,1716,0,
1061,0x1008A756,0x1008AC14,4,1413,0,
1062,0x1008ACE0,0x1008ACE0,1,30,0,
1063,0x1008AD00,0x1008AD00,1,143,0,
1064,0x1008AD90,0x1008AD90,1,472,0,
1065,0x1008AF68,0x1008AF68,1,53,0,
1066,0x1008AFA0,0x1008AFA0,1,63,0,
1067,0x1008AFE0,0x1008B0B0,4,230,0,
1068,0x1008B0E0,0x1008B1E0,2,1873,0,
1069,0x1008B840,0x1008B840,1,131,0,
1070,0x1008B8C4,0x1008B8C4,1,79,0,
1071,0x1008B914,0x1008B914,1,79,0,
1072,0x1008B970,0x1008B970,1,898,0,
1073,0x1008BD00,0x1008BD00,1,334,0,
1074,0x1008BE50,0x1008BE50,1,428,0,
1075,0x1008C000,0x1008C040,2,158,0,
1076,0x1008C0B0,0x1008C1E0,2,623,0,
1077,0x1008C320,0x1008C660,4,861,0,
1078,0x1008C6A0,0x1008C6A0,1,142,0,
1079,0x1008C730,0x1008C9F0,2,834,0,
1080,0x1008CA80,0x1008CA80,1,100,0,
1081,0x1008CAF0,0x1008CE80,4,937,0,
1082,0x1008CEB0,0x1008D1B0,4,936,0,
1083,0x1008D280,0x1008D280,1,80,0,
1084,0x1008D2D0,0x1008D2D0,1,6,0,
1085,0x1008D2E0,0x1008D2E0,1,11,0,
1086,0x1008D2EB,0x1008D2EB,1,10,0,
1087,0x1008D300,0x1008D300,1,11,0,
1088,0x1008D30B,0x1008D30B,1,10,0,
1089,0x1008D320,0x1008D320,1,11,0,
1090,0x1008D32B,0x1008D32B,1,10,0,
1091,0x1008D340,0x1008D340,1,11,0,
1092,0x1008D34B,0x1008D34B,1,10,0,
1093,0x1008D360,0x1008D360,1,11,0,
1094,0x1008D36B,0x1008D36B,1,10,0,
1095,0x1008D380,0x1008D380,1,11,0,
1096,0x1008D38B,0x1008D38B,1,10,0,
1097,0x1008D3A0,0x1008D3A0,1,11,1,
1098,0x1008D3AB,0x1008D3AB,1,10,0,
1099,0x1008D3C0,0x1008D3C0,1,11,0,
1100,0x1008D3CB,0x1008D3CB,1,10,0,
1101,0x1008D3E0,0x1008D3E0,1,11,1,
1102,0x1008D3EB,0x1008D3EB,1,10,0,
1103,0x1008D400,0x1008D400,1,11,1,
1104,0x1008D40B,0x1008D40B,1,10,0,
1105,0x1008D420,0x1008D420,1,11,1,
1106,0x1008D42B,0x1008D42B,1,10,0,
1107,0x1008D440,0x1008D440,1,11,1,
1108,0x1008D44B,0x1008D44B,1,10,0,
1109,0x1008D460,0x1008D460,1,11,1,
1110,0x1008D46B,0x1008D46B,1,10,0,
1111,0x1008D480,0x1008D480,1,11,1,
1112,0x1008D48B,0x1008D48B,1,10,0,
1113,0x1008D4A0,0x1008D4A0,1,11,1,
1114,0x1008D4AB,0x1008D4AB,1,10,0,
1115,0x1008D4C0,0x1008D4C0,1,11,1,
1116,0x1008D4CB,0x1008D4CB,1,10,0,
1117,0x1008D4E0,0x1008D4E0,1,11,1,
1118,0x1008D4EB,0x1008D4EB,1,10,0,
1119,0x1008D500,0x1008D500,1,11,1,
1120,0x1008D50B,0x1008D50B,1,10,0,
1121,0x1008D520,0x1008D520,1,11,1,
1122,0x1008D52B,0x1008D52B,1,10,0,
1123,0x1008D540,0x1008D540,1,11,1,
1124,0x1008D54B,0x1008D54B,1,10,0,
1125,0x1008D560,0x1008D560,1,11,1,
1126,0x1008D56B,0x1008D56B,1,10,0,
1127,0x1008D580,0x1008D580,1,11,1,
1128,0x1008D58B,0x1008D58B,1,10,0,
1129,0x1008D5A0,0x1008D5A0,1,11,1,
1130,0x1008D5AB,0x1008D5AB,1,10,0,
1131,0x1008D5C0,0x1008D5C0,1,11,1,
1132,0x1008D5CB,0x1008D5CB,1,10,0,
1133,0x1008D5E0,0x1008D5E0,1,11,1,
1134,0x1008D5EB,0x1008D5EB,1,10,0,
1135,0x1008D600,0x1008D600,1,11,1,
1136,0x1008D60B,0x1008D60B,1,10,0,
1137,0x1008D620,0x1008D620,1,11,1,
1138,0x1008D62B,0x1008D62B,1,10,0,
1139,0x1008D640,0x1008D640,1,11,1,
1140,0x1008D64B,0x1008D64B,1,10,0,
1141,0x1008D660,0x1008D660,1,11,1,
1142,0x1008D66B,0x1008D66B,1,10,0,
1143,0x1008D680,0x1008D680,1,11,1,
1144,0x1008D68B,0x1008D68B,1,10,0,
1145,0x1008D6A0,0x1008D6A0,1,11,1,
1146,0x1008D6AB,0x1008D6AB,1,10,0,
1147,0x1008D6C0,0x1008D6C0,1,11,1,
1148,0x1008D6CB,0x1008D6CB,1,10,0,
1149,0x1008D6E0,0x1008D6E0,1,11,1,
1150,0x1008D6EB,0x1008D6EB,1,10,0,
1151,0x1008D700,0x1008D700,1,11,1,
1152,0x1008D70B,0x1008D70B,1,10,0,
1153,0x1008D720,0x1008D720,1,11,1,
1154,0x1008D72B,0x1008D72B,1,10,0,
1155,0x1008D740,0x1008D74B,2,22,2,
1156,0x1008D756,0x1008D756,1,10,0,
1157,0x1008D760,0x1008D760,1,11,1,
1158,0x1008D76B,0x1008D76B,1,10,0,
1159,0x1008D780,0x1008D780,1,11,1,
1160,0x1008D78B,0x1008D78B,1,10,0,
1161,0x1008D7A0,0x1008D7AB,2,22,2,
1162,0x1008D7B6,0x1008D7B6,1,10,0,
1163,0x1008D7C0,0x1008D7C0,1,11,1,
1164,0x1008D7CB,0x1008D7CB,1,10,0,
1165,0x1008D7E0,0x1008D7E0,1,11,1,
1166,0x1008D7EB,0x1008D7EB,1,10,0,
1167,0x1008D800,0x1008D800,1,11,1,
1168,0x1008D80B,0x1008D80B,1,10,0,
1169,0x1008D820,0x1008D820,1,27,1,
1170,0x1008D83B,0x1008D83B,1,10,0,
1171,0x1008D850,0x1008D850,1,27,1,
1172,0x1008D86B,0x1008D86B,1,10,0,
1173,0x1008D880,0x1008D88B,2,22,2,
1174,0x1008D896,0x1008D896,1,10,0,
1175,0x1008D8A0,0x1008D950,17,187,17,
1176,0x1008D95B,0x1008D95B,1,10,0,
1177,0x1008D970,0x1008D99C,5,55,5,
1178,0x1008D9A7,0x1008D9A7,1,10,0,
1179,0x1008D9C0,0x1008D9EC,5,55,5,
1180,0x1008D9F7,0x1008D9F7,1,10,0,
1181,0x1008DA10,0x1008DA3C,5,55,5,
1182,0x1008DA47,0x1008DA47,1,10,0,
1183,0x1008DA60,0x1008DB52,23,253,23,
1184,0x1008DB5D,0x1008DB5D,1,10,0,
1185,0x1008DB70,0x1008DC0A,15,165,15,
1186,0x1008DC15,0x1008DC15,1,10,0,
1187,0x1008DC20,0x1008DC8E,11,121,11,
1188,0x1008DC99,0x1008DC99,1,10,0,
1189,0x1008DCB0,0x1008DD13,10,110,10,
1190,0x1008DD1E,0x1008DD1E,1,10,0,
1191,0x1008DD30,0x1008DD9E,11,121,11,
1192,0x1008DDA9,0x1008DDA9,1,10,0,
1193,0x1008DDC0,0x1008DDF7,6,66,6,
1194,0x1008DE02,0x1008DE02,1,2,0,
1195,0x1008DE04,0x1008DE04,1,9,0,
1196,0x1008DE0D,0x1008DE0D,1,10,0,
1197,0x1008DE20,0x1008DE6D,8,88,8,
1198,0x1008DE78,0x1008DE78,1,10,0,
1199,0x1008DE90,0x1008DEDD,8,88,8,
1200,0x1008DEE8,0x1008DEE8,1,10,0,
1201,0x1008DF00,0x1008DF84,13,143,13,
1202,0x1008DF8F,0x1008DF8F,1,10,0,
1203,0x1008DFA0,0x1008E050,17,187,17,
1204,0x1008E05B,0x1008E05B,1,10,0,
1205,0x1008E070,0x1008E0B2,7,77,7,
1206,0x1008E0BD,0x1008E0BD,1,10,0,
1207,0x1008E0D0,0x1008E15F,14,154,14,
1208,0x1008E16A,0x1008E16A,1,10,0,
1209,0x1008E180,0x1008E21A,15,165,15,
1210,0x1008E225,0x1008E225,1,10,0,
1211,0x1008E230,0x1008E32D,24,264,24,
1212,0x1008E338,0x1008E338,1,10,0,
1213,0x1008E350,0x1008E392,7,77,7,
1214,0x1008E39D,0x1008E39D,1,10,0,
1215,0x1008E3B0,0x1008E3D1,4,44,4,
1216,0x1008E3DC,0x1008E3DC,1,10,0,
1217,0x1008E3F0,0x1008E4ED,24,264,24,
1218,0x1008E4F8,0x1008E4F8,1,10,0,
1219,0x1008E510,0x1008E5EC,21,231,21,
1220,0x1008E5F7,0x1008E5F7,1,10,0,
1221,0x1008E610,0x1008E6EC,21,231,21,
1222,0x1008E6F7,0x1008E6F7,1,10,0,
1223,0x1008E710,0x1008E7EC,21,231,21,
1224,0x1008E7F7,0x1008E7F7,1,10,0,
1225,0x1008E810,0x1008E8CB,18,198,18,
1226,0x1008E8D6,0x1008E8D6,1,10,0,
1227,0x1008E8E0,0x1008E938,9,99,9,
1228,0x1008E943,0x1008E943,1,10,0,
1229,0x1008E950,0x1008E9A8,9,99,9,
1230,0x1008E9B3,0x1008E9B3,1,10,0,
1231,0x1008E9C0,0x1008EA18,9,99,9,
1232,0x1008EA23,0x1008EA23,1,10,0,
1233,0x1008EA30,0x1008EA88,9,99,9,
1234,0x1008EA93,0x1008EA93,1,10,0,
1235,0x1008EAA0,0x1008EB50,17,187,17,
1236,0x1008EB5B,0x1008EB5B,1,10,0,
1237,0x1008EB70,0x1008EC78,25,275,25,
1238,0x1008EC83,0x1008EC83,1,10,0,
1239,0x1008EC90,0x1008ECD2,7,77,7,
1240,0x1008ECDD,0x1008ECDD,1,10,0,
1241,0x1008ECF0,0x1008EDAB,18,198,18,
1242,0x1008EDB6,0x1008EDB6,1,10,0,
1243,0x1008EDC0,0x1008EE39,12,132,12,
1244,0x1008EE44,0x1008EE44,1,10,0,
1245,0x1008EE50,0x1008EE5B,2,22,2,
1246,0x1008EE66,0x1008EE66,1,10,0,
1247,0x1008EE70,0x1008EE70,1,11,0,
1248,0x1008EE7B,0x1008EE7B,1,10,0,
1249,0x1008EE90,0x1008EE90,1,11,1,
1250,0x1008EE9B,0x1008EE9B,1,10,0,
1251,0x1008EEB0,0x1008EEB0,1,11,1,
1252,0x1008EEBB,0x1008EEBB,1,10,0,
1253,0x1008EED0,0x1008EED0,1,11,1,
1254,0x1008EEDB,0x1008EEDB,1,293,0,
