va,size,pattern,detail
0x10001000,296,branching,124 insns
0x100011F0,977,x87-math,309 insns
0x100015D0,399,x87-math,139 insns
0x10001760,302,x87-math,91 insns
0x10001890,210,x87-math,73 insns
0x10001970,85,calls-out,28 insns
0x100019D0,1567,x87-math,403 insns
0x10001FF0,201,branching,54 insns
0x100020D0,105,x87-math,39 insns
0x10002140,252,branching,65 insns
0x10002260,471,branching,95 insns
0x10002440,56,branching,16 insns
0x10002510,60,branching,21 insns
0x10002550,109,branching,38 insns
0x100025C0,37,branching,12 insns
0x100025F0,110,branching,32 insns
0x10002660,352,branching,99 insns
0x100027C0,37,branching,12 insns
0x100027F0,122,branching,33 insns
0x10002870,88,branching,24 insns
0x10002910,19,no-ret,
0x10002930,61,branching,19 insns
0x10002970,61,branching,19 insns
0x100029B0,64,branching,19 insns
0x100029F0,37,branching,12 insns
0x10002A20,90,branching,29 insns
0x10002A80,86,branching,28 insns
0x10002AE0,94,branching,32 insns
0x10002B40,48,branching,16 insns
0x10002B70,86,branching,36 insns
0x10002BD0,86,branching,36 insns
0x10002C30,180,branching,78 insns
0x10002CF0,233,branching,101 insns
0x10002DE0,170,x87-math,52 insns
0x10002E90,94,branching,36 insns
0x10002EF0,66,branching,21 insns
0x10002F40,66,branching,21 insns
0x100030E0,137,branching,48 insns
0x10003170,105,branching,35 insns
0x10003320,101,branching,31 insns
0x10003390,94,branching,30 insns
0x100033F0,108,branching,37 insns
0x10003460,56,calls-out,20 insns
0x100034A0,136,branching,44 insns
0x10003530,77,calls-out,27 insns
0x10004590,309,branching,82 insns
0x100046D0,136,branching,57 insns
0x100048D0,59,calls-out,18 insns
0x10004910,167,calls-out,40 insns
0x100049C0,65,other,15 insns
0x10004A10,60,calls-out,20 insns
0x10004A50,60,calls-out,18 insns
0x10004A90,287,branching,91 insns
0x10004BB0,43,calls-out,10 insns
0x10004BE0,52,branching,13 insns
0x10004C20,52,branching,13 insns
0x10004C60,360,branching,95 insns
0x10004DD0,122,branching,51 insns
0x10004E50,368,branching,97 insns
0x10004FC0,194,branching,60 insns
0x10005090,153,branching,47 insns
0x10005130,691,x87-math,174 insns
0x100053F0,118,branching,36 insns
0x10005470,33,branching,12 insns
0x100054A0,1070,x87-math,328 insns
0x100058D0,47,x87-math,14 insns
0x10005900,47,x87-math,14 insns
0x10005930,47,x87-math,14 insns
0x10005960,430,branching,128 insns
0x10005B10,205,branching,70 insns
0x10005BE0,264,branching,93 insns
0x10005CF0,60,calls-out,20 insns
0x10005D40,74,branching,24 insns
0x10005D90,74,branching,24 insns
0x10005DE0,96,calls-out,29 insns
0x10005E40,43,calls-out,13 insns
0x10005E70,97,calls-out,35 insns
0x10005EE0,93,calls-out,35 insns
0x10005F40,78,calls-out,28 insns
0x10005F90,66,branching,23 insns
0x10005FE0,168,branching,55 insns
0x10006090,38,calls-out,9 insns
0x100060C0,38,calls-out,9 insns
0x100060F0,100,branching,22 insns
0x10006160,51,branching,12 insns
0x100061A0,1018,x87-math,350 insns
0x100065A0,56,x87-math,15 insns
0x100065E0,60,x87-math,15 insns
0x10006620,54,x87-math,15 insns
0x10006660,58,x87-math,16 insns
0x100066A0,62,x87-math,22 insns
0x100066E0,77,no-ret,
0x10006730,60,x87-math,15 insns
0x10006770,60,x87-math,15 insns
0x100067B0,60,x87-math,15 insns
0x100067F0,56,x87-math,15 insns
0x10006830,925,x87-math,302 insns
0x10006BD0,738,x87-math,236 insns
0x10006EC0,901,x87-math,286 insns
0x10007250,48,x87-math,15 insns
0x10007280,20,x87-math,5 insns
0x100072A0,24,x87-math,6 insns
0x100072C0,30,x87-math,7 insns
0x100072E0,44,x87-math,15 insns
0x10007310,33,x87-math,8 insns
0x10007340,51,x87-math,13 insns
0x10007380,20,x87-math,5 insns
0x100073A0,20,x87-math,5 insns
0x100073C0,20,x87-math,5 insns
0x100073E0,845,x87-math,258 insns
0x10007730,680,x87-math,198 insns
0x100079E0,291,x87-math,100 insns
0x10007B10,129,branching,49 insns
0x10007BA0,36,calls-out,9 insns
0x100085C0,30,branching,11 insns
0x10008670,213,branching,78 insns
0x10008750,37,branching,14 insns
0x10008780,45,branching,17 insns
0x100087B0,83,branching,32 insns
0x10008810,64,branching,30 insns
0x10008850,49,branching,22 insns
0x10008890,25,calls-out,13 insns
0x100088B0,32,calls-out,16 insns
0x100088D0,146,branching,57 insns
0x10008970,79,branching,31 insns
0x100089C0,55,calls-out,18 insns
0x10008A00,156,branching,55 insns
0x10008AA0,157,calls-out,48 insns
0x10008B40,47,branching,22 insns
0x10008B90,74,branching,34 insns
0x10008BE0,64,branching,24 insns
0x10008C20,64,branching,24 insns
0x10008C60,47,branching,17 insns
0x10008C90,47,branching,17 insns
0x10008CC0,43,calls-out,14 insns
0x10008CF0,159,no-ret,
0x1000BA70,114,branching,41 insns
0x1000BAF0,908,branching,270 insns
0x1000BEA0,343,no-ret,
0x1000C000,116,branching,43 insns
0x1000C170,468,branching,147 insns
0x1000C350,236,branching,92 insns
0x1000C440,93,branching,35 insns
0x1000C4A0,46,branching,17 insns
0x1000C4D0,64,calls-out,23 insns
0x1000C510,178,branching,67 insns
0x1000C5D0,146,branching,54 insns
0x1000C670,85,branching,32 insns
0x1000C6E0,932,branching,237 insns
0x1000CA90,322,x87-math,97 insns
0x1000E950,1576,x87-math,404 insns
0x1000EF80,1246,x87-math,340 insns
0x1000F460,28,branching,9 insns
0x1000F480,308,x87-math,99 insns
0x1000F5C0,96,other,24 insns
0x1000F620,29,other,10 insns
0x1000F640,3971,no-ret,
0x100106A0,702,branching,237 insns
0x10010970,14,x87-math,4 insns
0x10010990,14,x87-math,4 insns
0x100109A0,347,x87-math,129 insns
0x10010B00,231,x87-math,79 insns
0x10010BF0,287,x87-math,108 insns
0x10010D10,121,x87-math,37 insns
0x10010D90,39,branching,14 insns
0x10010DC0,1991,x87-math,543 insns
0x10013A10,47,other,10 insns
0x10013A40,843,branching,212 insns
0x10013D90,846,x87-math,234 insns
0x100140E0,847,branching,191 insns
0x10014450,837,branching,193 insns
0x100147B0,383,x87-math,99 insns
0x10014930,252,x87-math,72 insns
0x10015BD0,160,branching,54 insns
0x10016910,128,branching,30 insns
0x10016990,20,branching,5 insns
0x100169B0,157,branching,56 insns
0x10016A60,217,other,57 insns
0x10016B40,1703,x87-math,458 insns
0x100171F0,159,x87-math,60 insns
0x10017290,238,no-ret,
0x10017690,164,branching,58 insns
0x10017790,246,branching,87 insns
0x10017C80,79,x87-math,22 insns
0x10017CD0,190,x87-math,67 insns
0x10017D90,401,x87-math,123 insns
0x10017F30,163,branching,54 insns
0x10017FE0,144,x87-math,53 insns
0x10018070,54,branching,18 insns
0x100180B0,1239,x87-math,322 insns
0x100192A0,69,field-writes,13 stores
0x10019300,180,branching,55 insns
0x10019490,75,branching,23 insns
0x100194E0,306,x87-math,71 insns
0x10019620,174,x87-math,42 insns
0x100196D0,1142,x87-math,298 insns
0x1001A4B0,31,calls-out,8 insns
0x1001BB80,27,branching,15 insns
0x1001BBA0,27,branching,15 insns
0x1001BBC0,43,x87-math,22 insns
0x1001BC20,43,x87-math,22 insns
0x1001BC50,43,x87-math,22 insns
0x1001BE10,32,calls-out,12 insns
0x1001BE30,96,calls-out,37 insns
0x1001C7A0,73,calls-out,33 insns
0x1001C7F0,36,calls-out,13 insns
0x1001CB40,183,x87-math,44 insns
0x1001CC00,110,other,37 insns
0x1001CCA0,183,x87-math,44 insns
0x1001CD60,17,other,5 insns
0x1001CD80,17,other,5 insns
0x1001CF30,178,branching,45 insns
0x1001D810,303,x87-math,117 insns
0x1001D940,170,x87-math,53 insns
0x1001D9F0,311,x87-math,120 insns
0x1001DB30,311,x87-math,120 insns
0x1001DC70,311,x87-math,120 insns
0x1001DDB0,311,x87-math,120 insns
0x1001DEF0,311,x87-math,120 insns
0x1001E030,311,x87-math,120 insns
0x1001E790,37,calls-out,12 insns
0x10020D60,60,branching,19 insns
0x10020DA0,26,branching,9 insns
0x10020DC0,296,branching,92 insns
0x10020EF0,35,branching,10 insns
0x10020F20,33,calls-out,10 insns
0x10020F50,43,branching,17 insns
0x10020F80,27,calls-out,10 insns
0x10021510,79,calls-out,32 insns
0x10021B80,75,calls-out,27 insns
0x10022350,301,x87-math,80 insns
0x10022DC0,162,x87-math,52 insns
0x10024150,152,branching,55 insns
0x10024240,27,other,11 insns
0x100242F0,187,branching,53 insns
0x10024A90,29,branching,11 insns
0x100251A0,430,branching,120 insns
0x10027B90,97,branching,38 insns
0x10027C00,96,branching,34 insns
0x10028200,333,branching,112 insns
0x10028630,235,branching,68 insns
0x10028720,320,no-ret,
0x10028BF0,124,calls-out,52 insns
0x10028C70,39,branching,15 insns
0x100290E0,476,branching,136 insns
0x10029410,92,branching,23 insns
0x10029E60,19,branching,6 insns
0x10029E80,33,other,10 insns
0x10029EB0,83,branching,24 insns
0x10029F10,109,branching,34 insns
0x10029F80,20,branching,4 insns
0x10029FA0,94,branching,27 insns
0x1002A000,25,branching,7 insns
0x1002A020,26,branching,7 insns
0x1002A040,244,branching,67 insns
0x1002A140,91,other,21 insns
0x1002A1A0,107,branching,29 insns
0x1002A210,55,branching,17 insns
0x1002A250,47,branching,12 insns
0x1002A280,196,branching,71 insns
0x1002A740,91,branching,33 insns
0x1002A8A0,1306,branching,406 insns
0x1002AEA0,25,branching,7 insns
0x1002AEC0,39,branching,17 insns
0x1002AF10,529,x87-math,143 insns
0x1002B130,142,x87-math,36 insns
0x1002B1C0,93,x87-math,22 insns
0x1002B220,93,x87-math,22 insns
0x1002B280,18,field-writes,4 stores
0x1002B2A0,37,x87-math,12 insns
0x1002B2D0,37,x87-math,12 insns
0x1002B300,56,x87-math,17 insns
0x1002B340,803,x87-math,222 insns
0x1002B670,685,x87-math,165 insns
0x1002B930,20,other,9 insns
0x1002B970,43,branching,17 insns
0x1002B9A0,25,calls-out,6 insns
0x1002B9C0,13,other,4 insns
0x1002B9E0,29,branching,12 insns
0x1002BA00,32,branching,15 insns
0x1002BA20,51,other,18 insns
0x1002BA60,32,branching,15 insns
0x1002BA80,32,branching,15 insns
0x1002BAA0,493,branching,165 insns
0x1002BC90,180,branching,71 insns
0x1002BD50,114,branching,51 insns
0x1002BDD0,89,branching,32 insns
0x1002BE30,203,x87-math,55 insns
0x1002BF00,58,branching,14 insns
0x1002BF40,60,branching,27 insns
0x1002C150,61,calls-out,24 insns
0x1002C190,29,other,11 insns
0x1002C1B0,51,other,20 insns
0x1002C1F0,30,branching,8 insns
0x1002C210,117,branching,33 insns
0x1002C2A0,30,branching,12 insns
0x1002C2D0,71,branching,20 insns
0x1002C320,98,branching,27 insns
0x1002C390,34,calls-out,6 insns
0x1002C410,31,branching,12 insns
0x1002C430,106,x87-math,33 insns
0x1002C4A0,44,branching,17 insns
0x1002C4D0,35,no-ret,
0x1002F130,251,calls-out,86 insns
0x1002F230,112,branching,39 insns
0x1002F2A0,128,branching,40 insns
0x1002F320,312,branching,96 insns
0x1002F460,96,branching,30 insns
0x1002F900,440,calls-out,146 insns
0x1002FAC0,43,branching,16 insns
0x1002FAF0,33,branching,12 insns
0x1002FB20,1768,branching,431 insns
0x10030210,924,branching,314 insns
0x100305B0,55,x87-math,21 insns
0x100305F0,16,x87-math,6 insns
0x10030600,55,x87-math,22 insns
0x10030640,37,x87-math,15 insns
0x10030670,65,x87-math,25 insns
0x100306C0,224,x87-math,91 insns
0x100307A0,47,branching,23 insns
0x100307D0,59,other,20 insns
0x10030810,287,x87-math,91 insns
0x10030930,106,x87-math,37 insns
0x100309A0,427,x87-math,140 insns
0x10030B50,645,x87-math,202 insns
0x10030DE0,56,x87-math,15 insns
0x10030E20,186,x87-math,64 insns
0x10030EE0,514,x87-math,132 insns
0x100310F0,70,x87-math,22 insns
0x10031140,71,other,23 insns
0x10031190,151,branching,49 insns
0x10031227,91,other,17 insns
0x10031282,10,calls-out,5 insns
0x1003128C,27,other,8 insns
0x100312A7,20,no-ret,
0x100312BB,135,x87-math,50 insns
0x10031342,319,branching,101 insns
0x10031481,93,branching,29 insns
0x100314E8,416,other,101 insns
0x10031688,478,branching,123 insns
0x10031866,1241,x87-math,269 insns
0x10031D3F,144,x87-math,44 insns
0x10031DCF,1303,branching,323 insns
0x100322E6,1421,branching,334 insns
0x10032873,44,calls-out,21 insns
0x1003289F,419,x87-math,117 insns
0x10032A42,502,branching,129 insns
0x10032C38,442,branching,112 insns
0x10032DF2,102,other,26 insns
0x10032E5D,930,no-ret,
0x100331FF,655,other,181 insns
0x1003348E,10,other,8 insns
0x10033498,63,no-ret,
0x100334D7,681,branching,194 insns
0x10033780,46,branching,11 insns
0x100337AE,59,calls-out,15 insns
0x100337E9,79,branching,23 insns
0x10033838,1145,branching,276 insns
0x10033CB1,466,x87-math,119 insns
0x10033E83,506,x87-math,143 insns
0x1003407D,310,x87-math,58 insns
0x100341B3,39,no-ret,
0x100341E2,539,branching,157 insns
0x1003445A,549,branching,149 insns
0x1003467F,106,no-ret,
0x100346E9,209,no-ret,
0x100347BA,88,x87-math,23 insns
0x10034812,627,branching,176 insns
0x10034C32,31,other,16 insns
0x10034C51,21,other,9 insns
0x10034C66,13,other,6 insns
0x10034C73,11,calls-out,5 insns
0x10034C83,158,no-ret,
0x10034D21,534,no-ret,
0x10034F37,297,branching,104 insns
0x10035060,142,branching,56 insns
0x100350EE,1069,branching,301 insns
0x10035520,101,branching,32 insns
0x10035585,118,branching,40 insns
0x100355FB,63,calls-out,30 insns
0x1003563A,1389,x87-math,442 insns
0x10035BA7,19,calls-out,8 insns
0x10035BBA,23,calls-out,9 insns
0x10035C70,39,other,16 insns
0x10035CA0,49,other,16 insns
0x10035CE0,690,x87-math,243 insns
0x10035FA0,31,other,15 insns
0x10035FC0,21,other,11 insns
0x10035FE0,59,other,17 insns
0x10036030,185,branching,81 insns
0x100360F0,2773,no-ret,
0x10036BD0,47,calls-out,18 insns
0x10036C00,1062,branching,371 insns
0x10037030,51,branching,16 insns
0x10037070,84,branching,33 insns
0x100370D0,1641,branching,414 insns
0x10037740,338,branching,111 insns
0x100378B0,127,branching,41 insns
0x10037930,83,branching,29 insns
0x10037A90,116,calls-out,40 insns
0x10037B10,764,x87-math,219 insns
0x10037E10,398,branching,140 insns
0x10037FA0,58,branching,25 insns
0x10037FE0,43,branching,21 insns
0x10038010,563,calls-out,192 insns
0x10038250,76,branching,33 insns
0x100382A0,217,branching,80 insns
0x10038380,64,calls-out,23 insns
0x100383C0,75,other,26 insns
0x10038410,52,branching,21 insns
0x10038450,188,branching,64 insns
0x10038510,1549,branching,495 insns
0x10038B20,368,branching,128 insns
0x10038CB0,461,no-ret,
0x10038E90,30,branching,12 insns
0x10038F30,195,branching,53 insns
0x10039000,32,calls-out,9 insns
0x10039020,469,x87-math,124 insns
0x10039200,1464,x87-math,405 insns
0x10039F20,726,x87-math,186 insns
0x1003A200,315,x87-math,76 insns
0x1003A340,398,x87-math,97 insns
0x1003A4D0,92,branching,23 insns
0x1003A530,219,branching,73 insns
0x1003A610,67,other,18 insns
0x1003A660,73,branching,21 insns
0x1003A6B0,601,x87-math,185 insns
0x1003A910,55,branching,16 insns
0x1003A950,55,x87-math,17 insns
0x1003A990,657,branching,189 insns
0x1003AC30,83,x87-math,33 insns
0x1003AC90,37,x87-math,15 insns
0x1003ACC0,31,x87-math,12 insns
0x1003ACE0,37,x87-math,12 insns
0x1003AD10,43,x87-math,16 insns
0x1003AD40,43,x87-math,15 insns
0x1003AD70,45,x87-math,17 insns
0x1003ADA0,168,x87-math,56 insns
0x1003AE50,141,x87-math,51 insns
0x1003AEE0,37,x87-math,13 insns
0x1003AF10,35,x87-math,13 insns
0x1003AF40,37,x87-math,13 insns
0x1003AF70,33,x87-math,12 insns
0x1003AFA0,57,x87-math,19 insns
0x1003AFE0,49,x87-math,16 insns
0x1003B020,45,x87-math,15 insns
0x1003B050,55,x87-math,16 insns
0x1003B090,15,other,6 insns
0x1003B0A0,55,x87-math,21 insns
0x1003B0E0,75,x87-math,28 insns
0x1003B130,63,x87-math,24 insns
0x1003B170,65,x87-math,24 insns
0x1003B1C0,46,x87-math,17 insns
0x1003B2A0,157,x87-math,66 insns
0x1003B3F0,115,x87-math,49 insns
0x1003B470,126,x87-math,47 insns
0x1003B4F0,696,x87-math,244 insns
0x1003B7B0,393,x87-math,125 insns
0x1003B940,295,x87-math,119 insns
0x1003BA70,544,x87-math,221 insns
0x1003BC90,176,x87-math,63 insns
0x1003BD50,527,branching,164 insns
0x1003BF60,111,branching,30 insns
0x1003BFD0,78,branching,23 insns
0x1003C020,294,branching,81 insns
0x1003C150,135,branching,40 insns
0x1003C1E0,71,branching,18 insns
0x1003C230,47,calls-out,11 insns
0x1003C260,319,branching,96 insns
0x1003C3A0,134,branching,47 insns
0x1003C430,231,branching,79 insns
0x1003C520,46,calls-out,14 insns
0x1003C550,108,branching,32 insns
0x1003C5C0,383,branching,111 insns
0x1003C740,615,branching,187 insns
0x1003C9B0,53,branching,22 insns
0x1003C9F0,123,branching,42 insns
0x1003CA70,33,branching,12 insns
0x1003CAA0,103,branching,30 insns
0x1003CB10,120,branching,40 insns
0x1003CB90,224,branching,76 insns
0x1003CC70,289,branching,82 insns
0x1003CDA0,212,branching,77 insns
0x1003CE80,311,branching,107 insns
0x1003CFC0,30,other,10 insns
0x1003CFE0,68,branching,27 insns
0x1003D030,55,branching,18 insns
0x1003D070,53,branching,22 insns
0x1003D0B0,127,branching,55 insns
0x1003D130,71,branching,28 insns
0x1003D180,142,branching,64 insns
0x1003D210,389,branching,147 insns
0x1003D480,805,branching,232 insns
0x1003D7B0,158,branching,58 insns
0x1003D850,65,branching,27 insns
0x1003D8A0,161,branching,67 insns
0x1003D950,77,branching,28 insns
0x1003D9A0,77,branching,28 insns
0x1003D9F0,69,branching,26 insns
0x1003DA40,77,branching,28 insns
0x1003DA90,67,branching,25 insns
0x1003DAE0,28,branching,11 insns
0x1003DB00,67,branching,25 insns
0x1003DB50,108,branching,42 insns
0x1003DBC0,78,calls-out,23 insns
0x1003DC10,933,branching,268 insns
0x1003DFC0,66,other,12 insns
0x1003E010,33,branching,16 insns
0x1003E040,33,branching,16 insns
0x1003E080,90,branching,31 insns
0x1003E0E0,25,branching,9 insns
0x1003E100,202,branching,72 insns
0x1003E1D0,68,branching,20 insns
0x1003E260,84,branching,29 insns
0x1003E310,137,other,25 insns
0x1003E3A0,362,branching,87 insns
0x1003E510,368,branching,99 insns
0x1003E7A0,148,x87-math,59 insns
0x1003E840,100,branching,38 insns
0x1003E8D0,72,branching,25 insns
0x1003E920,35,x87-math,11 insns
0x1003E950,43,branching,10 insns
0x1003E980,92,x87-math,40 insns
0x1003E9E0,92,x87-math,40 insns
0x1003EA40,78,x87-math,22 insns
0x1003EA90,73,branching,25 insns
0x1003EAE0,40,branching,11 insns
0x1003EB10,74,branching,26 insns
0x1003EB60,40,branching,11 insns
0x1003EB90,40,branching,11 insns
0x1003EBC0,31,calls-out,8 insns
0x1003EBE0,72,branching,20 insns
0x1003EC30,74,branching,26 insns
0x1003EC80,40,branching,11 insns
0x1003ED10,40,branching,11 insns
0x1003EDF0,40,branching,11 insns
0x1003EE20,48,branching,16 insns
0x1003EE50,153,branching,58 insns
0x1003EEF0,106,branching,41 insns
0x1003EF60,39,branching,14 insns
0x1003EF90,143,branching,55 insns
0x1003F020,39,branching,14 insns
0x1003F050,81,branching,31 insns
0x1003F0B0,81,branching,31 insns
0x1003F110,81,branching,31 insns
0x1003F170,147,calls-out,58 insns
0x1003F210,106,branching,41 insns
0x1003F280,39,branching,14 insns
0x1003F2B0,112,branching,38 insns
0x1003F320,285,branching,99 insns
0x1003F440,200,branching,44 insns
0x1003F540,156,branching,42 insns
0x1003F5E0,131,branching,28 insns
0x1003F680,131,branching,28 insns
0x1003F720,61,branching,15 insns
0x1003F760,136,branching,48 insns
0x1003F7F0,100,calls-out,36 insns
0x1003F860,100,calls-out,36 insns
0x1003F8D0,180,branching,61 insns
0x1003F990,100,calls-out,36 insns
0x1003FA00,567,branching,172 insns
0x1003FC40,100,calls-out,36 insns
0x1003FCB0,113,branching,41 insns
0x1003FD30,100,calls-out,36 insns
0x1003FDA0,100,calls-out,36 insns
0x1003FE10,100,calls-out,36 insns
0x1003FE80,330,x87-math,101 insns
0x1003FFD0,100,calls-out,36 insns
0x10040040,136,branching,48 insns
0x100400E0,563,branching,153 insns
0x10040330,277,branching,86 insns
0x10040450,540,branching,158 insns
0x10040680,60,branching,11 insns
0x100406C0,108,no-ret,
0x10040730,98,branching,24 insns
0x100407A0,61,branching,15 insns
0x100407E0,129,branching,33 insns
0x10040870,30,other,6 insns
0x10040890,30,other,6 insns
0x100408B0,30,other,6 insns
0x100408D0,90,branching,31 insns
0x10040930,30,other,6 insns
0x10040950,64,branching,14 insns
0x10040990,30,field-writes,5 stores
0x100409B0,30,other,6 insns
0x100409D0,30,other,6 insns
0x100409F0,40,other,8 insns
0x10040A20,42,other,9 insns
0x10040A50,107,branching,39 insns
0x10040AC0,107,branching,39 insns
0x10040B30,196,branching,78 insns
0x10040C00,358,x87-math,120 insns
0x10040D70,358,x87-math,120 insns
0x10040EE0,339,x87-math,116 insns
0x10041040,320,x87-math,111 insns
0x10041180,320,x87-math,111 insns
0x10041300,163,branching,63 insns
0x100414B0,236,branching,92 insns
0x100415A0,198,branching,75 insns
0x10041670,157,branching,62 insns
0x10041710,156,branching,61 insns
0x100417B0,180,branching,70 insns
0x10041870,30,other,6 insns
0x10041890,62,branching,15 insns
0x100418D0,26,branching,7 insns
0x100418F0,62,branching,15 insns
0x10041930,51,branching,13 insns
0x10041970,90,branching,21 insns
0x100419D0,42,branching,14 insns
0x10041A00,179,branching,59 insns
0x10041AC0,144,branching,51 insns
0x10041B50,115,branching,41 insns
0x10041DF0,553,branching,193 insns
0x10042020,328,branching,117 insns
0x10042410,179,branching,59 insns
0x100424D0,144,branching,51 insns
0x10042560,468,branching,168 insns
0x10042740,306,branching,110 insns
0x10042880,527,branching,148 insns
0x10042A90,48,branching,12 insns
0x10042AC0,48,branching,12 insns
0x10042B00,48,branching,12 insns
0x10042B30,330,branching,107 insns
0x10042C80,99,branching,25 insns
0x10042CF0,99,branching,24 insns
0x10042D60,92,branching,24 insns
0x10042DC0,93,branching,23 insns
0x10042E20,93,branching,23 insns
0x10042E80,93,branching,23 insns
0x10042EE0,457,branching,149 insns
0x100430B0,206,branching,68 insns
0x10043180,210,branching,63 insns
0x10043260,201,branching,49 insns
0x10043330,201,branching,49 insns
0x10043400,178,branching,48 insns
0x100434C0,201,branching,49 insns
0x10043590,93,branching,23 insns
0x100435F0,93,branching,23 insns
0x10043650,93,branching,23 insns
0x100436B0,93,branching,23 insns
0x10043760,77,branching,18 insns
0x100437B0,32,branching,10 insns
0x100437D0,64,branching,18 insns
0x10043810,490,branching,153 insns
0x10043A00,491,branching,164 insns
0x10043CD0,201,branching,49 insns
0x10043DA0,201,branching,49 insns
0x10043E70,216,branching,57 insns
0x10043F50,66,branching,16 insns
0x10043FA0,30,calls-out,9 insns
0x10043FC0,66,branching,16 insns
0x10044010,29,calls-out,7 insns
0x10044030,29,calls-out,7 insns
0x10044050,29,calls-out,7 insns
0x10044070,29,calls-out,7 insns
0x10044090,29,calls-out,7 insns
0x100440B0,29,calls-out,7 insns
0x100440D0,201,branching,49 insns
0x100441A0,210,branching,66 insns
0x10044280,340,branching,87 insns
0x100443E0,222,branching,50 insns
0x100444C0,122,branching,31 insns
0x10044600,202,branching,62 insns
0x100446D0,254,branching,64 insns
0x100447D0,407,branching,120 insns
0x10044970,178,branching,52 insns
0x10044A30,170,branching,50 insns
0x10044AE0,85,branching,23 insns
0x10044B40,66,branching,16 insns
0x10044B90,214,branching,52 insns
0x10044C70,56,branching,15 insns
0x10044CB0,66,branching,16 insns
0x10044D00,221,branching,51 insns
0x10044DE0,56,branching,15 insns
0x10044E20,223,branching,53 insns
0x10044F00,66,branching,16 insns
0x10044F50,244,branching,57 insns
0x10045050,57,calls-out,11 insns
0x10045090,42,calls-out,9 insns
0x100450C0,47,calls-out,10 insns
0x100450F0,30,calls-out,8 insns
0x10045110,201,branching,49 insns
0x100451E0,214,branching,52 insns
0x100452C0,201,branching,49 insns
0x10045390,201,branching,49 insns
0x10045460,184,branching,46 insns
0x10045520,184,branching,46 insns
0x100455E0,201,branching,49 insns
0x100456B0,201,branching,49 insns
0x10045780,32,calls-out,8 insns
0x100457A0,32,calls-out,8 insns
0x100457C0,32,calls-out,8 insns
0x100457E0,32,calls-out,8 insns
0x10045800,32,calls-out,8 insns
0x10045820,32,calls-out,8 insns
0x10045840,32,calls-out,8 insns
0x10045860,32,calls-out,8 insns
0x10045880,32,calls-out,8 insns
0x100458A0,32,calls-out,8 insns
0x100458C0,32,calls-out,8 insns
0x100458E0,32,calls-out,8 insns
0x10045900,244,branching,62 insns
0x10045AA0,72,calls-out,13 insns
0x10045AF0,201,branching,49 insns
0x10045BC0,201,branching,49 insns
0x10045C90,293,branching,81 insns
0x10045DC0,212,branching,51 insns
0x10045EA0,201,branching,49 insns
0x10045F70,293,branching,81 insns
0x100460A0,201,branching,49 insns
0x10046170,239,branching,57 insns
0x10046260,284,branching,67 insns
0x10046380,57,calls-out,11 insns
0x100463C0,56,branching,15 insns
0x10046400,74,branching,21 insns
0x10046450,66,branching,16 insns
0x100464A0,56,branching,15 insns
0x100464E0,56,branching,15 insns
0x10046520,56,branching,15 insns
0x10046560,61,branching,16 insns
0x100465A0,56,branching,15 insns
0x100465E0,56,branching,15 insns
0x10046620,66,branching,16 insns
0x10046670,66,branching,16 insns
0x100466C0,76,branching,19 insns
0x10046710,56,branching,15 insns
0x10046750,56,branching,15 insns
0x10046790,158,branching,51 insns
0x10046830,56,branching,15 insns
0x10046870,158,branching,51 insns
0x10046910,56,branching,15 insns
0x10046950,158,branching,51 insns
0x100469F0,56,branching,15 insns
0x10046A30,158,branching,51 insns
0x10046AD0,56,branching,15 insns
0x10046B10,158,branching,51 insns
0x10046BB0,56,branching,15 insns
0x10046BF0,158,branching,51 insns
0x10046C90,56,branching,15 insns
0x10046CD0,66,branching,16 insns
0x10046D20,66,branching,16 insns
0x10046D70,76,branching,17 insns
0x10046DC0,76,branching,17 insns
0x10046E10,146,branching,49 insns
0x10046EB0,158,branching,51 insns
0x10046F50,13,other,4 insns
0x10046F60,90,branching,23 insns
0x10046FC0,13,other,4 insns
0x10046FD0,119,branching,36 insns
0x10047050,13,other,4 insns
0x10047060,56,branching,15 insns
0x100470A0,56,branching,15 insns
0x100470E0,56,branching,15 insns
0x10047120,132,branching,40 insns
0x100471B0,55,branching,18 insns
0x100471F0,32,branching,11 insns
0x10047210,63,branching,19 insns
0x10047250,63,branching,19 insns
0x10047290,161,branching,51 insns
0x10047340,32,other,10 insns
0x10047360,251,branching,78 insns
0x100474B0,19,calls-out,6 insns
0x100474D0,36,calls-out,7 insns
0x10047500,36,calls-out,7 insns
0x10047530,36,calls-out,7 insns
0x10047560,35,calls-out,7 insns
0x10047590,36,calls-out,7 insns
0x100475C0,36,calls-out,7 insns
0x100475F0,24,calls-out,7 insns
0x10047610,71,branching,19 insns
0x100476C0,478,calls-out,110 insns
0x100478A0,30,branching,11 insns
0x100478C0,97,calls-out,23 insns
0x10047930,79,x87-math,25 insns
0x10047980,65,x87-math,21 insns
0x100479D0,51,calls-out,16 insns
0x10047A10,68,branching,20 insns
0x10047CB0,48,x87-math,12 insns
0x10047CE0,38,x87-math,9 insns
0x10047D10,30,field-writes,8 stores
0x10047D30,373,x87-math,114 insns
0x10047EB0,247,x87-math,73 insns
0x10047FB0,92,other,24 insns
0x10048010,70,branching,22 insns
0x10048060,52,branching,17 insns
0x100480A0,218,branching,55 insns
0x10048180,738,branching,225 insns
0x10048470,77,other,23 insns
0x100484C0,30,branching,11 insns
0x100484F0,64,branching,20 insns
0x10048530,468,branching,151 insns
0x10048850,30,branching,11 insns
0x10048870,63,branching,19 insns
0x100488B0,11,calls-out,4 insns
0x100488C0,160,x87-math,51 insns
0x100489A0,249,branching,85 insns
0x10048AA0,119,branching,45 insns
0x10048B20,1668,branching,522 insns
0x100491B0,2659,x87-math,795 insns
0x10049C20,794,x87-math,241 insns
0x10049F40,800,x87-math,242 insns
0x1004A260,800,x87-math,242 insns
0x1004A580,3746,x87-math,1101 insns
0x1004B430,2439,x87-math,723 insns
0x1004BDC0,1749,x87-math,524 insns
0x1004C4A0,1565,x87-math,471 insns
0x1004CAC0,1834,x87-math,551 insns
0x1004D640,1210,x87-math,368 insns
0x1004DB00,1210,x87-math,368 insns
0x1004DFC0,2114,x87-math,634 insns
0x1004E810,24,calls-out,8 insns
0x1004E830,2679,x87-math,798 insns
0x1004F2B0,1091,x87-math,330 insns
0x1004F700,2387,x87-math,706 insns
0x10050060,2433,x87-math,713 insns
0x100509F0,3990,x87-math,1175 insns
0x10051990,923,branching,287 insns
0x10051D30,760,x87-math,218 insns
0x10052030,3862,x87-math,1139 insns
0x10052F50,3475,x87-math,1016 insns
0x10053CF0,3669,x87-math,1091 insns
0x10054B50,3394,x87-math,1002 insns
0x100558A0,2877,x87-math,852 insns
0x100563E0,1570,x87-math,473 insns
0x10056A10,1498,x87-math,449 insns
0x10056FF0,1532,x87-math,458 insns
0x100575F0,1558,x87-math,464 insns
0x10057C10,2701,x87-math,806 insns
0x100586A0,35,branching,11 insns
0x100586D0,40,branching,14 insns
0x10058700,72,branching,25 insns
0x10058750,4109,x87-math,1213 insns
0x10059760,1091,x87-math,330 insns
0x10059BB0,2863,x87-math,849 insns
0x1005A6E0,1932,x87-math,565 insns
0x1005AE70,304,branching,95 insns
0x1005B050,77,other,19 insns
0x1005B0A0,30,branching,11 insns
0x1005B0D0,140,branching,51 insns
0x1005B160,153,branching,53 insns
0x1005B200,80,x87-math,26 insns
0x1005B250,86,branching,26 insns
0x1005B2B0,212,x87-math,75 insns
0x1005B390,196,x87-math,74 insns
0x1005B460,219,x87-math,76 insns
0x1005B540,37,branching,13 insns
0x1005B570,441,branching,145 insns
0x1005B730,112,x87-math,36 insns
0x1005B7A0,59,x87-math,17 insns
0x1005B7F0,218,calls-out,50 insns
0x1005B8D0,30,branching,11 insns
0x1005B8F0,28,calls-out,8 insns
0x1005B910,618,x87-math,149 insns
0x1005BB80,132,branching,57 insns
0x1005BC10,997,x87-math,283 insns
0x1005C000,510,branching,158 insns
0x1005C200,110,branching,38 insns
0x1005C270,73,x87-math,20 insns
0x1005C2C0,581,x87-math,181 insns
0x1005C510,117,branching,43 insns
0x1005C590,1453,x87-math,408 insns
0x1005CB40,68,branching,25 insns
0x1005CB90,82,branching,35 insns
0x1005CBF0,30,branching,11 insns
0x1005CC20,162,branching,58 insns
0x1005CCD0,343,branching,122 insns
0x1005CE30,236,branching,89 insns
0x1005D440,8349,branching,2868 insns
0x1005F580,18,calls-out,6 insns
0x1005F800,309,branching,112 insns
0x1005FCF0,183,branching,39 insns
0x1005FF30,41,other,13 insns
0x1005FF60,67,branching,17 insns
0x1005FFB0,23,branching,7 insns
0x1005FFD0,28,branching,10 insns
0x1005FFF0,56,branching,15 insns
0x10060030,33,calls-out,11 insns
0x10060060,419,branching,123 insns
0x10060210,71,other,22 insns
0x10060260,18,calls-out,5 insns
0x10060280,35,other,13 insns
0x100602B0,34,branching,15 insns
0x100602E0,181,branching,73 insns
0x100603A0,939,branching,298 insns
0x10060750,48,branching,18 insns
0x10060780,43,other,19 insns
0x100607B0,554,x87-math,131 insns
0x100609E0,44,calls-out,13 insns
0x10060A10,673,x87-math,160 insns
0x10060CC0,129,branching,41 insns
0x10060D50,29,branching,8 insns
0x10060D70,28,branching,8 insns
0x10060D90,46,calls-out,10 insns
0x10060DC0,29,branching,8 insns
0x10060DE0,28,branching,8 insns
0x10060E00,136,branching,48 insns
0x10060EA0,89,branching,36 insns
0x10060F00,102,branching,47 insns
0x10060F70,63,other,17 insns
0x10060FB0,72,other,20 insns
0x10061010,396,branching,122 insns
0x100611A0,101,branching,42 insns
0x10061460,30,field-writes,6 stores
0x10061480,297,branching,99 insns
0x100615B0,105,branching,52 insns
0x10061660,82,branching,34 insns
0x100616C0,53,branching,22 insns
0x10061700,30,calls-out,9 insns
0x10061720,1206,x87-math,327 insns
0x10061BE0,119,calls-out,36 insns
0x10061C60,776,x87-math,227 insns
0x10062C50,1909,x87-math,471 insns
0x100633E0,62,branching,28 insns
0x10063420,201,branching,78 insns
0x100634F0,368,branching,86 insns
0x10063660,2431,x87-math,651 insns
0x10063FF0,856,no-ret,
0x10064350,4802,no-ret,
0x10065630,216,x87-math,69 insns
0x10065710,34,other,7 insns
0x10065740,979,x87-math,246 insns
0x10065B20,345,x87-math,115 insns
0x10065C80,204,x87-math,68 insns
0x10065D50,1110,branching,318 insns
0x100661B0,233,branching,77 insns
0x100662A0,538,x87-math,170 insns
0x10066510,258,branching,92 insns
0x10066620,43,x87-math,18 insns
0x10066650,2103,x87-math,562 insns
0x10066E90,2534,x87-math,720 insns
0x10067880,117,branching,49 insns
0x10067900,60,branching,30 insns
0x10067940,29,calls-out,8 insns
0x10067960,24,calls-out,7 insns
0x10067980,21,calls-out,6 insns
0x100679A0,19,calls-out,5 insns
0x100679C0,286,branching,80 insns
0x10067AE0,216,x87-math,71 insns
0x10067BC0,380,x87-math,114 insns
0x10067D40,50,calls-out,16 insns
0x10067D80,11,calls-out,4 insns
0x10067D90,11,calls-out,4 insns
0x10067DA0,24,other,5 insns
0x10067DC0,143,other,22 insns
0x10067E50,120,x87-math,36 insns
0x10067ED0,683,x87-math,174 insns
0x10068210,70,branching,23 insns
0x10068260,62,calls-out,22 insns
0x100682A0,273,branching,83 insns
0x100683D0,37,branching,16 insns
0x10068400,2800,no-ret,
0x10068EF0,1073,x87-math,306 insns
0x10069330,58,branching,21 insns
0x10069370,286,x87-math,83 insns
0x10069490,77,branching,25 insns
0x100694E0,77,branching,24 insns
0x10069530,77,branching,24 insns
0x10069580,18,other,5 insns
0x100695A0,41,calls-out,17 insns
0x100695D0,363,x87-math,125 insns
0x100697C0,18,no-ret,
0x100697E0,23,calls-out,6 insns
0x10069800,49,branching,15 insns
0x10069840,525,branching,124 insns
0x10069A60,30,branching,12 insns
0x10069A90,12,calls-out,6 insns
0x10069AA0,103,branching,37 insns
0x10069B10,169,branching,59 insns
0x10069BC0,98,branching,30 insns
0x10069C30,87,branching,30 insns
0x10069C90,330,other,70 insns
0x10069DE0,524,branching,115 insns
0x1006A8A0,212,branching,76 insns
0x1006AA20,36,no-ret,
0x1006AA50,51,branching,16 insns
0x1006AAB0,103,branching,30 insns
0x1006AB20,111,branching,40 insns
0x1006ABA0,12,other,4 insns
0x1006ABB0,17,other,7 insns
0x1006ABD0,282,x87-math,72 insns
0x1006ACF0,21,calls-out,7 insns
0x1006AD10,215,branching,61 insns
0x1006AE00,20,other,6 insns
0x1006AE20,134,branching,34 insns
0x1006AEB0,310,x87-math,96 insns
0x1006AFF0,382,x87-math,114 insns
0x1006B170,238,x87-math,74 insns
0x1006B260,223,calls-out,61 insns
0x1006B340,228,x87-math,72 insns
0x1006B430,218,x87-math,68 insns
0x1006B510,214,x87-math,68 insns
0x1006B5F0,3070,x87-math,862 insns
0x1006C1F0,1354,x87-math,384 insns
0x1006C740,599,x87-math,200 insns
0x1006C9A0,41,x87-math,16 insns
0x1006C9D0,760,x87-math,233 insns
0x1006CCD0,1448,x87-math,422 insns
0x1006D280,38,other,10 insns
0x1006D2B0,644,x87-math,242 insns
0x1006D540,278,x87-math,103 insns
0x1006D660,492,x87-math,178 insns
0x1006D850,332,x87-math,125 insns
0x1006D9A0,322,x87-math,121 insns
0x1006DAF0,35,branching,14 insns
0x1006DB20,669,x87-math,229 insns
0x1006DDC0,1782,x87-math,512 insns
0x1006E4C0,668,x87-math,180 insns
0x1006E760,1301,no-ret,
0x1006EC80,762,x87-math,194 insns
0x1006EF80,305,x87-math,88 insns
0x1006F0C0,581,x87-math,174 insns
0x1006F540,265,x87-math,87 insns
0x1006F650,200,x87-math,77 insns
0x1006F720,551,x87-math,178 insns
0x1006FFD0,1444,x87-math,396 insns
0x10070E60,19,calls-out,6 insns
0x100713C0,177,branching,47 insns
0x10071480,79,branching,30 insns
0x100714D0,61,calls-out,21 insns
0x10071510,61,calls-out,21 insns
0x10071550,16,calls-out,4 insns
0x10071560,100,branching,34 insns
0x100715E0,46,calls-out,15 insns
0x10071610,23,calls-out,6 insns
0x10071630,69,calls-out,17 insns
0x10071680,84,no-ret,
0x100716E0,400,branching,129 insns
0x10071870,746,x87-math,222 insns
0x10071B60,30,x87-math,11 insns
0x10071B80,110,branching,39 insns
0x10071BF0,27,calls-out,10 insns
0x10071C10,803,branching,248 insns
0x10071F40,234,branching,87 insns
0x10072030,71,branching,26 insns
0x10072080,144,branching,46 insns
0x10072170,250,branching,85 insns
0x10072270,92,branching,23 insns
0x100722D0,370,branching,152 insns
0x10072450,56,branching,14 insns
0x10072490,31,calls-out,11 insns
0x100724B0,21,calls-out,8 insns
0x100724D0,79,branching,29 insns
0x10072520,35,branching,12 insns
0x10072550,37,branching,17 insns
0x10072580,63,branching,22 insns
0x100725C0,128,branching,39 insns
0x10072640,64,branching,21 insns
0x10072680,118,x87-math,36 insns
0x10072700,66,branching,23 insns
0x10072750,32,x87-math,11 insns
0x10072770,75,branching,25 insns
0x100727C0,89,branching,34 insns
0x10072820,235,branching,82 insns
0x10072910,201,x87-math,60 insns
0x100729E0,21,calls-out,7 insns
0x10072A00,111,branching,45 insns
0x10072A70,26,calls-out,10 insns
0x10072A90,96,branching,35 insns
0x10072AF0,21,calls-out,8 insns
0x10072B10,29,calls-out,11 insns
0x10072B30,75,branching,25 insns
0x10072B80,27,calls-out,10 insns
0x10072BA0,72,branching,25 insns
0x10072BF0,48,branching,17 insns
0x10072C20,124,branching,53 insns
0x10072E00,90,branching,32 insns
0x10072E60,379,branching,119 insns
0x10072FE0,61,branching,21 insns
0x10073020,54,branching,22 insns
0x10073060,29,branching,9 insns
0x10073080,31,other,7 insns
0x100730A0,635,branching,222 insns
0x10073320,459,branching,138 insns
0x100734F0,562,branching,180 insns
0x10073730,176,branching,65 insns
0x10073950,46,calls-out,18 insns
0x10073980,46,calls-out,18 insns
0x100739B0,46,calls-out,18 insns
0x100739E0,215,branching,82 insns
0x10073AC0,52,calls-out,18 insns
0x10073B00,57,calls-out,19 insns
0x10073B40,22,other,9 insns
0x10073B60,29,other,10 insns
0x10073B80,14,other,6 insns
0x10073BA0,24,calls-out,9 insns
0x10073BC0,23,calls-out,10 insns
0x10073BE0,33,calls-out,14 insns
0x10073C10,44,calls-out,17 insns
0x10073C40,73,calls-out,25 insns
0x10073C90,133,branching,58 insns
0x10073D20,19,branching,7 insns
0x10073D40,25,branching,13 insns
0x10073D60,32,calls-out,12 insns
0x10073D80,52,calls-out,21 insns
0x10073DC0,70,calls-out,28 insns
0x10073E10,88,calls-out,35 insns
0x10073E70,164,branching,63 insns
0x10073F20,22,branching,8 insns
0x10073F40,12,branching,6 insns
0x10073F60,208,branching,67 insns
0x10074030,27,branching,9 insns
0x10074050,49,branching,10 insns
0x100741B0,148,x87-math,54 insns
0x10074250,113,x87-math,42 insns
0x100742D0,206,x87-math,73 insns
0x100743A0,169,x87-math,53 insns
0x10074450,405,x87-math,136 insns
0x100745F0,239,x87-math,85 insns
0x100746E0,54,field-writes,15 stores
0x10074720,67,x87-math,29 insns
0x10074770,67,x87-math,29 insns
0x100747C0,100,x87-math,40 insns
0x10074830,60,x87-math,25 insns
0x10074870,349,x87-math,104 insns
0x100749D0,59,x87-math,22 insns
0x10074A10,63,x87-math,28 insns
0x10074A50,53,branching,25 insns
0x10074A90,46,branching,21 insns
0x10074AC0,81,x87-math,34 insns
0x10074B20,70,x87-math,29 insns
0x10074B70,156,x87-math,56 insns
0x10074C10,417,x87-math,164 insns
0x10074DD0,35,no-ret,
0x10074E00,17,other,7 insns
0x10074E20,30,branching,12 insns
0x10074E40,129,branching,49 insns
0x10074ED0,71,branching,27 insns
0x10074F20,27,calls-out,9 insns
0x10074F40,43,calls-out,7 insns
0x10074F70,77,branching,18 insns
0x10075020,201,branching,62 insns
0x10075100,68,calls-out,20 insns
0x10075150,56,branching,15 insns
0x10075190,194,branching,74 insns
0x10075260,99,branching,37 insns
0x100752D0,34,calls-out,12 insns
0x10075300,31,calls-out,12 insns
0x10075340,19,other,6 insns
0x10075360,1044,x87-math,299 insns
0x10075780,132,x87-math,30 insns
0x10075810,130,x87-math,32 insns
0x10075960,104,x87-math,31 insns
0x10075F10,1295,x87-math,323 insns
0x10076420,147,calls-out,37 insns
0x100764C0,279,x87-math,74 insns
0x10076700,152,calls-out,40 insns
0x100767A0,123,field-writes,24 stores
0x10076820,369,x87-math,96 insns
0x100769A0,93,field-writes,18 stores
0x10076A00,63,calls-out,22 insns
0x10076A40,41,calls-out,11 insns
0x10076AE0,50,branching,10 insns
0x10076B20,368,calls-out,82 insns
0x10076C90,67,calls-out,20 insns
0x10076CE0,425,branching,144 insns
0x10076E90,54,calls-out,22 insns
0x10076ED0,205,branching,84 insns
0x10076FA0,229,branching,86 insns
0x10077090,45,branching,13 insns
0x100770C0,37,other,9 insns
0x100770F0,187,branching,61 insns
0x10077200,272,branching,72 insns
0x10077310,186,branching,55 insns
0x100773D0,28,branching,13 insns
0x100773F0,4143,x87-math,1185 insns
0x10078420,695,branching,182 insns
0x100786E0,1246,branching,320 insns
0x10078BC0,111,branching,38 insns
0x10078C30,75,calls-out,21 insns
0x10078C80,67,calls-out,19 insns
0x10078CD0,213,branching,58 insns
0x10078DB0,87,branching,25 insns
0x10078E10,52,branching,17 insns
0x10078E50,53,branching,16 insns
0x10078E90,53,branching,16 insns
0x10078ED0,78,branching,25 insns
0x10078F20,391,branching,127 insns
0x100790B0,40,branching,12 insns
0x100790E0,239,branching,78 insns
0x100791D0,888,branching,241 insns
0x10079550,120,branching,35 insns
0x100795D0,145,branching,36 insns
0x10079680,30,branching,12 insns
0x1007C7F0,56,other,8 insns
0x1007CC40,15,calls-out,6 insns
0x1007CD10,11,calls-out,4 insns
0x1007CD20,11,calls-out,4 insns
0x1007CE90,21,calls-out,8 insns
0x1007CF00,14,calls-out,5 insns
0x1007D350,20,calls-out,7 insns
0x1007DDF0,14,calls-out,5 insns
0x1007DE40,14,calls-out,5 insns
0x1007DFE0,16,calls-out,6 insns
0x1007E170,47,branching,17 insns
0x1007E8B0,21,calls-out,9 insns
0x1007ECB0,104,branching,43 insns
0x1007ED20,52,branching,19 insns
0x1007F560,115,branching,39 insns
0x1007F5D9,42,branching,19 insns
0x1007F610,64,no-ret,
0x1007F650,13,calls-out,5 insns
0x1007F65D,29,other,10 insns
0x1007F680,111,branching,38 insns
0x1007F6F8,39,branching,18 insns
0x1007FD10,170,branching,70 insns
0x1007FF30,173,branching,84 insns
0x10080020,112,x87-math,43 insns
0x100817C0,11,calls-out,4 insns
0x10083526,13,calls-out,5 insns
0x10083570,22,branching,7 insns
0x100836D7,13,calls-out,5 insns
0x10086A10,11,calls-out,4 insns
0x10087260,29,branching,12 insns
0x10087280,15,other,6 insns
0x10087540,24,calls-out,8 insns
0x10087560,24,calls-out,8 insns
0x100877F0,11,calls-out,4 insns
0x1008D3A0,11,calls-out,5 insns
0x1008D3E0,11,calls-out,5 insns
0x1008D400,11,calls-out,5 insns
0x1008D420,11,calls-out,5 insns
0x1008D440,11,calls-out,5 insns
0x1008D460,11,calls-out,5 insns
0x1008D480,11,calls-out,5 insns
0x1008D4A0,11,calls-out,5 insns
0x1008D4C0,11,calls-out,5 insns
0x1008D4E0,11,calls-out,5 insns
0x1008D500,11,calls-out,5 insns
0x1008D520,11,calls-out,5 insns
0x1008D540,11,calls-out,5 insns
0x1008D560,11,calls-out,5 insns
0x1008D580,11,calls-out,5 insns
0x1008D5A0,11,calls-out,5 insns
0x1008D5C0,11,calls-out,5 insns
0x1008D5E0,11,calls-out,5 insns
0x1008D600,11,calls-out,5 insns
0x1008D620,11,calls-out,5 insns
0x1008D640,11,calls-out,5 insns
0x1008D660,11,calls-out,5 insns
0x1008D680,11,calls-out,5 insns
0x1008D6A0,11,calls-out,5 insns
0x1008D6C0,11,calls-out,5 insns
0x1008D6E0,11,calls-out,5 insns
0x1008D700,11,calls-out,5 insns
0x1008D720,11,calls-out,5 insns
0x1008D740,11,calls-out,5 insns
0x1008D74B,11,calls-out,5 insns
0x1008D760,11,calls-out,5 insns
0x1008D780,11,calls-out,5 insns
0x1008D7A0,11,calls-out,5 insns
0x1008D7AB,11,calls-out,5 insns
0x1008D7C0,11,calls-out,5 insns
0x1008D7E0,11,calls-out,5 insns
0x1008D800,11,calls-out,5 insns
0x1008D820,27,calls-out,8 insns
0x1008D850,27,calls-out,8 insns
0x1008D880,11,calls-out,5 insns
0x1008D88B,11,calls-out,5 insns
0x1008D8A0,11,calls-out,5 insns
0x1008D8AB,11,calls-out,5 insns
0x1008D8B6,11,calls-out,5 insns
0x1008D8C1,11,calls-out,5 insns
0x1008D8CC,11,calls-out,5 insns
0x1008D8D7,11,calls-out,5 insns
0x1008D8E2,11,calls-out,5 insns
0x1008D8ED,11,calls-out,5 insns
0x1008D8F8,11,calls-out,5 insns
0x1008D903,11,calls-out,5 insns
0x1008D90E,11,calls-out,5 insns
0x1008D919,11,calls-out,5 insns
0x1008D924,11,calls-out,5 insns
0x1008D92F,11,calls-out,5 insns
0x1008D93A,11,calls-out,5 insns
0x1008D945,11,calls-out,5 insns
0x1008D950,11,calls-out,5 insns
0x1008D970,11,calls-out,5 insns
0x1008D97B,11,calls-out,5 insns
0x1008D986,11,calls-out,5 insns
0x1008D991,11,calls-out,5 insns
0x1008D99C,11,calls-out,5 insns
0x1008D9C0,11,calls-out,5 insns
0x1008D9CB,11,calls-out,5 insns
0x1008D9D6,11,calls-out,5 insns
0x1008D9E1,11,calls-out,5 insns
0x1008D9EC,11,calls-out,5 insns
0x1008DA10,11,calls-out,5 insns
0x1008DA1B,11,calls-out,5 insns
0x1008DA26,11,calls-out,5 insns
0x1008DA31,11,calls-out,5 insns
0x1008DA3C,11,calls-out,5 insns
0x1008DA60,11,calls-out,5 insns
0x1008DA6B,11,calls-out,5 insns
0x1008DA76,11,calls-out,5 insns
0x1008DA81,11,calls-out,5 insns
0x1008DA8C,11,calls-out,5 insns
0x1008DA97,11,calls-out,5 insns
0x1008DAA2,11,calls-out,5 insns
0x1008DAAD,11,calls-out,5 insns
0x1008DAB8,11,calls-out,5 insns
0x1008DAC3,11,calls-out,5 insns
0x1008DACE,11,calls-out,5 insns
0x1008DAD9,11,calls-out,5 insns
0x1008DAE4,11,calls-out,5 insns
0x1008DAEF,11,calls-out,5 insns
0x1008DAFA,11,calls-out,5 insns
0x1008DB05,11,calls-out,5 insns
0x1008DB10,11,calls-out,5 insns
0x1008DB1B,11,calls-out,5 insns
0x1008DB26,11,calls-out,5 insns
0x1008DB31,11,calls-out,5 insns
0x1008DB3C,11,calls-out,5 insns
0x1008DB47,11,calls-out,5 insns
0x1008DB52,11,calls-out,5 insns
0x1008DB70,11,calls-out,5 insns
0x1008DB7B,11,calls-out,5 insns
0x1008DB86,11,calls-out,5 insns
0x1008DB91,11,calls-out,5 insns
0x1008DB9C,11,calls-out,5 insns
0x1008DBA7,11,calls-out,5 insns
0x1008DBB2,11,calls-out,5 insns
0x1008DBBD,11,calls-out,5 insns
0x1008DBC8,11,calls-out,5 insns
0x1008DBD3,11,calls-out,5 insns
0x1008DBDE,11,calls-out,5 insns
0x1008DBE9,11,calls-out,5 insns
0x1008DBF4,11,calls-out,5 insns
0x1008DBFF,11,calls-out,5 insns
0x1008DC0A,11,calls-out,5 insns
0x1008DC20,11,calls-out,5 insns
0x1008DC2B,11,calls-out,5 insns
0x1008DC36,11,calls-out,5 insns
0x1008DC41,11,calls-out,5 insns
0x1008DC4C,11,calls-out,5 insns
0x1008DC57,11,calls-out,5 insns
0x1008DC62,11,calls-out,5 insns
0x1008DC6D,11,calls-out,5 insns
0x1008DC78,11,calls-out,5 insns
0x1008DC83,11,calls-out,5 insns
0x1008DC8E,11,calls-out,5 insns
0x1008DCB0,11,calls-out,5 insns
0x1008DCBB,11,calls-out,5 insns
0x1008DCC6,11,calls-out,5 insns
0x1008DCD1,11,calls-out,5 insns
0x1008DCDC,11,calls-out,5 insns
0x1008DCE7,11,calls-out,5 insns
0x1008DCF2,11,calls-out,5 insns
0x1008DCFD,11,calls-out,5 insns
0x1008DD08,11,calls-out,5 insns
0x1008DD13,11,calls-out,5 insns
0x1008DD30,11,calls-out,5 insns
0x1008DD3B,11,calls-out,5 insns
0x1008DD46,11,calls-out,5 insns
0x1008DD51,11,calls-out,5 insns
0x1008DD5C,11,calls-out,5 insns
0x1008DD67,11,calls-out,5 insns
0x1008DD72,11,calls-out,5 insns
0x1008DD7D,11,calls-out,5 insns
0x1008DD88,11,calls-out,5 insns
0x1008DD93,11,calls-out,5 insns
0x1008DD9E,11,calls-out,5 insns
0x1008DDC0,11,calls-out,5 insns
0x1008DDCB,11,calls-out,5 insns
0x1008DDD6,11,calls-out,5 insns
0x1008DDE1,11,calls-out,5 insns
0x1008DDEC,11,calls-out,5 insns
0x1008DDF7,11,calls-out,5 insns
0x1008DE20,11,calls-out,5 insns
0x1008DE2B,11,calls-out,5 insns
0x1008DE36,11,calls-out,5 insns
0x1008DE41,11,calls-out,5 insns
0x1008DE4C,11,calls-out,5 insns
0x1008DE57,11,calls-out,5 insns
0x1008DE62,11,calls-out,5 insns
0x1008DE6D,11,calls-out,5 insns
0x1008DE90,11,calls-out,5 insns
0x1008DE9B,11,calls-out,5 insns
0x1008DEA6,11,calls-out,5 insns
0x1008DEB1,11,calls-out,5 insns
0x1008DEBC,11,calls-out,5 insns
0x1008DEC7,11,calls-out,5 insns
0x1008DED2,11,calls-out,5 insns
0x1008DEDD,11,calls-out,5 insns
0x1008DF00,11,calls-out,5 insns
0x1008DF0B,11,calls-out,5 insns
0x1008DF16,11,calls-out,5 insns
0x1008DF21,11,calls-out,5 insns
0x1008DF2C,11,calls-out,5 insns
0x1008DF37,11,calls-out,5 insns
0x1008DF42,11,calls-out,5 insns
0x1008DF4D,11,calls-out,5 insns
0x1008DF58,11,calls-out,5 insns
0x1008DF63,11,calls-out,5 insns
0x1008DF6E,11,calls-out,5 insns
0x1008DF79,11,calls-out,5 insns
0x1008DF84,11,calls-out,5 insns
0x1008DFA0,11,calls-out,5 insns
0x1008DFAB,11,calls-out,5 insns
0x1008DFB6,11,calls-out,5 insns
0x1008DFC1,11,calls-out,5 insns
0x1008DFCC,11,calls-out,5 insns
0x1008DFD7,11,calls-out,5 insns
0x1008DFE2,11,calls-out,5 insns
0x1008DFED,11,calls-out,5 insns
0x1008DFF8,11,calls-out,5 insns
0x1008E003,11,calls-out,5 insns
0x1008E00E,11,calls-out,5 insns
0x1008E019,11,calls-out,5 insns
0x1008E024,11,calls-out,5 insns
0x1008E02F,11,calls-out,5 insns
0x1008E03A,11,calls-out,5 insns
0x1008E045,11,calls-out,5 insns
0x1008E050,11,calls-out,5 insns
0x1008E070,11,calls-out,5 insns
0x1008E07B,11,calls-out,5 insns
0x1008E086,11,calls-out,5 insns
0x1008E091,11,calls-out,5 insns
0x1008E09C,11,calls-out,5 insns
0x1008E0A7,11,calls-out,5 insns
0x1008E0B2,11,calls-out,5 insns
0x1008E0D0,11,calls-out,5 insns
0x1008E0DB,11,calls-out,5 insns
0x1008E0E6,11,calls-out,5 insns
0x1008E0F1,11,calls-out,5 insns
0x1008E0FC,11,calls-out,5 insns
0x1008E107,11,calls-out,5 insns
0x1008E112,11,calls-out,5 insns
0x1008E11D,11,calls-out,5 insns
0x1008E128,11,calls-out,5 insns
0x1008E133,11,calls-out,5 insns
0x1008E13E,11,calls-out,5 insns
0x1008E149,11,calls-out,5 insns
0x1008E154,11,calls-out,5 insns
0x1008E15F,11,calls-out,5 insns
0x1008E180,11,calls-out,5 insns
0x1008E18B,11,calls-out,5 insns
0x1008E196,11,calls-out,5 insns
0x1008E1A1,11,calls-out,5 insns
0x1008E1AC,11,calls-out,5 insns
0x1008E1B7,11,calls-out,5 insns
0x1008E1C2,11,calls-out,5 insns
0x1008E1CD,11,calls-out,5 insns
0x1008E1D8,11,calls-out,5 insns
0x1008E1E3,11,calls-out,5 insns
0x1008E1EE,11,calls-out,5 insns
0x1008E1F9,11,calls-out,5 insns
0x1008E204,11,calls-out,5 insns
0x1008E20F,11,calls-out,5 insns
0x1008E21A,11,calls-out,5 insns
0x1008E230,11,calls-out,5 insns
0x1008E23B,11,calls-out,5 insns
0x1008E246,11,calls-out,5 insns
0x1008E251,11,calls-out,5 insns
0x1008E25C,11,calls-out,5 insns
0x1008E267,11,calls-out,5 insns
0x1008E272,11,calls-out,5 insns
0x1008E27D,11,calls-out,5 insns
0x1008E288,11,calls-out,5 insns
0x1008E293,11,calls-out,5 insns
0x1008E29E,11,calls-out,5 insns
0x1008E2A9,11,calls-out,5 insns
0x1008E2B4,11,calls-out,5 insns
0x1008E2BF,11,calls-out,5 insns
0x1008E2CA,11,calls-out,5 insns
0x1008E2D5,11,calls-out,5 insns
0x1008E2E0,11,calls-out,5 insns
0x1008E2EB,11,calls-out,5 insns
0x1008E2F6,11,calls-out,5 insns
0x1008E301,11,calls-out,5 insns
0x1008E30C,11,calls-out,5 insns
0x1008E317,11,calls-out,5 insns
0x1008E322,11,calls-out,5 insns
0x1008E32D,11,calls-out,5 insns
0x1008E350,11,calls-out,5 insns
0x1008E35B,11,calls-out,5 insns
0x1008E366,11,calls-out,5 insns
0x1008E371,11,calls-out,5 insns
0x1008E37C,11,calls-out,5 insns
0x1008E387,11,calls-out,5 insns
0x1008E392,11,calls-out,5 insns
0x1008E3B0,11,calls-out,5 insns
0x1008E3BB,11,calls-out,5 insns
0x1008E3C6,11,calls-out,5 insns
0x1008E3D1,11,calls-out,5 insns
0x1008E3F0,11,calls-out,5 insns
0x1008E3FB,11,calls-out,5 insns
0x1008E406,11,calls-out,5 insns
0x1008E411,11,calls-out,5 insns
0x1008E41C,11,calls-out,5 insns
0x1008E427,11,calls-out,5 insns
0x1008E432,11,calls-out,5 insns
0x1008E43D,11,calls-out,5 insns
0x1008E448,11,calls-out,5 insns
0x1008E453,11,calls-out,5 insns
0x1008E45E,11,calls-out,5 insns
0x1008E469,11,calls-out,5 insns
0x1008E474,11,calls-out,5 insns
0x1008E47F,11,calls-out,5 insns
0x1008E48A,11,calls-out,5 insns
0x1008E495,11,calls-out,5 insns
0x1008E4A0,11,calls-out,5 insns
0x1008E4AB,11,calls-out,5 insns
0x1008E4B6,11,calls-out,5 insns
0x1008E4C1,11,calls-out,5 insns
0x1008E4CC,11,calls-out,5 insns
0x1008E4D7,11,calls-out,5 insns
0x1008E4E2,11,calls-out,5 insns
0x1008E4ED,11,calls-out,5 insns
0x1008E510,11,calls-out,5 insns
0x1008E51B,11,calls-out,5 insns
0x1008E526,11,calls-out,5 insns
0x1008E531,11,calls-out,5 insns
0x1008E53C,11,calls-out,5 insns
0x1008E547,11,calls-out,5 insns
0x1008E552,11,calls-out,5 insns
0x1008E55D,11,calls-out,5 insns
0x1008E568,11,calls-out,5 insns
0x1008E573,11,calls-out,5 insns
0x1008E57E,11,calls-out,5 insns
0x1008E589,11,calls-out,5 insns
0x1008E594,11,calls-out,5 insns
0x1008E59F,11,calls-out,5 insns
0x1008E5AA,11,calls-out,5 insns
0x1008E5B5,11,calls-out,5 insns
0x1008E5C0,11,calls-out,5 insns
0x1008E5CB,11,calls-out,5 insns
0x1008E5D6,11,calls-out,5 insns
0x1008E5E1,11,calls-out,5 insns
0x1008E5EC,11,calls-out,5 insns
0x1008E610,11,calls-out,5 insns
0x1008E61B,11,calls-out,5 insns
0x1008E626,11,calls-out,5 insns
0x1008E631,11,calls-out,5 insns
0x1008E63C,11,calls-out,5 insns
0x1008E647,11,calls-out,5 insns
0x1008E652,11,calls-out,5 insns
0x1008E65D,11,calls-out,5 insns
0x1008E668,11,calls-out,5 insns
0x1008E673,11,calls-out,5 insns
0x1008E67E,11,calls-out,5 insns
0x1008E689,11,calls-out,5 insns
0x1008E694,11,calls-out,5 insns
0x1008E69F,11,calls-out,5 insns
0x1008E6AA,11,calls-out,5 insns
0x1008E6B5,11,calls-out,5 insns
0x1008E6C0,11,calls-out,5 insns
0x1008E6CB,11,calls-out,5 insns
0x1008E6D6,11,calls-out,5 insns
0x1008E6E1,11,calls-out,5 insns
0x1008E6EC,11,calls-out,5 insns
0x1008E710,11,calls-out,5 insns
0x1008E71B,11,calls-out,5 insns
0x1008E726,11,calls-out,5 insns
0x1008E731,11,calls-out,5 insns
0x1008E73C,11,calls-out,5 insns
0x1008E747,11,calls-out,5 insns
0x1008E752,11,calls-out,5 insns
0x1008E75D,11,calls-out,5 insns
0x1008E768,11,calls-out,5 insns
0x1008E773,11,calls-out,5 insns
0x1008E77E,11,calls-out,5 insns
0x1008E789,11,calls-out,5 insns
0x1008E794,11,calls-out,5 insns
0x1008E79F,11,calls-out,5 insns
0x1008E7AA,11,calls-out,5 insns
0x1008E7B5,11,calls-out,5 insns
0x1008E7C0,11,calls-out,5 insns
0x1008E7CB,11,calls-out,5 insns
0x1008E7D6,11,calls-out,5 insns
0x1008E7E1,11,calls-out,5 insns
0x1008E7EC,11,calls-out,5 insns
0x1008E810,11,calls-out,5 insns
0x1008E81B,11,calls-out,5 insns
0x1008E826,11,calls-out,5 insns
0x1008E831,11,calls-out,5 insns
0x1008E83C,11,calls-out,5 insns
0x1008E847,11,calls-out,5 insns
0x1008E852,11,calls-out,5 insns
0x1008E85D,11,calls-out,5 insns
0x1008E868,11,calls-out,5 insns
0x1008E873,11,calls-out,5 insns
0x1008E87E,11,calls-out,5 insns
0x1008E889,11,calls-out,5 insns
0x1008E894,11,calls-out,5 insns
0x1008E89F,11,calls-out,5 insns
0x1008E8AA,11,calls-out,5 insns
0x1008E8B5,11,calls-out,5 insns
0x1008E8C0,11,calls-out,5 insns
0x1008E8CB,11,calls-out,5 insns
0x1008E8E0,11,calls-out,5 insns
0x1008E8EB,11,calls-out,5 insns
0x1008E8F6,11,calls-out,5 insns
0x1008E901,11,calls-out,5 insns
0x1008E90C,11,calls-out,5 insns
0x1008E917,11,calls-out,5 insns
0x1008E922,11,calls-out,5 insns
0x1008E92D,11,calls-out,5 insns
0x1008E938,11,calls-out,5 insns
0x1008E950,11,calls-out,5 insns
0x1008E95B,11,calls-out,5 insns
0x1008E966,11,calls-out,5 insns
0x1008E971,11,calls-out,5 insns
0x1008E97C,11,calls-out,5 insns
0x1008E987,11,calls-out,5 insns
0x1008E992,11,calls-out,5 insns
0x1008E99D,11,calls-out,5 insns
0x1008E9A8,11,calls-out,5 insns
0x1008E9C0,11,calls-out,5 insns
0x1008E9CB,11,calls-out,5 insns
0x1008E9D6,11,calls-out,5 insns
0x1008E9E1,11,calls-out,5 insns
0x1008E9EC,11,calls-out,5 insns
0x1008E9F7,11,calls-out,5 insns
0x1008EA02,11,calls-out,5 insns
0x1008EA0D,11,calls-out,5 insns
0x1008EA18,11,calls-out,5 insns
0x1008EA30,11,calls-out,5 insns
0x1008EA3B,11,calls-out,5 insns
0x1008EA46,11,calls-out,5 insns
0x1008EA51,11,calls-out,5 insns
0x1008EA5C,11,calls-out,5 insns
0x1008EA67,11,calls-out,5 insns
0x1008EA72,11,calls-out,5 insns
0x1008EA7D,11,calls-out,5 insns
0x1008EA88,11,calls-out,5 insns
0x1008EAA0,11,calls-out,5 insns
0x1008EAAB,11,calls-out,5 insns
0x1008EAB6,11,calls-out,5 insns
0x1008EAC1,11,calls-out,5 insns
0x1008EACC,11,calls-out,5 insns
0x1008EAD7,11,calls-out,5 insns
0x1008EAE2,11,calls-out,5 insns
0x1008EAED,11,calls-out,5 insns
0x1008EAF8,11,calls-out,5 insns
0x1008EB03,11,calls-out,5 insns
0x1008EB0E,11,calls-out,5 insns
0x1008EB19,11,calls-out,5 insns
0x1008EB24,11,calls-out,5 insns
0x1008EB2F,11,calls-out,5 insns
0x1008EB3A,11,calls-out,5 insns
0x1008EB45,11,calls-out,5 insns
0x1008EB50,11,calls-out,5 insns
0x1008EB70,11,calls-out,5 insns
0x1008EB7B,11,calls-out,5 insns
0x1008EB86,11,calls-out,5 insns
0x1008EB91,11,calls-out,5 insns
0x1008EB9C,11,calls-out,5 insns
0x1008EBA7,11,calls-out,5 insns
0x1008EBB2,11,calls-out,5 insns
0x1008EBBD,11,calls-out,5 insns
0x1008EBC8,11,calls-out,5 insns
0x1008EBD3,11,calls-out,5 insns
0x1008EBDE,11,calls-out,5 insns
0x1008EBE9,11,calls-out,5 insns
0x1008EBF4,11,calls-out,5 insns
0x1008EBFF,11,calls-out,5 insns
0x1008EC0A,11,calls-out,5 insns
0x1008EC15,11,calls-out,5 insns
0x1008EC20,11,calls-out,5 insns
0x1008EC2B,11,calls-out,5 insns
0x1008EC36,11,calls-out,5 insns
0x1008EC41,11,calls-out,5 insns
0x1008EC4C,11,calls-out,5 insns
0x1008EC57,11,calls-out,5 insns
0x1008EC62,11,calls-out,5 insns
0x1008EC6D,11,calls-out,5 insns
0x1008EC78,11,calls-out,5 insns
0x1008EC90,11,calls-out,5 insns
0x1008EC9B,11,calls-out,5 insns
0x1008ECA6,11,calls-out,5 insns
0x1008ECB1,11,calls-out,5 insns
0x1008ECBC,11,calls-out,5 insns
0x1008ECC7,11,calls-out,5 insns
0x1008ECD2,11,calls-out,5 insns
0x1008ECF0,11,calls-out,5 insns
0x1008ECFB,11,calls-out,5 insns
0x1008ED06,11,calls-out,5 insns
0x1008ED11,11,calls-out,5 insns
0x1008ED1C,11,calls-out,5 insns
0x1008ED27,11,calls-out,5 insns
0x1008ED32,11,calls-out,5 insns
0x1008ED3D,11,calls-out,5 insns
0x1008ED48,11,calls-out,5 insns
0x1008ED53,11,calls-out,5 insns
0x1008ED5E,11,calls-out,5 insns
0x1008ED69,11,calls-out,5 insns
0x1008ED74,11,calls-out,5 insns
0x1008ED7F,11,calls-out,5 insns
0x1008ED8A,11,calls-out,5 insns
0x1008ED95,11,calls-out,5 insns
0x1008EDA0,11,calls-out,5 insns
0x1008EDAB,11,calls-out,5 insns
0x1008EDC0,11,calls-out,5 insns
0x1008EDCB,11,calls-out,5 insns
0x1008EDD6,11,calls-out,5 insns
0x1008EDE1,11,calls-out,5 insns
0x1008EDEC,11,calls-out,5 insns
0x1008EDF7,11,calls-out,5 insns
0x1008EE02,11,calls-out,5 insns
0x1008EE0D,11,calls-out,5 insns
0x1008EE18,11,calls-out,5 insns
0x1008EE23,11,calls-out,5 insns
0x1008EE2E,11,calls-out,5 insns
0x1008EE39,11,calls-out,5 insns
0x1008EE50,11,calls-out,5 insns
0x1008EE5B,11,calls-out,5 insns
0x1008EE90,11,calls-out,5 insns
0x1008EEB0,11,calls-out,5 insns
0x1008EED0,11,calls-out,5 insns
