address,build,symbol,file,line
0x100011C0,glide,BrSurfBlt24,br_surf.c,78
0x10001240,glide,BrSurfFromBitmap,br_surf.c,115
0x10001290,glide,BrBmpLoadSurface,br_bmp.c,137
0x10001320,glide,BrUiSprClip,br_uispr.c,404
0x100014A0,glide,BrSurfSetColourKey,br_surf.c,142
0x10001890,d3d,BrMenuFlags1890,slice2_24.c,756
0x100018F0,glide,BrMenuFlags18F0,slice2_24.c,779
0x100020D0,d3d,BrSub_100020D0,slice5_62.c,287
0x10002240,d3d,BrSinF,slice4_53.c,39
0x10002250,d3d,BrSqrtF,slice4_53.c,55
0x10002490,d3d,BrCdTrackGetEar,slice6_78.c,272
0x100027C0,d3d,BrCdTrackPlay,slice5_63.c,163
0x100027F0,d3d,BrSub100027F0,slice8_86.c,108
0x10002970,d3d,BrOptOpen2970,slice2_25.c,570
0x10002A20,d3d,BrCdVolumeScale,slice1_01.c,68
0x10002DE0,d3d,BrGrid64Sample,slice1_01.c,92
0x10002EF0,d3d,BrU16CursorNext,slice1_01.c,140
0x10002F90,d3d,BrChkFileSize,slice6_78.c,222
0x10002FE0,d3d,BrChkFReadOpen,slice6_78.c,163
0x100030E0,d3d,BrFChkFRead,slice1_01.c,196
0x10003170,d3d,BrChkFRead,slice1_01.c,224
0x10003290,d3d,BrChkFClose,slice6_78.c,238
0x10003390,d3d,BrChkAlloc,slice1_01.c,257
0x100033F0,d3d,BrChkRealloc,slice1_01.c,279
0x10003460,d3d,BrTicks30FromMs,slice1_01.c,170
0x10003760,glide,BrOpt3760,slice2_25.c,665
0x100037D0,glide,BrOpt37D0,slice2_25.c,695
0x10003810,glide,BrOpt3810,slice2_25.c,712
0x100049C0,d3d,BrPalFetch,slice1_02.c,601
0x10004A10,d3d,BrNetSlotGetF02C,slice1_02.c,497
0x10004A50,d3d,BrNetSlotSetF02C,slice1_02.c,510
0x100053F0,d3d,BrNetSendFlush,slice4_50.c,225
0x10005470,d3d,BrEntityCountActive,slice2_12.c,497
0x100058D0,d3d,BrCarClampUnit,slice2_12.c,92
0x10005900,d3d,BrCarClampPosXY,slice2_12.c,102
0x10005930,d3d,BrCarClampPosZ,slice2_12.c,112
0x10005960,d3d,BrNetReset,slice1_02.c,420
0x10005B10,d3d,BrSub10005B10,slice6_72.c,460
0x10005CF0,d3d,BrNetSlotGetF004,slice1_02.c,521
0x10005D40,d3d,BrNetStackPop,slice2_12.c,515
0x10005DE0,d3d,BrNetSlotGetF030,slice2_12.c,544
0x10005E40,d3d,BrNetGetA102212D0,slice2_12.c,532
0x10005E70,d3d,BrNetSlotName,slice1_02.c,534
0x10005EE0,d3d,BrNetSlotSetName,slice2_12.c,566
0x10005F40,d3d,BrNetSlotGetF02CBiased,slice2_12.c,583
0x10005F90,d3d,BrNetSlotGetF974,slice2_12.c,599
0x10005FE0,d3d,BrNetDropMatching,slice1_02.c,557
0x10006090,d3d,BrNetSetF10220DD0,slice2_12.c,615
0x100060C0,d3d,BrNetClearF10220DD0,slice2_12.c,624
0x10006160,d3d,BrNetCheckDeadline,slice2_12.c,633
0x100061A0,d3d,BrCarStateEncode,slice2_12.c,223
0x100065A0,d3d,BrFixPackS6Q7Neg,slice2_12.c,126
0x100065E0,d3d,BrFixPackS16Q15Neg,slice2_12.c,139
0x10006620,d3d,BrFixPackU8Angle,slice2_12.c,152
0x10006660,d3d,BrFixPackU8Range,slice2_12.c,165
0x100066A0,d3d,BrFixPackLevel,slice2_12.c,180
0x100066E0,d3d,BrFixPackU24Q13,slice1_02.c,73
0x10006730,d3d,BrFixPackS24Q1,slice1_02.c,87
0x10006770,d3d,BrFixPackS16Q7,slice1_02.c,100
0x100067B0,d3d,BrFixPackS16Q8,slice2_12.c,193
0x100067F0,d3d,BrFixPackS8Q3,slice2_12.c,206
0x10006830,d3d,BrCarStateEncodeDelta,slice2_12.c,299
0x10006BD0,d3d,BrCarStatePack,slice2_12.c,376
0x10006EC0,d3d,BrCarStateDecode,slice1_02.c,249
0x10007250,d3d,BrFixUnpackS6Q7Neg,slice1_02.c,115
0x10007280,d3d,BrFixUnpackS16Q15Neg,slice1_02.c,125
0x100072A0,d3d,BrFixUnpackU8Angle,slice1_02.c,132
0x100072C0,d3d,BrFixUnpackU8Range,slice1_02.c,142
0x100072E0,d3d,BrFixUnpackLevel,slice1_02.c,152
0x10007310,d3d,BrFixUnpackU32Q13,slice1_02.c,168
0x10007340,d3d,BrFixUnpackS24Q1,slice1_02.c,175
0x10007380,d3d,BrFixUnpackS16Q7,slice1_02.c,182
0x100073A0,d3d,BrFixUnpackS16Q8,slice1_02.c,189
0x100073C0,d3d,BrFixUnpackS8Q3,slice1_02.c,196
0x100073E0,d3d,BrCarStateDecodeDelta,slice1_02.c,317
0x100079E0,d3d,BrCarStateLerp,slice1_02.c,374
0x10007E80,glide,BrAppCheckPreviousApp,br_appstart.c,124
0x10008670,d3d,BrKeyCacheFind,slice2_12.c,805
0x10008970,d3d,BrKeyCacheReset,slice2_12.c,827
0x100089C0,d3d,BrPodWriteOpen,slice2_12.c,856
0x10008A00,d3d,BrPodWriteAdd,slice2_12.c,877
0x10008AA0,d3d,BrPodWriteClose,slice2_12.c,925
0x10008B80,d3d,BrExt_10008B80,slice6_74.c,231
0x10008CF0,d3d,BrLogPrint,slice4_52.c,296
0x10009B00,glide,BrMenuCap09B0,slice2_24.c,470
0x1000BEA0,d3d,BrAppMsgDispatch,slice1_03.c,373
0x1000C000,d3d,BrDPlaySysMsgDispatch,slice2_13.c,143
0x1000C350,d3d,BrDPlayPump,slice2_13.c,255
0x1000C440,d3d,BrDPlayThreadProc,slice2_13.c,304
0x1000C4A0,d3d,BrComHolderRelease,slice1_03.c,419
0x1000C4D0,d3d,BrDPlayRawSend,slice2_22.c,23
0x1000C510,d3d,BrDPlayShutdown,slice2_13.c,325
0x1000C5D0,d3d,BrDPlayStartup,slice2_13.c,372
0x1000C670,d3d,BrDPlayGetCurrentPlayers,slice2_13.c,405
0x10010960,d3d,BrPolyDistX,slice4_52.c,57
0x100109A0,d3d,BrPolyClipPlane,slice2_13.c,506
0x10016A60,d3d,BrGfxDrawTexRect,slice2_15.c,130
0x10016B40,d3d,BrHudDrawDial,slice2_15.c,159
0x10016BE0,glide,br_ai_u16be,br_ai.c,23
0x100171F0,d3d,BrHudDrawTimeEntry,slice1_03.c,335
0x10017290,d3d,BrSub_10017290,slice5_63.c,248
0x100173F0,d3d,BrSub_100173F0,slice6_70.c,339
0x10017690,d3d,BrHudDrawViewCentreText,slice2_15.c,340
0x10017790,d3d,BrHudDrawViewMessage,slice2_15.c,371
0x10017C80,d3d,BrHudFormatGapString,slice2_15.c,445
0x10017CD0,d3d,BrHudGapSeconds,slice2_15.c,409
0x10017D90,d3d,BrHudDraw,slice2_15.c,517
0x10017E30,glide,BrWindowEarStartup,br_window.c,145
0x10017FE0,d3d,BrHudDrawSplitLine,slice2_15.c,463
0x10018070,d3d,BrSceneUsePlainClear,slice2_15.c,582
0x100180B0,d3d,BrSceneSetupFrame,slice2_15.c,596
0x10018590,d3d,BrTextEmitString,br_font.c,583
0x100189E0,glide,br_ai_reloc,br_ai.c,49
0x10018A50,glide,swap_u16_run,br_track.c,56
0x10019240,d3d,BrSub_10019240,slice6_78.c,314
0x10019260,d3d,BrTextFlag358Clear,slice6_78.c,358
0x10019280,d3d,BrSub_10019280,slice5_63.c,203
0x10019290,d3d,BrSub_10019290,slice5_61.c,65
0x100192A0,d3d,BrTextSetColors,slice1_03.c,252
0x100192F0,d3d,BrTextSetSize,slice6_78.c,351
0x10019300,d3d,BrTextDraw,slice1_03.c,265
0x10019350,glide,BrOnActivateApp,br_input.c,171
0x100193C0,d3d,BrSub_100193C0,slice6_76.c,328
0x10019480,glide,BrOnSysCommand,br_input.c,270
0x10019490,d3d,BrWeatherRandomiseParticles,slice2_15.c,688
0x100194C0,glide,BrWndProc,br_input.c,306
0x100194E0,d3d,BrWeatherStepWind,slice2_15.c,711
0x10019620,d3d,BrWeatherStepLightning,slice2_15.c,750
0x10019670,glide,BrWindowDescribe,br_window.c,60
0x100196D0,d3d,BrWeatherStepParticles,slice2_15.c,782
0x10019730,glide,BrMainLoopRun,br_mainloop.c,38
0x10019A70,glide,BrRaceStepInit,br_racestep.c,707
0x1001A4B0,d3d,BrForward1001A4B0,slice2_15.c,937
0x1001BE90,d3d,Br72FillVert,slice6_72.c,269
0x1001CC00,glide,BrRallyMain,br_boot.c,257
0x1001CD60,d3d,BrGbiSet0A79E8,slice2_16.c,94
0x1001CD70,glide,BrAppStateColdInit,br_boot.c,55
0x1001CD80,d3d,BrGbiSet4C5174,slice2_16.c,102
0x1001CDA0,glide,BrAppStateEnterRun,br_boot.c,74
0x1001CDB0,glide,BrAppStateRun,br_boot.c,94
0x1001CDD0,glide,BrAppStateLoading,br_boot.c,132
0x1001CE20,glide,BrAppStateSetMode,br_boot.c,178
0x1001CF30,d3d,BrGbiSetTileSize,slice2_16.c,113
0x1001CF80,glide,BrAppFrame,br_boot.c,220
0x1001D8A0,glide,BrDxDetect,br_dxver.c,155
0x1001D940,d3d,BrClipLerpVert,slice1_03.c,59
0x1001E320,glide,br_dl_fillF6,br_dl.c,1300
0x1001E720,glide,br_dl_fillE1,br_dl.c,1303
0x1001E770,glide,BrDlCmdSetCombine,br_dlcmd.c,538
0x1001E790,d3d,BrGbiClearGeometryMode,slice2_16.c,130
0x1001E930,glide,br_dl_env,br_dl.c,1497
0x1001E9F0,glide,br_dl_fillcolour,br_dl.c,1428
0x1001EA60,glide,BrDlCmdFogColour,br_dlcmd.c,459
0x1001EA80,glide,br_dl_prim,br_dl.c,1484
0x1001EB50,glide,br_dl_scissorED,br_dl.c,1378
0x1001EBC0,glide,br_dl_scissorE2,br_dl.c,1373
0x1001EC30,glide,br_dl_settilesize,br_dl.c,1386
0x1001ECF0,glide,BrDlCmdTri1,br_dlcmd.c,337
0x1001EE70,glide,br_dl_clip_emit,br_dl.c,969
0x1001FA30,glide,BrDlCmdTri2,br_dlcmd.c,354
0x1001FD70,glide,BrDlVtxRoutine,br_dl.c,599
0x10020D60,d3d,BrGbiDList,slice2_16.c,150
0x10020DA0,d3d,BrGbiEndDList,slice2_16.c,168
0x10020DC0,d3d,BrGbiMatrix,slice2_16.c,208
0x10020EF0,d3d,BrGbiPopMatrix,slice2_16.c,241
0x10020F20,d3d,BrGbiSetGeometryMode,slice2_16.c,140
0x10020F50,d3d,BrGbiDispatch10020F50,slice2_16.c,264
0x10020F80,d3d,BrGbiSet4C1694,slice2_16.c,255
0x10020FA0,d3d,BrGbiCall10020FA0,slice5_60.c,90
0x10021240,glide,br_dl_skip,br_dl.c,250
0x10021510,d3d,BrGbiTileRect,slice2_16.c,277
0x10021560,d3d,BrGbiCall10021560,slice4_51.c,194
0x10021570,glide,br_dl_texE4,br_dl.c,1306
0x100219D0,glide,br_dl_texE3,br_dl.c,1309
0x10021A20,glide,BrDlCmdVtx,br_dlcmd.c,79
0x10021B80,d3d,BrGbiTileRectS,slice2_16.c,294
0x10021C70,glide,br_dl_light_setup,br_dl.c,467
0x10022070,glide,br_dl_project,br_dl.c,661
0x10022120,glide,br_dl_outcode,br_dl.c,643
0x10022350,d3d,BrGbiLightVertex,slice2_16.c,310
0x10022AC0,glide,br_dl_light_vertex,br_dl.c,549
0x10022DC0,d3d,BrGbiClipCodes,slice2_16.c,343
0x10023B10,glide,br_dl_clip_reset,br_dl.c,946
0x10024150,d3d,BrGbiMoveMem,slice2_16.c,374
0x10024240,d3d,BrGbiMoveMemMatrix,slice2_16.c,360
0x10024260,d3d,BrGbiCall10024260,slice5_61.c,79
0x100242F0,d3d,BrGbiMoveWord,slice2_16.c,420
0x100243D0,d3d,BrGbiCall100243D0,slice5_60.c,62
0x10024A90,d3d,BrGbiRun,slice2_16.c,462
0x100251A0,d3d,BrTexShiftFromSize,slice1_04.c,29
0x100271F0,glide,br_tex3d_texel,br_tex3d.c,392
0x10027850,glide,br_tex3d_shift,br_tex3d.c,442
0x10027A10,glide,br_tex3d_append,br_tex3d.c,75
0x10027B90,d3d,BrTexFormatCode,slice1_04.c,105
0x10027C00,d3d,BrGbiSizeShift,slice2_16.c,812
0x10028720,d3d,BrTexSizeFromShiftAspect,slice1_04.c,72
0x10028B50,glide,br_tex3d_seam,br_tex3d.c,195
0x10028BF0,d3d,BrGbiBlit,slice2_16.c,839
0x10028C70,d3d,BrGbiTexelsPerWord,slice2_16.c,827
0x100290E0,d3d,BrGbiTexScanRun,slice2_16.c,719
0x100293D0,glide,br_tex3d_end,br_tex3d.c,186
0x10029410,d3d,BrGbiTexScanFlush,slice2_16.c,489
0x10029480,glide,BrOptOpen2948,slice2_25.c,868
0x100298C0,glide,BrOptOpen298C,slice2_25.c,859
0x10029B10,glide,BrTexChooseLevel,br_texinit.c,105
0x10029B50,glide,BrTexInit,br_texinit.c,118
0x10029E60,d3d,BrGbiTexScanMark,slice2_16.c,481
0x10029EB0,d3d,BrGbiTexScanSetImg,slice2_16.c,518
0x10029F10,d3d,BrGbiTexScanLoadTlut,slice2_16.c,537
0x10029F80,d3d,BrGbiTexScanLoadSync,slice2_16.c,560
0x10029FA0,d3d,BrGbiTexScanLoadBlock,slice2_16.c,568
0x1002A000,d3d,BrGbiTexScanPipeSync,slice2_16.c,594
0x1002A020,d3d,BrGbiTexScanTileSync,slice2_16.c,602
0x1002A040,d3d,BrGbiTexScanSetTile,slice2_16.c,610
0x1002A140,d3d,BrGbiTexScanSetTileSize,slice2_16.c,639
0x1002A1A0,d3d,BrGbiTexScanOtherModeL,slice2_16.c,654
0x1002A210,d3d,BrGbiTexScanOtherModeH,slice2_16.c,690
0x1002A250,d3d,BrGbiTexScanOtherModeH0E,slice2_16.c,676
0x1002A280,d3d,BrGbiTexCreate,slice2_16.c,854
0x1002A740,d3d,BrGbiSolidTexBuild,slice2_16.c,884
0x1002AEA0,d3d,BrFadeRelease,slice2_16.c,902
0x1002AEC0,d3d,BrFadeLatch,slice2_16.c,912
0x1002AF10,d3d,BrFadeDrawSprite,slice2_16.c,932
0x1002B130,d3d,BrFadeSetTarget,slice2_16.c,994
0x1002B1C0,d3d,BrFadeSetTargetA,slice2_16.c,1017
0x1002B220,d3d,BrFadeSetTargetB,slice2_16.c,1030
0x1002B280,d3d,BrCursorPairSet,slice1_05.c,287
0x1002B2A0,d3d,BrFadeIsClosing,slice2_16.c,1043
0x1002B2D0,d3d,BrFadeIsSettled,slice2_16.c,1052
0x1002B300,d3d,BrFadeIsShut,slice2_16.c,1061
0x1002B340,d3d,BrFadeDrawBars,slice2_16.c,1084
0x1002B670,d3d,BrFadeTick,slice2_16.c,1175
0x1002B920,d3d,BrFtolArg,slice6_74.c,310
0x1002B930,d3d,BrCopy8Words,slice2_16.c,1234
0x1002B9A0,d3d,BrSegSetBases,br_seg.c,33
0x1002B9C0,d3d,BrRcaResetCounts,slice2_16.c,1241
0x1002B9D0,d3d,BrSegSetFlag,slice6_78.c,307
0x1002B9E0,d3d,BrSwapU16Array,slice2_16.c,1249
0x1002BA00,d3d,BrSwapU16x4Array,slice2_16.c,1276
0x1002BA20,d3d,BrSwapU16x4,slice2_16.c,1264
0x1002BA60,d3d,BrSwapVec3Array,slice2_16.c,1291
0x1002BA80,d3d,BrRcaFixupArray,slice2_16.c,1427
0x1002BAA0,d3d,BrRcaFixupRecord,slice2_16.c,1329
0x1002BC90,d3d,BrRcaSwapMesh,slice2_16.c,1306
0x1002BD50,d3d,BrVtxCacheResolve,slice1_05.c,97
0x1002BDD0,d3d,BrVtxSwap,slice1_05.c,22
0x1002BE30,d3d,BrVtxExpand,slice1_05.c,45
0x1002BF00,d3d,BrVtxCacheInsert,slice1_05.c,82
0x1002BF40,d3d,BrPtrListContains,slice2_17.c,774
0x1002C150,d3d,BrF3DVtxFixup,slice1_05.c,128
0x1002C190,d3d,BrF3DTri1Fixup,slice1_05.c,143
0x1002C1B0,d3d,BrF3DTri2Fixup,slice1_05.c,155
0x1002C1F0,d3d,BrPtrListAdd,slice1_05.c,295
0x1002C210,d3d,BrGfx2C210,slice4_53.c,181
0x1002C2A0,d3d,BrS17Release,slice2_17.c,820
0x1002C2B0,d3d,BrS17RegisterAtExit,slice2_17.c,827
0x1002C2C0,d3d,BrX1002C2C0,slice8_86.c,397
0x1002C2D0,d3d,BrS17DrawGated,slice2_17.c,834
0x1002C320,d3d,BrS17DrawFrame,slice2_17.c,859
0x1002C390,d3d,BrS17SetMode4,slice2_17.c,873
0x1002C410,d3d,BrS17TimerTick,slice2_17.c,882
0x1002C430,d3d,BrCarUpdateSpeedMph,slice2_17.c,897
0x1002C4A0,d3d,BrS17SlotsRelease,slice2_17.c,917
0x1002E302,glide,BrGameStepIs,br_gamestep.c,39
0x1002E317,glide,BrGameStepSet,br_gamestep.c,19
0x1002E324,glide,BrGameStepInvoke,br_gamestep.c,48
0x1002F130,d3d,BrCarTableAdd,slice2_17.c,618
0x1002F230,d3d,BrCarTableRemove,slice2_17.c,647
0x1002F2A0,d3d,BrCarStateSave,slice2_17.c,680
0x1002F320,d3d,BrCarStateRestore,slice2_17.c,705
0x1002F460,d3d,BrSelLookup,slice1_05.c,308
0x1002F6C0,glide,BrRaceSub1002F6C0,br_racestart.c,87
0x1002F900,d3d,BrRdpSetCombineLERP,slice1_05.c,197
0x1002FAC0,d3d,BrRdpACMux,slice1_05.c,184
0x1002FAF0,d3d,BrRdpCCMux,slice1_05.c,173
0x1002FB20,d3d,BrScenePropsDraw,slice2_17.c,477
0x100305B0,d3d,BrVec3dLenSq,br_vecd.c,21
0x10030600,d3d,BrVec3dNormalise,br_vecd.c,39
0x10030670,d3d,BrVec3dCross,br_vecd.c,53
0x100306C0,d3d,BrMat4Mul,slice1_05.c,237
0x100307D0,d3d,BrMat4IdentityLocal,slice1_09.c,304
0x10030810,d3d,BrMat4Frustum,br_mat.c,62
0x10030930,d3d,BrMat4Perspective7,slice4_50.c,138
0x100309A0,d3d,BrMat4LookAt,slice2_17.c,163
0x10030B50,d3d,BrLightDirsAndAngles,slice2_17.c,260
0x10030E20,d3d,BrLightDirsFromLookAt,slice2_17.c,218
0x10030EE0,d3d,BrMat4RotateAxis,slice2_17.c,319
0x100310F0,d3d,BrMat4Scale,br_mat.c,120
0x10031190,d3d,BrScratchRingAlloc,slice2_17.c,927
0x100311E4,d3d,BrScratchRingDrain,slice2_17.c,949
0x10031212,d3d,BrScratchRingNull,slice2_17.c,961
0x10031227,d3d,BrGfx31227,slice4_53.c,188
0x10031282,d3d,BrScreenSizeInit,slice2_17.c,985
0x1003128C,d3d,BrScreenSizeApply,slice2_17.c,992
0x100312A7,d3d,BrFloat12MaxAbs,slice2_17.c,363
0x10031342,d3d,BrTexNoOp,slice2_17.c,1000
0x10031347,d3d,BrTexSizeShift,slice2_17.c,1006
0x10031481,d3d,BrGfxEmitTexCmd,slice2_17.c,460
0x100314E8,d3d,BrGfxClearScreen,slice2_17.c,403
0x10031688,d3d,BrGfxFillRect,slice2_17.c,426
0x10031AC0,glide,Br31Activate,slice3_31.c,106
0x10032873,d3d,BrFrameBeginRec,slice2_18.c,554
0x10032886,d3d,BrFrameBeginHiRes,slice2_18.c,561
0x1003289A,d3d,BrFrameNop,slice2_18.c,568
0x1003289F,d3d,BrSub_1003289F,slice5_62.c,333
0x1003348E,d3d,BrGfxNopA,slice2_18.c,753
0x10033CB1,d3d,BrCamFrustumBuild,slice2_19.c,113
0x10033E83,d3d,BrCamMatrixSetup,slice2_19.c,157
0x10033F7E,d3d,BrCamMatrixSetupFixed,slice2_19.c,189
0x1003407D,d3d,BrCamMatrixSetupOrtho,slice2_19.c,220
0x1003445A,d3d,BrDlOwnerFixup,slice2_19.c,286
0x100344D0,glide,br_dl_normalise,br_dl.c,447
0x100347BA,d3d,BrAccumAddClamp,slice2_19.c,944
0x10034C51,d3d,BrHookIsCurrent,slice4_50.c,127
0x10034C73,d3d,BrHookCallC,slice1_05.c,352
0x10034C88,d3d,BrHookTakeA,slice1_05.c,364
0x10034CA8,d3d,BrHookTakeB,slice1_05.c,373
0x10035041,d3d,BrPairSlotReset,slice2_19.c,957
0x10035059,d3d,BrRet0_10035059,slice2_19.c,965
0x10035060,d3d,BrDlRebaseWord,slice2_19.c,259
0x10035089,d3d,BrDlRebase,slice2_19.c,267
0x100350EE,d3d,BrCarGfxSetColour,slice2_19.c,326
0x10035452,d3d,BrCarGfxReadColour,slice2_19.c,421
0x1003551B,d3d,BrSub1003551B,slice4_53.c,213
0x10035520,d3d,BrCarSlotLoad,slice2_19.c,975
0x1003557B,d3d,BrRet1_1003557B,slice2_19.c,968
0x10035585,d3d,BrAnimFlagsApply,slice2_19.c,447
0x1003563A,d3d,BrAnimUpdate,slice2_19.c,497
0x100358C0,glide,BrTextFlag358Clear,slice6_78.c,359
0x10035B87,d3d,BrRet1_10035B87,slice2_19.c,971
0x10035BA7,d3d,BrLogEmit,slice2_19.c,992
0x10035BBA,d3d,BrLogSet,slice2_19.c,1000
0x10035C70,d3d,BrVec3Copy,slice2_19.c,95
0x10035CA0,d3d,BrRgbSinkSet,slice2_19.c,317
0x10035CE0,d3d,BrPadTranslate,slice2_19.c,670
0x10035FA0,d3d,BrBitLatchTake,br_bits.c,6
0x10035FC0,d3d,BrBitEdgeSplit,slice2_19.c,759
0x10035FE0,d3d,BrEntInit,slice1_05.c,409
0x10036030,d3d,BrPeerFind,slice1_05.c,386
0x10036BD0,d3d,BrModelLoad,slice2_19.c,926
0x10036C00,d3d,BrModelSwap,slice2_19.c,823
0x10037030,d3d,BrPendListAdd,slice1_06.c,45
0x10037070,d3d,BrDevRecMatch,slice1_06.c,70
0x100370D0,d3d,BrRcaFixup,slice2_20.c,229
0x10037740,d3d,BrSub10037740,slice4_53.c,202
0x100378B0,d3d,BrFileReadInto,slice2_20.c,422
0x10037930,d3d,BrKeyTableFind,slice1_06.c,96
0x10037A90,d3d,BrTrackLoadHandling,slice2_20.c,500
0x10038010,d3d,BrTrackFixupRec54,slice2_20.c,650
0x10038100,glide,BrOpt3810,slice2_25.c,713
0x100383C0,d3d,BrSwapVec3,br_bits.c,16
0x10038450,d3d,BrTexCopyRecords,slice2_20.c,688
0x10038510,d3d,BrTrackHdrRead,slice2_20.c,522
0x10038F30,d3d,BrExt_10038F30,slice6_71.c,111
0x10039000,d3d,BrInit220B20,slice2_20.c,930
0x10039020,d3d,BrCarSub9020,slice4_53.c,195
0x10039200,d3d,BrCarWheelFx,slice2_21.c,697
0x10039F20,d3d,BrCarPfxSpawn,slice2_21.c,609
0x1003A000,glide,BrOpt3A00,slice2_25.c,801
0x1003A200,d3d,BrPfxUpdateB0,slice2_21.c,520
0x1003A340,d3d,BrPfxUpdateB4AC,slice2_21.c,552
0x1003A4D0,d3d,BrPfxReset,slice2_21.c,487
0x1003A530,d3d,BrPfxTick,slice2_21.c,862
0x1003A610,d3d,BrPfxSaveState,slice2_21.c,501
0x1003A6B0,d3d,BrSpanAddLine,slice2_21.c,347
0x1003A950,d3d,BrSpanTestPoint,slice2_21.c,419
0x1003A990,d3d,BrSpanBuildHull,slice2_21.c,427
0x1003ADA0,d3d,BrVec3Direction,slice2_21.c,36
0x1003AED0,glide,BrUiCreditsAction_1003AED0,br_uicredits.c,58
0x1003B0A0,d3d,BrVec3DistXY,slice2_21.c,83
0x1003B0E0,d3d,BrVec3Dist,br_vec.c,146
0x1003B170,d3d,BrVec3Len,slice6_74.c,298
0x1003B1C0,d3d,BrVec3LenXY,slice2_21.c,76
0x1003B2A0,d3d,BrMat4TransformPoint4,slice2_21.c,158
0x1003B3F0,d3d,BrMtxXfmDir3,slice2_21.c,169
0x1003B470,d3d,BrMtxMul,slice2_21.c,182
0x1003B4F0,d3d,BrMtxInvert,slice2_21.c,200
0x1003B7B0,d3d,BrAtan2,slice2_21.c,92
0x1003BA70,d3d,BrSeg2Intersect,slice2_21.c,298
0x1003BC90,d3d,BrSeg2SideTest,slice2_21.c,287
0x1003BD50,d3d,BrRandom,slice4_52.c,72
0x1003BF60,d3d,BrExt_1003BF60,slice6_70.c,189
0x1003C150,d3d,BrSub1003C150,slice4_50.c,256
0x1003C230,d3d,BrTimerStart1003C230,slice4_53.c,279
0x1003C260,d3d,BrSub1003C260,slice4_50.c,285
0x1003CDA0,d3d,BrSub1003CDA0,slice6_74.c,334
0x1003D030,d3d,BrSub1003D030,slice6_73.c,1146
0x1003D180,d3d,BrComGetAlloc,slice1_06.c,160
0x1003D950,d3d,BrSub1003D950,slice4_50.c,346
0x1003D9F0,d3d,BrSub1003D9F0,slice4_52.c,179
0x1003DA40,d3d,BrSub1003DA40,slice4_53.c,220
0x1003DB00,d3d,BrExt_1003DB00,slice6_70.c,303
0x1003DFC0,d3d,BrUiFn1003DFC0,slice2_23.c,348
0x1003E010,d3d,BrUiFn1003E010,slice2_23.c,366
0x1003E040,d3d,BrUiFn1003E040,slice2_23.c,373
0x1003E070,d3d,BrFn1003E070,slice4_51.c,82
0x1003E1D0,d3d,BrPairBufReset,slice1_06.c,204
0x1003E310,d3d,BrOptSave,slice1_06.c,270
0x1003E3A0,d3d,BrSub1003E3A0,slice6_72.c,71
0x1003E510,d3d,BrSub1003E510,slice5_61.c,280
0x1003E680,d3d,BrSub1003E680,slice6_73.c,1038
0x1003E7A0,d3d,BrUiHook85_1003E7A0,slice8_85.c,199
0x1003E840,d3d,BrUiText1003E840,slice2_23.c,438
0x1003E8D0,d3d,br23_num_common,slice2_23.c,455
0x1003E920,d3d,BrUiFn1003E920,slice2_23.c,485
0x1003E950,d3d,BrUiHook85_1003E950,slice8_85.c,268
0x1003E980,d3d,Br85DrawRow,slice8_85.c,235
0x1003E9E0,d3d,BrUiHook85_1003E9E0,slice8_85.c,258
0x1003EA40,d3d,BrUiHook85_1003EA40,slice8_85.c,279
0x1003EA90,d3d,BrUiNum1003EA90,slice2_23.c,475
0x1003EAE0,d3d,BrUiPoll1003EAE0,slice2_23.c,553
0x1003EB10,d3d,BrUiHook85_1003EB10,slice8_85.c,314
0x1003EB60,d3d,BrUiPoll1003EB60,slice2_23.c,587
0x1003EB90,d3d,BrUiPoll1003EB90,slice2_23.c,594
0x1003EBC0,d3d,BrUiPoll1003EBC0,slice2_23.c,601
0x1003EBE0,d3d,BrUiPoll1003EBE0,slice2_23.c,609
0x1003EC80,d3d,BrUiPoll1003EC80,slice2_23.c,628
0x1003EDF0,d3d,BrUiPoll1003EDF0,slice2_23.c,641
0x1003EE20,d3d,BrUiHook85_1003EE20,slice8_85.c,344
0x1003EE50,d3d,Br85ItemApply,slice8_85.c,133
0x1003EEF0,d3d,BrUiFn1003EEF0,slice2_23.c,716
0x1003EF60,d3d,BrUiFn1003EF60,slice2_23.c,728
0x1003F020,d3d,BrUiFn1003F020,slice2_23.c,753
0x1003F050,d3d,Br85TextReadBack,slice8_85.c,399
0x1003F0B0,d3d,BrUiHook85_1003F0B0,slice8_85.c,430
0x1003F110,d3d,BrUiFn1003F110,slice2_23.c,777
0x1003F170,d3d,BrUiFn1003F170,slice2_23.c,783
0x1003F210,d3d,BrUiFn1003F210,slice2_23.c,799
0x1003F280,d3d,BrUiFn1003F280,slice2_23.c,811
0x1003F320,d3d,BrOptAvailB,slice1_06.c,323
0x1003F5E0,d3d,BrUiHook87_1003F5E0,slice8_87.c,460
0x1003F680,d3d,BrUiHook87_1003F680,slice8_87.c,480
0x1003F760,d3d,BrUiText1003F760,slice2_23.c,944
0x1003F7F0,d3d,BrUiText1003F7F0,slice2_23.c,962
0x1003F8D0,d3d,BrUiText1003F8D0,slice2_23.c,973
0x1003F990,d3d,BrUiText1003F990,slice2_23.c,991
0x1003FC40,d3d,BrUiText1003FC40,slice2_23.c,1046
0x1003FCB0,d3d,BrUiText1003FCB0,slice2_23.c,1052
0x1003FD30,d3d,BrUiText1003FD30,slice2_23.c,1059
0x1003FE10,d3d,BrUiText1003FE10,slice2_23.c,1070
0x1003FFD0,d3d,BrUiText1003FFD0,slice2_23.c,1104
0x10040300,glide,BrOpt4030,slice2_25.c,939
0x10040330,d3d,BrCfgFindConflicts,slice2_23.c,1195
0x10040680,d3d,BrMenuEnter,slice2_24.c,301
0x10040730,d3d,BrUiHook88_10040730,slice8_88.c,205
0x100407A0,d3d,BrMenuCap07A0,slice2_24.c,390
0x100407E0,d3d,BrUiHook88_100407E0,slice8_88.c,235
0x10040870,d3d,BrMenuCap0870,slice2_24.c,422
0x10040890,d3d,BrMenuCap0890,slice2_24.c,429
0x100408B0,d3d,BrMenuCap08B0,slice2_24.c,436
0x10040900,glide,BrOpt4090,slice2_25.c,943
0x10040950,d3d,BrUiHook88_10040950,slice8_88.c,255
0x100409B0,d3d,BrUiHook90_100409B0,slice8_90.c,213
0x100409D0,d3d,BrUiHook90_100409D0,slice8_90.c,220
0x10041870,d3d,BrMenuCap1870,slice2_24.c,483
0x100419D0,d3d,BrExt_100419D0,slice5_62.c,28
0x10041A00,d3d,BrExt_10041A00,slice6_73.c,969
0x10042410,d3d,BrExt_10042410,slice5_61.c,320
0x100424D0,d3d,BrExt_100424D0,slice6_73.c,1005
0x100425E0,glide,BrUiRootEnter_100425E0,br_uiroot.c,189
0x10042AC0,d3d,BrUiHook85_10042AC0,slice8_85.c,498
0x10042AF0,d3d,BrUiHook85_10042AF0,slice8_85.c,510
0x10042B30,d3d,BrOptCycleTrack,slice2_25.c,287
0x10042C80,d3d,BrOptCycleAC65C,slice2_25.c,364
0x10042DC0,d3d,BrOptCycleAC64C,slice2_25.c,391
0x10042E20,d3d,BrOptCycleAC650,slice2_25.c,399
0x10042E80,d3d,BrOptCycleAA2A08,slice2_25.c,407
0x100430B0,d3d,BrOptCycleBD3E0,slice2_25.c,506
0x10043180,d3d,BrOptCycleAA2A00,slice2_25.c,544
0x10043260,d3d,BrOptOpen296C,slice2_25.c,563
0x10043330,d3d,BrExt_10043330,slice8_83.c,454
0x10043400,d3d,BrOptCycleAA2A0C,slice2_25.c,587
0x100436B0,d3d,BrUiOptHook_100436B0,slice7_80.c,98
0x10043760,d3d,BrOpt3760,slice2_25.c,666
0x100437B0,d3d,BrOpt37B0,slice2_25.c,686
0x100437D0,d3d,BrOpt37D0,slice2_25.c,696
0x10043810,d3d,BrOpt3810,slice2_25.c,714
0x10043A00,d3d,BrOpt3A00,slice2_25.c,802
0x10043BF0,d3d,BrSub10043BF0,slice4_50.c,209
0x10043CD0,d3d,BrOptOpen2940,slice2_25.c,852
0x10043E70,d3d,BrOptOpen2948,slice2_25.c,869
0x10043F50,d3d,BrOpt3F50,slice2_25.c,888
0x10043FA0,d3d,BrOpt3FA0,slice2_25.c,908
0x10043FC0,d3d,BrOpt3FC0,slice2_25.c,919
0x10044010,d3d,Br85ModeOpen,slice8_85.c,582
0x10044030,d3d,BrUiHook85_10044030,slice8_85.c,603
0x10044050,d3d,BrUiHook85_10044050,slice8_85.c,598
0x10044070,d3d,BrUiHook85_10044070,slice8_85.c,605
0x10044090,d3d,BrUiHook85_10044090,slice8_85.c,600
0x100440B0,d3d,BrUiHook85_100440B0,slice8_85.c,607
0x100440D0,d3d,BrOptOpen294C,slice2_25.c,951
0x100441A0,d3d,BrOpt41A0,slice2_25.c,965
0x10044280,d3d,BrOptOpen2950A,slice2_25.c,1006
0x100443E0,d3d,BrOptOpen2950B,slice2_25.c,1048
0x100444C0,d3d,BrOpt44C0,slice2_25.c,1065
0x10044540,d3d,BrSub10044540,slice6_72.c,40
0x10044600,d3d,BrOptCycleAA2A18,slice2_25.c,1095
0x100446D0,d3d,BrOptOpen2954,slice2_25.c,1127
0x100447D0,d3d,BrPhaseActivate_100447D0,slice2_26.c,162
0x10044970,d3d,BrPhaseLeave_10044970,slice2_26.c,224
0x10044A30,d3d,BrOptFn10044A30,slice4_53.c,254
0x10044AE0,d3d,BrPhaseLeave_10044AE0,slice2_26.c,277
0x10044B40,d3d,BrPhaseLeave_10044B40,slice2_26.c,293
0x10044B90,d3d,BrMenuSub10044B90,slice4_53.c,244
0x10044C70,d3d,BrPhaseLeave_10044C70,slice2_26.c,304
0x10044CB0,d3d,Br31Thunk_10044CB0,slice3_31.c,219
0x10044D00,d3d,BrPhaseActivate_10044D00,slice2_26.c,358
0x10044DE0,d3d,BrPhaseLeave_10044DE0,slice2_26.c,324
0x10044E20,d3d,BrMenuSub10044E20,slice4_50.c,196
0x10044F00,d3d,BrPhaseLeave_10044F00,slice2_26.c,334
0x10044F50,d3d,BrPhaseActivate_10044F50,slice2_26.c,379
0x10045050,d3d,BrPhaseHook_10045050,slice2_26.c,472
0x10045090,d3d,BrPhaseHook_10045090,slice2_26.c,490
0x100450C0,d3d,BrPhaseHook_100450C0,slice2_26.c,500
0x100450F0,d3d,BrPhaseDispatch_100450F0,slice2_26.c,511
0x10045110,d3d,BrPhaseActivate_10045110,slice2_26.c,400
0x100451E0,d3d,BrPhaseActivate_100451E0,slice2_26.c,407
0x100452C0,d3d,BrPhaseActivate_100452C0,slice2_26.c,416
0x10045390,d3d,BrPhaseActivate_10045390,slice2_26.c,423
0x10045460,d3d,BrPhaseActivate_10045460,slice2_26.c,430
0x10045520,d3d,BrPhaseActivate_10045520,slice2_26.c,442
0x100455E0,d3d,BrPhaseActivate_100455E0,slice2_26.c,454
0x100456B0,d3d,BrPhaseActivate_100456B0,slice2_26.c,461
0x100457C0,d3d,BrUiHook84_100457C0,slice8_84.c,403
0x100457E0,d3d,BrUiHook84_100457E0,slice8_84.c,417
0x10045880,d3d,BrUiHook81_10045880,slice7_81.c,253
0x100458A0,d3d,BrUiHook81_100458A0,slice7_81.c,239
0x10045900,d3d,BrPhaseActivate_10045900,slice3_31.c,265
0x10045AA0,d3d,BrPhaseHook_10045AA0,slice3_31.c,281
0x10045AF0,d3d,BrPhaseActivate_10045AF0,slice3_31.c,295
0x10045BC0,d3d,BrPhaseActivate_10045BC0,slice3_31.c,303
0x10045C90,d3d,BrExt_10045C90,slice3_31.c,313
0x10045DC0,d3d,BrPhaseActivate_10045DC0,slice3_31.c,329
0x10045EA0,d3d,BrPhaseActivate_10045EA0,slice3_31.c,340
0x10045F70,d3d,BrPhaseActivate_10045F70,slice3_31.c,348
0x100460A0,d3d,BrPhaseActivate_100460A0,slice3_31.c,362
0x10046170,d3d,BrPhaseActivate_10046170,slice3_31.c,370
0x10046260,d3d,BrPhaseActivate_10046260,slice3_31.c,383
0x10046380,d3d,BrPhaseHook_10046380,slice3_31.c,415
0x100463C0,d3d,BrUiHook81_100463C0,slice7_81.c,283
0x10046400,d3d,BrSub10046400,slice3_31.c,449
0x10046560,d3d,BrPhaseLeave_10046560,slice3_31.c,516
0x100466C0,d3d,BrPhaseLeave_100466C0,slice3_31.c,530
0x10046710,d3d,BrUiHook84_10046710,slice8_84.c,237
0x10046830,d3d,BrUiHook84_10046830,slice8_84.c,261
0x10046870,d3d,BrUiHook84_10046870,slice8_84.c,273
0x10046AD0,d3d,BrUiHook81_10046AD0,slice7_81.c,307
0x10046B10,d3d,BrUiHook81_10046B10,slice7_81.c,319
0x10046C90,d3d,BrUiNavHook_10046C90,br_uinav.c,709
0x10046CD0,d3d,BrUiHook89_10046CD0,slice8_89.c,180
0x10046D70,d3d,BrUiHook81_10046D70,slice7_81.c,330
0x10046DC0,d3d,BrUiHook84_10046DC0,slice8_84.c,222
0x10046E10,d3d,BrPhaseLeaveNamed_10046E10,slice3_31.c,566
0x10046EB0,d3d,BrUiHook81_10046EB0,slice7_81.c,344
0x10046F50,d3d,BrPhaseGoto_10046F50,slice3_31.c,585
0x10046F60,d3d,BrPhaseLeave_10046F60,slice3_31.c,595
0x10046FC0,d3d,BrPhaseGoto_10046FC0,slice3_31.c,587
0x10046FD0,d3d,BrPhaseLeave_10046FD0,slice3_31.c,613
0x10047050,d3d,BrPhaseGoto_10047050,slice3_31.c,589
0x10047060,d3d,BrUiHook84_10047060,slice8_84.c,249
0x100470E0,d3d,BrUiHook81_100470E0,slice7_81.c,353
0x10047120,d3d,BrPhaseLeave_10047120,slice3_31.c,627
0x100471B0,d3d,BrPhaseLeave_100471B0,slice3_31.c,646
0x100471F0,d3d,BrPhaseGuard_100471F0,slice3_31.c,685
0x10047210,d3d,BrPhaseEdit_10047210,slice3_31.c,696
0x10047250,d3d,BrPhaseEdit_10047250,slice3_31.c,711
0x10047290,d3d,BrPhaseLeave_10047290,slice3_31.c,657
0x10047340,d3d,BrPhaseNameClear_10047340,slice3_31.c,726
0x10047360,d3d,BrSub10047360,slice3_31.c,777
0x100474B0,d3d,BrPhaseTick_100474B0,slice3_31.c,830
0x100474D0,d3d,BrPhaseMode_100474D0,slice3_31.c,879
0x10047500,d3d,BrPhaseMode_10047500,slice3_31.c,887
0x10047530,d3d,BrPhaseMode_10047530,slice3_31.c,895
0x10047560,d3d,BrPhaseMode_10047560,slice3_31.c,903
0x10047590,d3d,BrPhaseMode_10047590,slice3_31.c,911
0x100475C0,d3d,BrPhaseMode_100475C0,slice3_31.c,919
0x100475F0,d3d,BrPhaseTick_100475F0,slice3_31.c,838
0x10047610,d3d,BrPhaseKeyPush_10047610,slice3_31.c,847
0x10047930,d3d,BrUiDrawCode_10047930,slice3_32.c,151
0x10047980,d3d,BrUiDrawCodeRect_10047980,slice3_32.c,178
0x100479D0,d3d,BrUiDrawIndex_100479D0,slice3_32.c,197
0x10047A10,d3d,BrUiStepCode_10047A10,slice3_32.c,209
0x10047A60,d3d,BrUiNavCtlHit_10047A60,br_uinav.c,199
0x10047CB0,d3d,BrUiTweenBegin_10047CB0,slice3_32.c,233
0x10047CE0,d3d,BrUiTweenCurve_10047CE0,slice3_32.c,249
0x10047D10,d3d,BrUiTweenReset_10047D10,slice3_32.c,268
0x10047D30,d3d,BrUiTweenStep_10047D30,slice3_32.c,325
0x10047EB0,d3d,BrUiItemInit_10047EB0,slice3_32.c,359
0x10047FB0,d3d,BrUiInit_10047FB0,slice3_32.c,408
0x10048010,d3d,BrUiEnter_10048010,slice3_32.c,432
0x10048060,d3d,BrUiCheckOther_10048060,slice3_32.c,455
0x100480A0,d3d,BrUiTickSteps_100480A0,slice3_32.c,476
0x10048180,d3d,BrUiFrame_10048180,slice3_32.c,535
0x10048470,d3d,BrUiPageCtor_10048470,slice3_32.c,672
0x100484C0,d3d,BrUiPageDelete_100484C0,slice3_32.c,695
0x100484F0,d3d,BrUiPageSelect_100484F0,slice3_32.c,706
0x10048530,d3d,BrUiPageFrame_10048530,slice3_32.c,727
0x10048710,d3d,BrOptObjCtor,slice6_73.c,192
0x10048850,d3d,BrPhaseDelete_10048850,slice3_32.c,823
0x10048870,d3d,BrPhaseDtor_10048870,slice3_32.c,832
0x100488B0,d3d,BrPhaseFn_100488B0,slice3_32.c,852
0x100488C0,d3d,BrPhaseTick_100488C0,slice3_32.c,860
0x100489A0,d3d,BrPhaseRun_100489A0,slice3_32.c,923
0x10048AA0,d3d,BrPhaseReleasePages_10048AA0,slice3_32.c,969
0x10048B20,d3d,BrPhaseShutdown_10048B20,slice3_32.c,1012
0x10049F40,d3d,BrExt_10049F40,slice6_71.c,260
0x1004A580,d3d,BrPhaseEnterPlaceholder_1004A580,slice8_86.c,41
0x1004B430,d3d,BrPhaseEnterPlaceholder_1004B430,slice8_86.c,49
0x1004BDC0,d3d,BrPhaseEnterPlaceholder_1004BDC0,slice8_86.c,57
0x1004C4A0,d3d,BrPhaseEnterPlaceholder_1004C4A0,slice8_86.c,65
0x1004CAC0,d3d,BrOptFn1004CAC0,slice8_86.c,73
0x1004D640,d3d,BrExt_1004D640,slice6_73.c,459
0x1004DFC0,d3d,BrExt_1004DFC0,slice6_73.c,519
0x1004E810,d3d,BrUiHook85_1004E810,slice8_85.c,614
0x1004E830,d3d,BrExt_1004E830,slice6_72.c,1411
0x1004F2B0,d3d,BrExt_1004F2B0,slice6_73.c,407
0x1004F700,d3d,BrExt_1004F700,slice6_71.c,383
0x10050060,d3d,BrExt_10050060,slice6_73.c,650
0x10051990,d3d,BrUi51990ScreenNew,slice4_52.c,346
0x10051D30,d3d,BrOptFn10051D30,slice6_71.c,311
0x10052030,d3d,BrExt_10052030,slice6_72.c,939
0x10054B50,d3d,BrExt_10054B50,slice6_73.c,792
0x100558A0,d3d,BrOptFn100558A0,slice6_73.c,264
0x10056260,glide,BrUiBootPreLoopGate,br_uiboot.c,87
0x10056A10,d3d,BrOptFn10056A10,slice6_72.c,647
0x100575F0,d3d,BrOptFn100575F0,slice6_71.c,584
0x10057C10,d3d,BrOptFn10057C10,slice6_72.c,775
0x100586A0,d3d,BrSub100586A0,slice6_77.c,15
0x10058700,d3d,BrSub10058700,slice7_82.c,250
0x10059760,d3d,BrExt_10059760,slice6_72.c,1183
0x1005A210,glide,BrBmpLoadRgba,br_bmp.c,162
0x1005B050,d3d,BrTextBoxInit,slice3_39.c,381
0x1005B0A0,d3d,BrTextBoxDeleteDtor,slice3_39.c,408
0x1005B0C0,d3d,BrTextBoxDtor,slice6_72.c,161
0x1005B200,d3d,BrTextBoxCentreX,slice3_39.c,529
0x1005B2B0,d3d,BrSprFontPenStart_1005B2B0,br_sprfont.c,218
0x1005B540,d3d,BrCharMapLookup,slice3_39.c,548
0x1005B730,d3d,BrSprFontSheet_1005B730,br_sprfont.c,105
0x1005B7A0,d3d,BrSprFontGlyphB_1005B7A0,br_sprfont.c,161
0x1005B7F0,d3d,BrTextListInit,slice3_39.c,565
0x1005C200,d3d,BrTextListSetBlob,slice3_39.c,908
0x1005CB90,d3d,BrNameListInit,slice1_06.c,379
0x1005ECF0,glide,BrRacePathAdvance,br_racestep.c,126
0x1005F800,d3d,BrSprFontRectInit_1005F800,br_sprfont.c,92
0x1005FBC0,d3d,BrExt_1005FBC0,slice5_63.c,583
0x1005FF00,glide,BrRaceGateStep,br_race.c,182
0x1005FF30,d3d,BrMenuSub1005FF30,slice4_52.c,84
0x1005FF60,d3d,BrMenuSub1005FF60,slice3_39.c,938
0x1005FFD0,d3d,BrFn1005FFD0,slice3_39.c,966
0x10060210,d3d,BrFn10060210,slice3_39.c,990
0x10060260,d3d,BrSub10060260,slice4_52.c,128
0x100603A0,d3d,BrUiNavMove,br_uinav.c,799
0x100609E0,d3d,BrCarNetSendState,slice3_40.c,73
0x10060CC0,d3d,BrCarPredictRemote,slice3_40.c,190
0x10060DF0,glide,BrSfxSrcBeep2,br_sfxsrc.c,279
0x10060E90,d3d,BrX10060E90,slice6_76.c,184
0x10061430,glide,BrRaceCarPre,br_racestep.c,270
0x10061460,d3d,BrImgTintSetScale,slice3_40.c,594
0x10061660,d3d,BrNodeMarkPass,slice3_40.c,314
0x100616C0,d3d,BrNodeClearMarkPass,slice3_40.c,336
0x10061700,d3d,BrNodeRunMarkPass,slice3_40.c,350
0x10061BE0,d3d,BrCarBuildMatrices,slice3_40.c,363
0x100623E0,glide,BrRaceDriverPost,br_racestep.c,491
0x10062850,glide,BrRaceEntrantCountSet,br_racestart.c,101
0x10063060,glide,BrCtrlCfgReadFile,br_cfgfile.c,135
0x100633E0,d3d,BrZeroRegions,slice3_40.c,379
0x10063860,glide,BrBaseDirInit,br_basedir.c,28
0x10063CA0,glide,Br63CapsGather,slice5_63.c,446
0x10065630,d3d,BrCarInitTables,slice3_40.c,402
0x10065710,d3d,BrCarClear29C8,slice3_40.c,454
0x10065B20,d3d,BrPathWalk,slice3_40.c,496
0x100664F0,glide,BrCrCorner,br_collresp.c,341
0x10066620,d3d,BrRankCmpKey,slice3_41.c,52
0x10066AA0,glide,BrCrTest,br_collresp.c,694
0x10067880,d3d,BrVarSave,slice3_41.c,115
0x10067900,d3d,BrVarLoad,slice3_41.c,141
0x10067AE0,d3d,BrSndDoppler,slice3_41.c,158
0x10067BC0,d3d,BrSndPan,slice3_41.c,188
0x10067DA0,d3d,BrSndNearestInvalidate,slice3_41.c,263
0x10067DC0,d3d,BrSndNearestReset,slice3_41.c,273
0x10067E50,d3d,BrSndNearestOffer,slice3_41.c,302
0x10068210,d3d,BrSndNearestOfferDefault,slice3_41.c,324
0x10069490,d3d,BrSub_10069490,slice5_62.c,389
0x100694E0,d3d,BrPool16Alloc,slice3_41.c,371
0x10069580,d3d,BrGfx69580,slice3_41.c,384
0x100695D0,d3d,BrSub100695D0,slice6_74.c,348
0x10069A60,d3d,BrCtrlCfgInitGlobal,slice3_42.c,243
0x10069A90,d3d,BrCtrlCfgCtor,slice3_42.c,235
0x10069AA0,d3d,BrCtrlCfgLoadDefaults,slice3_42.c,297
0x10069B10,d3d,BrCtrlCfgAssign,slice3_42.c,305
0x10069BC0,d3d,BrFn10069BC0,slice3_42.c,340
0x10069C30,d3d,BrFn10069C30,slice3_42.c,350
0x10069C90,d3d,BrCtrlCfgInit,slice3_42.c,191
0x1006A4A0,d3d,BrExt_1006A4A0,slice6_76.c,176
0x1006AA50,d3d,BrReplayReset,slice3_42.c,396
0x1006AAB0,d3d,BrReplayRecord,slice3_42.c,411
0x1006AB20,d3d,BrReplayAdvance,slice3_42.c,438
0x1006ABB0,d3d,BrReplayRewind,slice3_42.c,464
0x1006ABD0,d3d,BrReplayApply,slice3_42.c,473
0x1006ACF0,d3d,BrReplayApplyCar,slice3_42.c,518
0x1006AD10,d3d,BrReplaySeek,slice3_42.c,525
0x1006B170,d3d,BrRbSolveAccel,slice3_42.c,713
0x1006B260,d3d,BrRbAccumAll,slice3_42.c,746
0x1006B340,d3d,BrRbVelAtBodyPointXY,slice3_42.c,811
0x1006B430,d3d,BrRbVelAtBodyPoint,slice3_42.c,802
0x1006B510,d3d,BrRbVelAtPoint,slice3_42.c,794
0x1006B6C0,glide,br_ftol32,br_sfx.c,275
0x1006B880,glide,br_ftol64,br_sfx.c,263
0x1006C790,glide,BrFontRegisterPages,br_font.c,382
0x1006D1A0,glide,BrStrResLoad,br_strres.c,46
0x1006D2A0,glide,BrStrResFree,br_strres.c,138
0x1006D600,glide,BrCpIntegrateVelocity,br_carphys.c,87
0x10070370,glide,BrOnActivate,br_input.c,134
0x100709A0,d3d,BrMenuSub100709A0,slice4_52.c,191
0x10071550,d3d,BrSub10071550,slice6_73.c,1167
0x10072580,d3d,BrX10072580,slice6_76.c,415
0x10072AF0,d3d,BrSub10072AF0,slice4_50.c,114
0x10073820,d3d,BrFontRegisterGlyphs,br_font.c,394
0x10073A10,d3d,BrAlphaRampBuild,slice1_09.c,374
0x10073B60,d3d,BrBitStreamInit,slice1_09.c,45
0x10073B80,d3d,BrObjClear,br_obj.c,6
0x10073BA0,d3d,BrBitStreamSkipBytes,slice1_09.c,56
0x10073BC0,d3d,BrBitStreamReadU8,slice1_09.c,68
0x10073BE0,d3d,BrBitStreamReadU16,slice1_09.c,79
0x10073C10,d3d,BrBitStreamReadU24,slice1_09.c,92
0x10073C40,d3d,BrBitStreamReadS32,slice1_09.c,113
0x10073C90,d3d,BrBitReaderRead,slice6_74.c,282
0x10073D20,d3d,BrBitStreamAlignRead,slice1_09.c,23
0x10073D40,d3d,BrBitStreamAtEnd,slice1_09.c,188
0x10073D60,d3d,BrBitStreamWriteU8,slice1_09.c,198
0x10073DC0,d3d,BrBitStreamWriteU24,slice1_09.c,207
0x10073E10,d3d,BrBitStreamWriteU32,slice1_09.c,220
0x10073F20,d3d,BrBitStreamAlignWrite,slice1_09.c,33
0x10073F40,d3d,BrCountedTotal,br_state.c,22
0x10074030,d3d,BrStrGet,slice4_52.c,44
0x100741B0,d3d,BrVec4Normalise,slice1_09.c,255
0x10074250,d3d,BrVec3Normalise,slice1_09.c,243
0x100742D0,d3d,BrRbQuatDerivative,slice3_44.c,280
0x100743A0,d3d,BrRbIntegrateVelocity,slice3_44.c,302
0x10074450,d3d,BrRbBuildMatrix,slice3_44.c,335
0x100745F0,d3d,BrRbIntegrateState,slice3_44.c,314
0x100746E0,d3d,BrX100746E0,slice3_44.c,437
0x100747C0,d3d,BrMat4TransformPoint,slice1_09.c,273
0x10074830,d3d,BrMat3MulVec3,slice3_44.c,44
0x10074870,d3d,BrRbInitInertia,slice3_44.c,381
0x100749D0,d3d,BrMat3Skew,slice3_44.c,83
0x10074A10,d3d,BrMat4ToMat3Both,slice3_44.c,171
0x10074A50,d3d,BrMat4ToMat3Transposed,slice3_44.c,160
0x10074A90,d3d,BrMat4ToMat3,slice3_44.c,149
0x10074AC0,d3d,BrMat3Mul,slice3_44.c,65
0x10074B20,d3d,BrMat3Sub,slice3_44.c,187
0x10074E00,d3d,BrSub10074E00,slice3_44.c,457
0x10074E20,d3d,BrSub10074E20,slice3_44.c,467
0x10075020,d3d,BrSub10075020,slice4_50.c,397
0x10075100,d3d,BrTimeUpdate,slice1_09.c,418
0x10075190,d3d,br86_timer_restart,slice8_86.c,344
0x10075240,d3d,br86_timer_end_period,slice8_86.c,387
0x10075330,d3d,BrGbiCall10075330,slice5_63.c,156
0x10075340,d3d,BrMat4SetLastColumn,slice3_44.c,217
0x100764C0,d3d,BrEntSetHeading,slice3_45.c,240
0x10076700,d3d,BrEntSetMatrix,slice3_45.c,302
0x100767A0,d3d,BrEntSetVel,slice3_45.c,315
0x10076820,d3d,BrEntSetOrientation,slice3_45.c,336
0x100769A0,d3d,BrEntSetAngVel,slice3_45.c,372
0x10076A00,d3d,BrEntRefreshColour,slice3_45.c,389
0x10076A40,d3d,BrEntSetRecord,slice3_45.c,397
0x10076AE0,d3d,BrEntitySetIndex,slice1_09.c,314
0x10076B20,d3d,BrEntReset,slice3_45.c,416
0x10076C90,d3d,BrEntityBindAux,slice1_09.c,344
0x100771B0,d3d,BrDikGetDeviceState,slice6_72.c,172
0x100773D0,d3d,BrDiAcquire,slice3_45.c,643
0x10078420,d3d,BrInputIsDown,slice3_45.c,510
0x100786E0,d3d,BrInputJustPressed,slice3_45.c,558
0x10078BC0,d3d,BrDiKeyboardShutdown,slice3_45.c,655
0x10078C30,d3d,BrDiSetPropRange,slice3_45.c,680
0x10078C80,d3d,BrDiSetPropDword,slice3_45.c,697
0x10078E10,d3d,BrFfbSetDirection,slice3_45.c,736
0x10078E50,d3d,BrFfbSetDurationLong,slice3_45.c,745
0x10078E90,d3d,BrFfbSetDurationShort,slice3_45.c,754
0x10078ED0,d3d,BrFfbCommitDuration,slice3_45.c,763
0x10078F20,d3d,BrFfbUpdateSpring,slice3_45.c,799
0x100790B0,d3d,BrFfbSetSpringCoeff,slice3_45.c,782
0x100790E0,d3d,BrFfbEnumDevice,slice3_45.c,949
0x100791D0,d3d,BrFfbInit,slice3_45.c,994
0x10079390,d3d,BrFfbSetup,slice3_45.c,881
0x10079550,d3d,BrExt_10079550,slice6_76.c,200
0x100795D0,d3d,BrFfbReprobe,slice6_77.c,33
0x1007AC00,d3d,BrExt_1007AC00,slice5_63.c,174
0x1007C830,d3d,BrSprintf,slice4_50.c,93
0x1007C8A0,d3d,BrFtol,slice1_02.c,27
0x1007F240,d3d,BrStrUpr,slice2_24.c,80
0x1008C000,d3d,BrItoa,slice7_82.c,43
0x1008C320,d3d,br_stricmp_1008C320,slice8_85.c,385
