va,size,class,name
0x10001000,296,shared,
0x10001130,9,backend,
0x10001140,23,backend,
0x10001160,27,backend,
0x10001180,8,backend,
0x10001190,82,backend,
0x100011F0,977,shared,
0x100015D0,399,shared,
0x10001760,302,shared,
0x10001890,210,shared,
0x10001970,85,shared,
0x100019D0,1567,shared,
0x10001FF0,201,shared,
0x100020C0,7,backend,
0x100020D0,105,shared,
0x10002140,252,shared,
0x10002240,7,backend,
0x10002250,7,backend,
0x10002260,471,shared,
0x10002440,56,shared,
0x10002480,144,backend,
0x10002510,60,shared,
0x10002550,109,shared,
0x100025C0,37,shared,
0x100025F0,110,shared,
0x10002660,352,shared,
0x100027C0,37,shared,
0x100027F0,122,shared,
0x10002870,88,shared,
0x100028D0,62,backend,
0x10002910,19,shared,
0x10002930,61,shared,
0x10002970,61,shared,
0x100029B0,64,shared,
0x100029F0,37,shared,
0x10002A20,90,shared,
0x10002A80,86,shared,
0x10002AE0,94,shared,
0x10002B40,48,shared,
0x10002B70,86,shared,
0x10002BD0,86,shared,
0x10002C30,180,shared,
0x10002CF0,233,shared,
0x10002DE0,170,shared,
0x10002E90,94,shared,
0x10002EF0,66,shared,
0x10002F40,66,shared,
0x10002F90,68,backend,
0x10002FE0,255,backend,CHK_FReadOpen
0x100030E0,137,shared,
0x10003170,105,shared,
0x100031E0,163,backend,
0x10003290,144,backend,
0x10003320,101,shared,
0x10003390,94,shared,
0x100033F0,108,shared,
0x10003460,56,shared,
0x100034A0,136,shared,
0x10003530,77,shared,
0x10003580,3792,backend,
0x10004450,312,backend,
0x10004590,309,shared,
0x100046D0,136,shared,
0x10004760,363,backend,
0x100048D0,59,shared,
0x10004910,167,shared,
0x100049C0,65,shared,
0x10004A10,60,shared,
0x10004A50,60,shared,
0x10004A90,287,shared,
0x10004BB0,43,shared,
0x10004BE0,52,shared,
0x10004C20,52,shared,
0x10004C60,360,shared,
0x10004DD0,122,shared,
0x10004E50,368,shared,
0x10004FC0,194,shared,
0x10005090,153,shared,
0x10005130,691,shared,
0x100053F0,118,shared,
0x10005470,33,shared,
0x100054A0,1070,shared,
0x100058D0,47,shared,
0x10005900,47,shared,
0x10005930,47,shared,
0x10005960,430,shared,
0x10005B10,205,shared,
0x10005BE0,264,shared,
0x10005CF0,60,shared,
0x10005D30,6,backend,
0x10005D40,74,shared,
0x10005D90,74,shared,
0x10005DE0,96,shared,
0x10005E40,43,shared,
0x10005E70,97,shared,
0x10005EE0,93,shared,
0x10005F40,78,shared,
0x10005F90,66,shared,
0x10005FE0,168,shared,
0x10006090,38,shared,
0x100060C0,38,shared,
0x100060F0,100,shared,
0x10006160,51,shared,
0x100061A0,1018,shared,
0x100065A0,56,shared,
0x100065E0,60,shared,
0x10006620,54,shared,
0x10006660,58,shared,
0x100066A0,62,shared,
0x100066E0,77,shared,
0x10006730,60,shared,
0x10006770,60,shared,
0x100067B0,60,shared,
0x100067F0,56,shared,
0x10006830,925,shared,
0x10006BD0,738,shared,
0x10006EC0,901,shared,
0x10007250,48,shared,
0x10007280,20,shared,
0x100072A0,24,shared,
0x100072C0,30,shared,
0x100072E0,44,shared,
0x10007310,33,shared,
0x10007340,51,shared,
0x10007380,20,shared,
0x100073A0,20,shared,
0x100073C0,20,shared,
0x100073E0,845,shared,
0x10007730,680,shared,
0x100079E0,291,shared,
0x10007B10,129,shared,
0x10007BA0,36,shared,
0x10007BD0,2541,backend,
0x100085C0,30,shared,
0x100085E0,14,backend,
0x100085F0,118,backend,CleanupName
0x10008670,213,shared,
0x10008750,37,shared,GetNumForName
0x10008780,45,shared,GetPodLength
0x100087B0,83,shared,ReadPod
0x10008810,64,shared,LoadPod__0
0x10008850,49,shared,LoadPod__1
0x10008890,25,shared,
0x100088B0,32,shared,
0x100088D0,146,shared,
0x10008970,79,shared,
0x100089C0,55,shared,
0x10008A00,156,shared,Add
0x10008AA0,157,shared,
0x10008B40,47,shared,
0x10008B70,3,backend,
0x10008B80,1,backend,
0x10008B90,74,shared,
0x10008BE0,64,shared,
0x10008C20,64,shared,
0x10008C60,47,shared,
0x10008C90,47,shared,
0x10008CC0,43,shared,
0x10008CF0,159,shared,
0x10008D90,86,backend,
0x10008DF0,59,backend,
0x10008E30,1093,backend,
0x10009275,235,backend,
0x10009360,727,backend,
0x10009640,29,backend,
0x10009660,452,backend,
0x10009830,40,backend,
0x10009860,20,backend,
0x10009880,18,backend,
0x100098A0,420,backend,
0x10009A50,120,backend,
0x10009AD0,253,backend,
0x10009BD0,98,backend,
0x10009C40,492,backend,
0x10009E30,111,backend,
0x10009EA0,35,backend,
0x10009ED0,327,backend,
0x1000A020,134,backend,
0x1000A0B0,70,backend,
0x1000A100,100,backend,
0x1000A170,25,backend,
0x1000A190,33,backend,
0x1000A1C0,30,backend,
0x1000A1E0,222,backend,
0x1000A2C0,141,backend,
0x1000A350,53,backend,
0x1000A390,225,backend,
0x1000A480,178,backend,
0x1000A540,74,backend,
0x1000A590,55,backend,
0x1000A5D0,558,backend,
0x1000A800,25,backend,
0x1000A820,128,backend,
0x1000A8A0,36,backend,
0x1000A8D0,577,backend,
0x1000AB20,68,backend,
0x1000AB70,511,backend,
0x1000AD70,114,backend,
0x1000ADF0,174,backend,
0x1000AEA0,81,backend,
0x1000AF00,166,backend,
0x1000AFB0,411,backend,
0x1000B150,28,backend,
0x1000B170,125,backend,
0x1000B1F0,34,backend,
0x1000B220,81,backend,
0x1000B280,59,backend,
0x1000B2C0,133,backend,
0x1000B350,52,backend,
0x1000B390,316,backend,
0x1000B4D0,428,backend,
0x1000B680,269,backend,
0x1000B790,132,backend,
0x1000B820,275,backend,
0x1000B940,255,backend,
0x1000BA40,48,backend,
0x1000BA70,114,shared,
0x1000BAF0,908,shared,APPMSG_HOSTSTARTED
0x1000BE7C,36,backend,
0x1000BEA0,343,shared,
0x1000C000,116,shared,
0x1000C074,239,backend,
0x1000C170,468,shared,
0x1000C350,236,shared,
0x1000C440,93,shared,
0x1000C4A0,46,shared,
0x1000C4D0,64,shared,
0x1000C510,178,shared,
0x1000C5D0,146,shared,
0x1000C670,85,shared,
0x1000C6D0,11,backend,
0x1000C6E0,932,shared,
0x1000CA90,322,shared,
0x1000CBE0,7524,backend,
0x1000E950,1576,shared,
0x1000EF80,1246,shared,
0x1000F460,28,shared,
0x1000F480,308,shared,
0x1000F5C0,96,shared,
0x1000F620,29,shared,
0x1000F640,3971,shared,
0x100105C4,208,backend,
0x100106A0,702,shared,
0x10010960,8,backend,
0x10010970,14,shared,
0x10010980,8,backend,
0x10010990,14,shared,
0x100109A0,347,shared,
0x10010B00,231,shared,
0x10010BF0,287,shared,
0x10010D10,121,shared,
0x10010D90,39,shared,
0x10010DC0,1991,shared,
0x10011590,9329,backend,
0x10013A10,47,shared,
0x10013A40,843,shared,
0x10013D90,846,shared,
0x100140E0,847,shared,
0x10014430,30,backend,
0x10014450,837,shared,
0x100147A0,5,backend,
0x100147B0,383,shared,
0x10014930,252,shared,
0x10014A30,4500,backend,
0x10015BD0,160,shared,
0x10015C70,3019,backend,
0x1001683B,198,backend,
0x10016910,128,shared,
0x10016990,20,shared,
0x100169B0,157,shared,
0x10016A50,6,backend,
0x10016A60,217,shared,
0x10016B40,1703,shared,
0x100171F0,159,shared,
0x10017290,238,shared,
0x1001737E,102,backend,
0x100173F0,665,backend,
0x10017690,164,shared,
0x10017740,1,backend,
0x10017741,39,backend,
0x10017768,31,backend,
0x10017790,246,shared,
0x10017890,1000,backend,
0x10017C80,79,shared,
0x10017CD0,190,shared,
0x10017D90,401,shared,
0x10017F30,163,shared,
0x10017FE0,144,shared,
0x10018070,54,shared,
0x100180B0,1239,shared,
0x10018590,2992,backend,
0x10019140,254,backend,
0x10019240,8,backend,
0x10019250,8,backend,
0x10019260,8,backend,
0x10019270,8,backend,
0x10019280,8,backend,
0x10019290,8,backend,
0x100192A0,69,shared,
0x100192F0,10,backend,
0x10019300,180,shared,
0x100193C0,207,backend,
0x10019490,75,shared,
0x100194E0,306,shared,
0x10019620,174,shared,
0x100196D0,1142,shared,
0x10019B50,2389,backend,
0x1001A4B0,31,shared,
0x1001A4D0,121,backend,
0x1001A550,29,backend,
0x1001A570,93,backend,
0x1001A5D0,63,backend,
0x1001A610,208,backend,
0x1001A6E0,168,backend,
0x1001A790,217,backend,
0x1001A870,77,backend,
0x1001A8C0,136,backend,
0x1001A950,56,backend,
0x1001A990,224,backend,
0x1001AA70,133,backend,
0x1001AB00,133,backend,
0x1001AB90,208,backend,
0x1001AC60,32,backend,
0x1001AC80,109,backend,
0x1001ACF0,81,backend,
0x1001AD50,51,backend,
0x1001AD90,11,backend,
0x1001ADA0,51,backend,
0x1001ADE0,244,backend,
0x1001AEE0,64,backend,
0x1001AF20,131,backend,
0x1001AFB0,119,backend,
0x1001B030,85,backend,
0x1001B090,488,backend,
0x1001B280,77,backend,
0x1001B2D0,65,backend,
0x1001B320,135,backend,
0x1001B3B0,114,backend,
0x1001B430,85,backend,
0x1001B490,127,backend,
0x1001B510,131,backend,
0x1001B5A0,135,backend,
0x1001B630,94,backend,
0x1001B690,291,backend,
0x1001B7C0,191,backend,
0x1001B880,210,backend,
0x1001B960,12,backend,
0x1001B970,43,backend,
0x1001B9A0,109,backend,
0x1001BA10,86,backend,
0x1001BA70,92,backend,
0x1001BAD0,11,backend,
0x1001BAE0,26,backend,
0x1001BB00,125,backend,
0x1001BB80,27,shared,
0x1001BBA0,27,shared,
0x1001BBC0,43,shared,
0x1001BBF0,45,backend,
0x1001BC20,43,shared,
0x1001BC50,43,shared,
0x1001BC80,5,backend,
0x1001BC90,213,backend,
0x1001BD70,149,backend,
0x1001BE10,32,shared,
0x1001BE30,96,shared,
0x1001BE90,1934,backend,
0x1001C620,28,backend,
0x1001C640,72,backend,
0x1001C690,257,backend,
0x1001C7A0,73,shared,
0x1001C7F0,36,shared,
0x1001C820,488,backend,
0x1001CA10,126,backend,
0x1001CA90,176,backend,
0x1001CB40,183,shared,
0x1001CC00,110,shared,
0x1001CC70,40,backend,
0x1001CCA0,183,shared,
0x1001CD60,17,shared,
0x1001CD80,17,shared,
0x1001CDA0,197,backend,
0x1001CE70,191,backend,
0x1001CF30,178,shared,
0x1001CFF0,934,backend,
0x1001D3A0,117,backend,
0x1001D420,1008,backend,
0x1001D810,303,shared,
0x1001D940,170,shared,
0x1001D9F0,311,shared,
0x1001DB30,311,shared,
0x1001DC70,311,shared,
0x1001DDB0,311,shared,
0x1001DEF0,311,shared,
0x1001E030,311,shared,
0x1001E170,823,backend,
0x1001E4B0,33,backend,
0x1001E4E0,236,backend,
0x1001E5D0,439,backend,
0x1001E790,37,shared,
0x1001E7C0,441,backend,
0x1001E980,671,backend,
0x1001EC20,643,backend,
0x1001EEB0,1021,backend,
0x1001F2B0,671,backend,
0x1001F550,643,backend,
0x1001F7E0,1014,backend,
0x1001FBE0,934,backend,
0x1001FF90,1001,backend,
0x10020380,620,backend,
0x100205F0,620,backend,
0x10020860,823,backend,
0x10020BA0,439,backend,
0x10020D60,60,shared,
0x10020DA0,26,shared,
0x10020DC0,296,shared,
0x10020EF0,35,shared,
0x10020F20,33,shared,
0x10020F50,43,shared,
0x10020F80,27,shared,
0x10020FA0,1392,backend,
0x10021510,79,shared,
0x10021560,1567,backend,
0x10021B80,75,shared,
0x10021BD0,682,backend,
0x10021E80,1097,backend,
0x100222D0,119,backend,
0x10022350,301,shared,
0x10022480,1133,backend,
0x100228F0,1223,backend,
0x10022DC0,162,shared,
0x10022E70,856,backend,
0x100231D0,1223,backend,
0x100236A0,874,backend,
0x10023A10,681,backend,
0x10023CC0,1168,backend,
0x10024150,152,shared,
0x100241E8,83,backend,
0x10024240,27,shared,
0x10024260,138,backend,
0x100242F0,187,shared,
0x100243AC,33,backend,
0x100243D0,8,backend,
0x100243E0,113,backend,
0x10024460,120,backend,
0x100244E0,98,backend,
0x10024550,756,backend,
0x10024850,562,backend,
0x10024A90,29,shared,
0x10024AB0,46,backend,
0x10024AE0,114,backend,
0x10024B60,79,backend,AppendTexture
0x10024BB0,56,backend,
0x10024BF0,1443,backend,
0x100251A0,430,shared,
0x10025350,416,backend,
0x100254F0,765,backend,
0x100257F0,6,backend,
0x10025800,35,backend,
0x10025830,640,backend,
0x10025AB0,8288,backend,
0x10027B10,116,backend,
0x10027B90,97,shared,
0x10027C00,96,shared,
0x10027C60,1432,backend,
0x10028200,333,shared,
0x10028350,330,backend,TIDFromTextureAppend
0x100284A0,386,backend,
0x10028630,235,shared,
0x10028720,320,shared,
0x10028860,421,backend,
0x10028A10,263,backend,
0x10028B20,203,backend,
0x10028BF0,124,shared,
0x10028C70,39,shared,
0x10028CA0,349,backend,
0x10028E00,105,backend,
0x10028E70,483,backend,
0x10029060,50,backend,
0x100290A0,53,backend,
0x100290E0,476,shared,
0x100292BC,326,backend,
0x10029410,92,shared,
0x10029470,2452,backend,
0x10029E10,69,backend,
0x10029E60,19,shared,
0x10029E80,33,shared,
0x10029EB0,83,shared,
0x10029F10,109,shared,
0x10029F80,20,shared,
0x10029FA0,94,shared,
0x1002A000,25,shared,
0x1002A020,26,shared,
0x1002A040,244,shared,
0x1002A140,91,shared,
0x1002A1A0,107,shared,
0x1002A210,55,shared,
0x1002A250,47,shared,
0x1002A280,196,shared,
0x1002A350,212,backend,
0x1002A430,358,backend,
0x1002A5A0,154,backend,
0x1002A640,253,backend,
0x1002A740,91,shared,
0x1002A7A0,243,backend,
0x1002A8A0,1306,shared,
0x1002ADC0,211,backend,
0x1002AEA0,25,shared,
0x1002AEC0,39,shared,
0x1002AEF0,21,backend,
0x1002AF10,529,shared,
0x1002B130,142,shared,
0x1002B1C0,93,shared,
0x1002B220,93,shared,
0x1002B280,18,shared,
0x1002B2A0,37,shared,
0x1002B2D0,37,shared,
0x1002B300,56,shared,
0x1002B340,803,shared,
0x1002B670,685,shared,
0x1002B920,9,backend,
0x1002B930,20,shared,
0x1002B950,21,backend,
0x1002B970,43,shared,
0x1002B9A0,25,shared,
0x1002B9C0,13,shared,
0x1002B9D0,10,backend,
0x1002B9E0,29,shared,
0x1002BA00,32,shared,
0x1002BA20,51,shared,
0x1002BA60,32,shared,
0x1002BA80,32,shared,
0x1002BAA0,493,shared,
0x1002BC90,180,shared,
0x1002BD50,114,shared,
0x1002BDD0,89,shared,
0x1002BE30,203,shared,
0x1002BF00,58,shared,
0x1002BF40,60,shared,
0x1002BF80,458,backend,
0x1002C150,61,shared,
0x1002C190,29,shared,
0x1002C1B0,51,shared,
0x1002C1F0,30,shared,
0x1002C210,117,shared,
0x1002C290,10,backend,
0x1002C2A0,30,shared,
0x1002C2C0,10,backend,
0x1002C2D0,71,shared,
0x1002C320,98,shared,
0x1002C390,34,shared,
0x1002C3C0,78,backend,
0x1002C410,31,shared,
0x1002C430,106,shared,
0x1002C4A0,44,shared,
0x1002C4D0,35,shared,
0x1002C500,11312,backend,
0x1002F130,251,shared,
0x1002F230,112,shared,
0x1002F2A0,128,shared,
0x1002F320,312,shared,
0x1002F460,96,shared,
0x1002F4C0,104,backend,
0x1002F528,189,backend,
0x1002F5E5,157,backend,
0x1002F690,606,backend,
0x1002F8F0,12,backend,
0x1002F900,440,shared,
0x1002FAC0,43,shared,
0x1002FAF0,33,shared,
0x1002FB20,1768,shared,
0x10030210,924,shared,
0x100305B0,55,shared,
0x100305F0,16,shared,
0x10030600,55,shared,
0x10030640,37,shared,
0x10030670,65,shared,
0x100306C0,224,shared,
0x100307A0,47,shared,
0x100307D0,59,shared,
0x10030810,287,shared,
0x10030930,106,shared,
0x100309A0,427,shared,
0x10030B50,645,shared,
0x10030DE0,56,shared,
0x10030E20,186,shared,
0x10030EE0,514,shared,
0x100310F0,70,shared,
0x10031140,71,shared,
0x10031190,151,shared,
0x10031227,91,shared,
0x10031282,10,shared,
0x1003128C,27,shared,
0x100312A7,20,shared,
0x100312BB,135,shared,
0x10031342,319,shared,
0x10031481,93,shared,
0x100314DE,5,backend,
0x100314E3,5,backend,
0x100314E8,416,shared,
0x10031688,478,shared,
0x10031866,1241,shared,
0x10031D3F,144,shared,
0x10031DCF,1303,shared,
0x100322E6,1421,shared,
0x10032873,44,shared,
0x1003289F,419,shared,
0x10032A42,502,shared,
0x10032C38,442,shared,
0x10032DF2,102,shared,
0x10032E58,5,backend,
0x10032E5D,930,shared,
0x100331FF,655,shared,
0x1003348E,10,shared,
0x10033498,63,shared,
0x100334D7,681,shared,
0x10033780,46,shared,
0x100337AE,59,shared,
0x100337E9,79,shared,
0x10033838,1145,shared,
0x10033CB1,466,shared,
0x10033E83,506,shared,
0x1003407D,310,shared,
0x100341B3,39,shared,
0x100341DA,8,backend,
0x100341E2,539,shared,
0x100343FD,93,backend,
0x1003445A,549,shared,
0x1003467F,106,shared,
0x100346E9,209,shared,
0x100347BA,88,shared,
0x10034812,627,shared,
0x10034A85,5,backend,
0x10034A8A,424,backend,
0x10034C32,31,shared,
0x10034C51,21,shared,
0x10034C66,13,shared,
0x10034C73,11,shared,
0x10034C7E,5,backend,
0x10034C83,158,shared,
0x10034D21,534,shared,
0x10034F37,297,shared,
0x10035060,142,shared,
0x100350EE,1069,shared,
0x1003551B,5,backend,
0x10035520,101,shared,
0x10035585,118,shared,
0x100355FB,63,shared,
0x1003563A,1389,shared,
0x10035BA7,19,shared,
0x10035BBA,23,shared,
0x10035BD1,153,backend,
0x10035C70,39,shared,
0x10035CA0,49,shared,
0x10035CE0,690,shared,
0x10035FA0,31,shared,
0x10035FC0,21,shared,
0x10035FE0,59,shared,
0x10036020,11,backend,
0x10036030,185,shared,
0x100360F0,2773,shared,
0x10036BD0,47,shared,
0x10036C00,1062,shared,
0x10037030,51,shared,
0x10037070,84,shared,
0x100370D0,1641,shared,
0x10037740,338,shared,
0x100378A0,11,backend,
0x100378B0,127,shared,
0x10037930,83,shared,
0x10037990,252,backend,
0x10037A90,116,shared,
0x10037B10,764,shared,
0x10037E10,398,shared,
0x10037FA0,58,shared,
0x10037FE0,43,shared,
0x10038010,563,shared,
0x10038250,76,shared,
0x100382A0,217,shared,
0x10038380,64,shared,
0x100383C0,75,shared,
0x10038410,52,shared,
0x10038450,188,shared,
0x10038510,1549,shared,
0x10038B20,368,shared,
0x10038C90,32,backend,
0x10038CB0,461,shared,
0x10038E80,10,backend,
0x10038E90,30,shared,
0x10038EB0,10,backend,
0x10038EC0,103,backend,
0x10038F30,195,shared,
0x10039000,32,shared,
0x10039020,469,shared,
0x10039200,1464,shared,
0x100397C0,1877,backend,
0x10039F20,726,shared,
0x1003A200,315,shared,
0x1003A340,398,shared,
0x1003A4D0,92,shared,
0x1003A530,219,shared,
0x1003A610,67,shared,
0x1003A660,73,shared,
0x1003A6B0,601,shared,
0x1003A910,55,shared,
0x1003A950,55,shared,
0x1003A990,657,shared,
0x1003AC30,83,shared,
0x1003AC90,37,shared,
0x1003ACC0,31,shared,
0x1003ACE0,37,shared,
0x1003AD10,43,shared,
0x1003AD40,43,shared,
0x1003AD70,45,shared,
0x1003ADA0,168,shared,
0x1003AE50,141,shared,
0x1003AEE0,37,shared,
0x1003AF10,35,shared,
0x1003AF40,37,shared,
0x1003AF70,33,shared,
0x1003AFA0,57,shared,
0x1003AFE0,49,shared,
0x1003B020,45,shared,
0x1003B050,55,shared,
0x1003B090,15,shared,
0x1003B0A0,55,shared,
0x1003B0E0,75,shared,
0x1003B130,63,shared,
0x1003B170,65,shared,
0x1003B1C0,46,shared,
0x1003B1F0,172,backend,
0x1003B2A0,157,shared,
0x1003B340,163,backend,
0x1003B3F0,115,shared,
0x1003B470,126,shared,
0x1003B4F0,696,shared,
0x1003B7B0,393,shared,
0x1003B940,295,shared,
0x1003BA70,544,shared,
0x1003BC90,176,shared,
0x1003BD40,10,backend,
0x1003BD50,527,shared,
0x1003BF60,111,shared,
0x1003BFD0,78,shared,
0x1003C020,294,shared,
0x1003C150,135,shared,
0x1003C1E0,71,shared,
0x1003C230,47,shared,
0x1003C260,319,shared,
0x1003C3A0,134,shared,
0x1003C430,231,shared,
0x1003C520,46,shared,
0x1003C550,108,shared,
0x1003C5C0,383,shared,
0x1003C740,615,shared,
0x1003C9B0,53,shared,
0x1003C9F0,123,shared,
0x1003CA70,33,shared,
0x1003CAA0,103,shared,
0x1003CB10,120,shared,
0x1003CB90,224,shared,
0x1003CC70,289,shared,
0x1003CDA0,212,shared,
0x1003CE80,311,shared,
0x1003CFC0,30,shared,
0x1003CFE0,68,shared,
0x1003D030,55,shared,
0x1003D070,53,shared,
0x1003D0B0,127,shared,
0x1003D130,71,shared,
0x1003D180,142,shared,
0x1003D210,389,shared,
0x1003D3A0,218,backend,
0x1003D480,805,shared,
0x1003D7B0,158,shared,
0x1003D850,65,shared,
0x1003D8A0,161,shared,
0x1003D950,77,shared,
0x1003D9A0,77,shared,
0x1003D9F0,69,shared,
0x1003DA40,77,shared,
0x1003DA90,67,shared,
0x1003DAE0,28,shared,
0x1003DB00,67,shared,
0x1003DB50,108,shared,
0x1003DBC0,78,shared,
0x1003DC10,933,shared,
0x1003DFC0,66,shared,
0x1003E010,33,shared,
0x1003E040,33,shared,
0x1003E070,10,backend,
0x1003E080,90,shared,
0x1003E0E0,25,shared,
0x1003E100,202,shared,
0x1003E1D0,68,shared,
0x1003E220,50,backend,
0x1003E260,84,shared,
0x1003E2C0,69,backend,
0x1003E310,137,shared,
0x1003E3A0,362,shared,
0x1003E510,368,shared,
0x1003E680,287,backend,
0x1003E7A0,148,shared,
0x1003E840,100,shared,
0x1003E8B0,11,backend,
0x1003E8C0,13,backend,
0x1003E8D0,72,shared,
0x1003E920,35,shared,
0x1003E950,43,shared,
0x1003E980,92,shared,
0x1003E9E0,92,shared,
0x1003EA40,78,shared,
0x1003EA90,73,shared,
0x1003EAE0,40,shared,
0x1003EB10,74,shared,
0x1003EB60,40,shared,
0x1003EB90,40,shared,
0x1003EBC0,31,shared,
0x1003EBE0,72,shared,
0x1003EC30,74,shared,
0x1003EC80,40,shared,
0x1003ECB0,91,backend,
0x1003ED10,40,shared,
0x1003ED40,161,backend,
0x1003EDF0,40,shared,
0x1003EE20,48,shared,
0x1003EE50,153,shared,
0x1003EEF0,106,shared,
0x1003EF60,39,shared,
0x1003EF90,143,shared,
0x1003F020,39,shared,
0x1003F050,81,shared,
0x1003F0B0,81,shared,
0x1003F110,81,shared,
0x1003F170,147,shared,
0x1003F210,106,shared,
0x1003F280,39,shared,
0x1003F2B0,112,shared,
0x1003F320,285,shared,
0x1003F440,200,shared,
0x1003F508,44,backend,
0x1003F540,156,shared,
0x1003F5E0,131,shared,
0x1003F664,20,backend,
0x1003F680,131,shared,
0x1003F704,20,backend,
0x1003F720,61,shared,
0x1003F760,136,shared,
0x1003F7F0,100,shared,
0x1003F860,100,shared,
0x1003F8D0,180,shared,
0x1003F990,100,shared,
0x1003FA00,567,shared,
0x1003FC40,100,shared,
0x1003FCB0,113,shared,
0x1003FD30,100,shared,
0x1003FDA0,100,shared,
0x1003FE10,100,shared,
0x1003FE80,330,shared,
0x1003FFD0,100,shared,
0x10040040,136,shared,
0x100400C8,16,backend,
0x100400E0,563,shared,
0x10040314,16,backend,
0x10040330,277,shared,
0x10040450,540,shared,
0x1004066C,16,backend,
0x10040680,60,shared,
0x100406C0,108,shared,
0x10040730,98,shared,
0x100407A0,61,shared,
0x100407E0,129,shared,
0x10040870,30,shared,
0x10040890,30,shared,
0x100408B0,30,shared,
0x100408D0,90,shared,
0x10040930,30,shared,
0x10040950,64,shared,
0x10040990,30,shared,
0x100409B0,30,shared,
0x100409D0,30,shared,
0x100409F0,40,shared,
0x10040A20,42,shared,
0x10040A50,107,shared,
0x10040AC0,107,shared,
0x10040B30,196,shared,
0x10040C00,358,shared,
0x10040D70,358,shared,
0x10040EE0,339,shared,
0x10041040,320,shared,
0x10041180,320,shared,
0x100412C0,16,backend,
0x100412D0,11,backend,
0x100412E0,16,backend,
0x100412F0,16,backend,
0x10041300,163,shared,
0x100413B0,245,backend,
0x100414B0,236,shared,
0x100415A0,198,shared,
0x10041670,157,shared,
0x10041710,156,shared,
0x100417B0,180,shared,
0x10041870,30,shared,
0x10041890,62,shared,
0x100418D0,26,shared,
0x100418F0,62,shared,
0x10041930,51,shared,
0x10041970,90,shared,
0x100419D0,42,shared,
0x10041A00,179,shared,
0x10041AC0,144,shared,
0x10041B50,115,shared,
0x10041BD0,534,backend,
0x10041DF0,553,shared,
0x10042020,328,shared,
0x10042170,668,backend,
0x10042410,179,shared,
0x100424D0,144,shared,
0x10042560,468,shared,
0x10042740,306,shared,
0x10042880,527,shared,
0x10042A90,48,shared,
0x10042AC0,48,shared,
0x10042AF0,6,backend,
0x10042B00,48,shared,
0x10042B30,330,shared,
0x10042C80,99,shared,
0x10042CF0,99,shared,
0x10042D60,92,shared,
0x10042DC0,93,shared,
0x10042E20,93,shared,
0x10042E80,93,shared,
0x10042EE0,457,shared,
0x100430B0,206,shared,
0x10043180,210,shared,
0x10043260,201,shared,
0x10043330,201,shared,
0x10043400,178,shared,
0x100434C0,201,shared,
0x10043590,93,shared,
0x100435F0,93,shared,
0x10043650,93,shared,
0x100436B0,93,shared,
0x10043710,72,backend,
0x10043760,77,shared,
0x100437B0,32,shared,
0x100437D0,64,shared,
0x10043810,490,shared,
0x10043A00,491,shared,
0x10043BF0,59,backend,
0x10043C2B,160,backend,
0x10043CD0,201,shared,
0x10043DA0,201,shared,
0x10043E70,216,shared,
0x10043F50,66,shared,
0x10043FA0,30,shared,
0x10043FC0,66,shared,
0x10044010,29,shared,
0x10044030,29,shared,
0x10044050,29,shared,
0x10044070,29,shared,
0x10044090,29,shared,
0x100440B0,29,shared,
0x100440D0,201,shared,
0x100441A0,210,shared,
0x10044280,340,shared,
0x100443E0,222,shared,
0x100444C0,122,shared,
0x10044540,184,backend,
0x10044600,202,shared,
0x100446D0,254,shared,
0x100447D0,407,shared,
0x10044970,178,shared,
0x10044A30,170,shared,
0x10044AE0,85,shared,
0x10044B40,66,shared,
0x10044B90,214,shared,
0x10044C70,56,shared,
0x10044CB0,66,shared,
0x10044D00,221,shared,
0x10044DE0,56,shared,
0x10044E20,223,shared,
0x10044F00,66,shared,
0x10044F50,244,shared,
0x10045050,57,shared,
0x10045090,42,shared,
0x100450C0,47,shared,
0x100450F0,30,shared,
0x10045110,201,shared,
0x100451E0,214,shared,
0x100452C0,201,shared,
0x10045390,201,shared,
0x10045460,184,shared,
0x10045520,184,shared,
0x100455E0,201,shared,
0x100456B0,201,shared,
0x10045780,32,shared,
0x100457A0,32,shared,
0x100457C0,32,shared,
0x100457E0,32,shared,
0x10045800,32,shared,
0x10045820,32,shared,
0x10045840,32,shared,
0x10045860,32,shared,
0x10045880,32,shared,
0x100458A0,32,shared,
0x100458C0,32,shared,
0x100458E0,32,shared,
0x10045900,244,shared,
0x10045A00,147,backend,
0x10045AA0,72,shared,
0x10045AF0,201,shared,
0x10045BC0,201,shared,
0x10045C90,293,shared,
0x10045DC0,212,shared,
0x10045EA0,201,shared,
0x10045F70,293,shared,
0x100460A0,201,shared,
0x10046170,239,shared,
0x10046260,284,shared,
0x10046380,57,shared,
0x100463C0,56,shared,
0x10046400,74,shared,
0x10046450,66,shared,
0x100464A0,56,shared,
0x100464E0,56,shared,
0x10046520,56,shared,
0x10046560,61,shared,
0x100465A0,56,shared,
0x100465E0,56,shared,
0x10046620,66,shared,
0x10046670,66,shared,
0x100466C0,76,shared,
0x10046710,56,shared,
0x10046750,56,shared,
0x10046790,158,shared,
0x10046830,56,shared,
0x10046870,158,shared,
0x10046910,56,shared,
0x10046950,158,shared,
0x100469F0,56,shared,
0x10046A30,158,shared,
0x10046AD0,56,shared,
0x10046B10,158,shared,
0x10046BB0,56,shared,
0x10046BF0,158,shared,
0x10046C90,56,shared,
0x10046CD0,66,shared,
0x10046D20,66,shared,
0x10046D70,76,shared,
0x10046DC0,76,shared,
0x10046E10,146,shared,
0x10046EB0,158,shared,
0x10046F50,13,shared,
0x10046F60,90,shared,
0x10046FC0,13,shared,
0x10046FD0,119,shared,
0x10047050,13,shared,
0x10047060,56,shared,
0x100470A0,56,shared,
0x100470E0,56,shared,
0x10047120,132,shared,
0x100471B0,55,shared,
0x100471F0,32,shared,
0x10047210,63,shared,
0x10047250,63,shared,
0x10047290,161,shared,
0x10047340,32,shared,
0x10047360,251,shared,
0x1004745C,71,backend,
0x100474B0,19,shared,
0x100474D0,36,shared,
0x10047500,36,shared,
0x10047530,36,shared,
0x10047560,35,shared,
0x10047590,36,shared,
0x100475C0,36,shared,
0x100475F0,24,shared,
0x10047610,71,shared,
0x10047660,89,backend,
0x100476C0,478,shared,
0x100478A0,30,shared,
0x100478C0,97,shared,
0x10047930,79,shared,
0x10047980,65,shared,
0x100479D0,51,shared,
0x10047A10,68,shared,
0x10047A60,161,backend,
0x10047B01,426,backend,
0x10047CB0,48,shared,
0x10047CE0,38,shared,
0x10047D10,30,shared,
0x10047D30,373,shared,
0x10047EB0,247,shared,
0x10047FB0,92,shared,
0x10048010,70,shared,
0x10048060,52,shared,
0x100480A0,218,shared,
0x10048180,738,shared,
0x10048470,77,shared,
0x100484C0,30,shared,
0x100484E0,7,backend,
0x100484F0,64,shared,
0x10048530,468,shared,
0x10048710,310,backend,
0x10048850,30,shared,
0x10048870,63,shared,
0x100488B0,11,shared,
0x100488C0,160,shared,
0x10048960,60,backend,
0x100489A0,249,shared,
0x10048AA0,119,shared,
0x10048B20,1668,shared,
0x100491B0,2659,shared,
0x10049C20,794,shared,
0x10049F40,800,shared,
0x1004A260,800,shared,
0x1004A580,3746,shared,
0x1004B430,2439,shared,
0x1004BDC0,1749,shared,
0x1004C4A0,1565,shared,
0x1004CAC0,1834,shared,
0x1004D1F0,1092,backend,
0x1004D640,1210,shared,
0x1004DB00,1210,shared,
0x1004DFC0,2114,shared,
0x1004E810,24,shared,
0x1004E830,2679,shared,
0x1004F2B0,1091,shared,
0x1004F700,2387,shared,
0x10050060,2433,shared,
0x100509F0,3990,shared,
0x10051990,923,shared,
0x10051D30,760,shared,
0x10052030,3862,shared,
0x10052F50,3475,shared,
0x10053CF0,3669,shared,
0x10054B50,3394,shared,
0x100558A0,2877,shared,
0x100563E0,1570,shared,
0x10056A10,1498,shared,
0x10056FF0,1532,shared,
0x100575F0,1558,shared,
0x10057C10,2701,shared,
0x100586A0,35,shared,
0x100586D0,40,shared,
0x10058700,72,shared,
0x10058750,4109,shared,
0x10059760,1091,shared,
0x10059BB0,2863,shared,
0x1005A6E0,1932,shared,
0x1005AE70,304,shared,
0x1005AFA0,167,backend,
0x1005B050,77,shared,
0x1005B0A0,30,shared,
0x1005B0C0,7,backend,
0x1005B0D0,140,shared,
0x1005B160,153,shared,
0x1005B200,80,shared,
0x1005B250,86,shared,
0x1005B2B0,212,shared,
0x1005B390,196,shared,
0x1005B460,219,shared,
0x1005B540,37,shared,
0x1005B570,441,shared,
0x1005B730,112,shared,
0x1005B7A0,59,shared,
0x1005B7E0,5,backend,
0x1005B7F0,218,shared,
0x1005B8D0,30,shared,
0x1005B8F0,28,shared,
0x1005B910,618,shared,
0x1005BB80,132,shared,
0x1005BC10,997,shared,
0x1005C000,510,shared,
0x1005C200,110,shared,
0x1005C270,73,shared,
0x1005C2C0,581,shared,
0x1005C510,117,shared,
0x1005C590,1453,shared,
0x1005CB40,68,shared,
0x1005CB90,82,shared,
0x1005CBF0,30,shared,
0x1005CC10,7,backend,
0x1005CC20,162,shared,
0x1005CCD0,343,shared,
0x1005CE30,236,shared,
0x1005CF20,380,backend,
0x1005D0A0,101,backend,
0x1005D110,803,backend,
0x1005D440,8349,shared,
0x1005F4E0,73,backend,
0x1005F530,68,backend,
0x1005F580,18,shared,
0x1005F5A0,237,backend,
0x1005F690,362,backend,DDraw_DoInit
0x1005F800,309,shared,
0x1005F940,629,backend,
0x1005FBC0,289,backend,
0x1005FCF0,183,shared,
0x1005FDB0,384,backend,
0x1005FF30,41,shared,
0x1005FF60,67,shared,
0x1005FFB0,23,shared,
0x1005FFD0,28,shared,
0x1005FFF0,56,shared,
0x10060030,33,shared,
0x10060060,419,shared,
0x10060210,71,shared,
0x10060260,18,shared,
0x10060280,35,shared,
0x100602B0,34,shared,
0x100602E0,181,shared,
0x100603A0,939,shared,
0x10060750,48,shared,
0x10060780,43,shared,
0x100607B0,554,shared,
0x100609E0,44,shared,
0x10060A10,673,shared,
0x10060CC0,129,shared,
0x10060D50,29,shared,
0x10060D70,28,shared,
0x10060D90,46,shared,
0x10060DC0,29,shared,
0x10060DE0,28,shared,
0x10060E00,136,shared,
0x10060E90,5,backend,
0x10060EA0,89,shared,
0x10060F00,102,shared,
0x10060F70,63,shared,
0x10060FB0,72,shared,
0x10061000,6,backend,
0x10061010,396,shared,
0x100611A0,101,shared,
0x10061210,119,backend,
0x10061290,286,backend,
0x100613B0,71,backend,
0x10061400,86,backend,
0x10061460,30,shared,
0x10061480,297,shared,
0x100615B0,105,shared,
0x10061620,56,backend,
0x10061660,82,shared,
0x100616C0,53,shared,
0x10061700,30,shared,
0x10061720,1206,shared,
0x10061BE0,119,shared,
0x10061C60,776,shared,
0x10061F70,3284,backend,
0x10062C50,1909,shared,
0x100633D0,5,backend,
0x100633E0,62,shared,
0x10063420,201,shared,
0x100634F0,368,shared,
0x10063660,2431,shared,
0x10063FE0,9,backend,
0x10063FF0,856,shared,
0x10064350,4802,shared,
0x10065620,9,backend,
0x10065630,216,shared,
0x10065710,34,shared,
0x10065740,979,shared,
0x10065B20,345,shared,
0x10065C80,204,shared,
0x10065D50,1110,shared,MakeEnemyCarColorPanels__0
0x100661B0,233,shared,
0x100662A0,538,shared,
0x100664C0,75,backend,
0x10066510,258,shared,
0x10066620,43,shared,
0x10066650,2103,shared,
0x10066E90,2534,shared,
0x10067880,117,shared,
0x10067900,60,shared,
0x10067940,29,shared,
0x10067960,24,shared,
0x10067980,21,shared,
0x100679A0,19,shared,
0x100679C0,286,shared,
0x10067AE0,216,shared,
0x10067BC0,380,shared,
0x10067D40,50,shared,
0x10067D80,11,shared,
0x10067D90,11,shared,
0x10067DA0,24,shared,
0x10067DC0,143,shared,
0x10067E50,120,shared,
0x10067ED0,683,shared,
0x10068180,140,backend,
0x10068210,70,shared,
0x10068260,62,shared,
0x100682A0,273,shared,MakeEnemyCarColorPanels__1
0x100683C0,11,backend,
0x100683D0,37,shared,
0x10068400,2800,shared,
0x10068EF0,1073,shared,
0x10069330,58,shared,
0x10069370,286,shared,
0x10069490,77,shared,
0x100694E0,77,shared,
0x10069530,77,shared,
0x10069580,18,shared,
0x100695A0,41,shared,
0x100695D0,363,shared,
0x10069740,124,backend,
0x100697C0,18,shared,
0x100697E0,23,shared,
0x10069800,49,shared,
0x10069840,525,shared,
0x10069A50,10,backend,
0x10069A60,30,shared,
0x10069A80,10,backend,
0x10069A90,12,shared,
0x10069AA0,103,shared,
0x10069B10,169,shared,
0x10069BC0,98,shared,
0x10069C30,87,shared,
0x10069C90,330,shared,
0x10069DE0,524,shared,
0x10069FF0,1194,backend,
0x1006A4A0,1023,backend,
0x1006A8A0,212,shared,
0x1006A980,6,backend,
0x1006A990,43,backend,
0x1006A9C0,90,backend,
0x1006AA20,36,shared,
0x1006AA50,51,shared,
0x1006AA90,11,backend,
0x1006AAA0,6,backend,
0x1006AAB0,103,shared,
0x1006AB20,111,shared,
0x1006AB90,6,backend,
0x1006ABA0,12,shared,
0x1006ABB0,17,shared,
0x1006ABD0,282,shared,
0x1006ACF0,21,shared,
0x1006AD10,215,shared,
0x1006ADF0,6,backend,
0x1006AE00,20,shared,
0x1006AE20,134,shared,
0x1006AEB0,310,shared,
0x1006AFF0,382,shared,
0x1006B170,238,shared,
0x1006B260,223,shared,
0x1006B340,228,shared,
0x1006B430,218,shared,
0x1006B510,214,shared,
0x1006B5F0,3070,shared,
0x1006C1F0,1354,shared,
0x1006C740,599,shared,
0x1006C9A0,41,shared,
0x1006C9D0,760,shared,
0x1006CCD0,1448,shared,
0x1006D280,38,shared,
0x1006D2B0,644,shared,
0x1006D540,278,shared,
0x1006D660,492,shared,
0x1006D850,332,shared,
0x1006D9A0,322,shared,
0x1006DAF0,35,shared,
0x1006DB20,669,shared,
0x1006DDC0,1782,shared,
0x1006E4C0,668,shared,
0x1006E760,1301,shared,
0x1006EC80,762,shared,
0x1006EF80,305,shared,
0x1006F0C0,581,shared,
0x1006F310,389,backend,
0x1006F4A0,152,backend,
0x1006F540,265,shared,
0x1006F650,200,shared,
0x1006F720,551,shared,
0x1006F950,1651,backend,
0x1006FFD0,1444,shared,
0x10070580,143,backend,
0x10070610,898,backend,
0x100709A0,333,backend,
0x10070AF0,870,backend,
0x10070E60,19,shared,
0x10070E80,665,backend,
0x10071120,15,backend,
0x10071130,624,backend,
0x100713A0,12,backend,
0x100713B0,5,backend,
0x100713C0,177,shared,
0x10071480,79,shared,
0x100714D0,61,shared,
0x10071510,61,shared,
0x10071550,16,shared,
0x10071560,100,shared,
0x100715D0,10,backend,
0x100715E0,46,shared,
0x10071610,23,shared,
0x10071630,69,shared,
0x10071680,84,shared,
0x100716E0,400,shared,
0x10071870,746,shared,
0x10071B60,30,shared,
0x10071B80,110,shared,
0x10071BF0,27,shared,
0x10071C10,803,shared,
0x10071F40,234,shared,
0x10072030,71,shared,
0x10072080,144,shared,
0x10072110,83,backend,
0x10072170,250,shared,
0x10072270,92,shared,
0x100722D0,370,shared,
0x10072450,56,shared,
0x10072490,31,shared,
0x100724B0,21,shared,
0x100724D0,79,shared,
0x10072520,35,shared,
0x10072550,37,shared,
0x10072580,63,shared,
0x100725C0,128,shared,
0x10072640,64,shared,
0x10072680,118,shared,
0x10072700,66,shared,
0x10072750,32,shared,
0x10072770,75,shared,
0x100727C0,89,shared,
0x10072820,235,shared,
0x10072910,201,shared,
0x100729E0,21,shared,
0x10072A00,111,shared,
0x10072A70,26,shared,
0x10072A90,96,shared,
0x10072AF0,21,shared,
0x10072B10,29,shared,
0x10072B30,75,shared,
0x10072B80,27,shared,
0x10072BA0,72,shared,
0x10072BF0,48,shared,
0x10072C20,124,shared,
0x10072CA0,352,backend,
0x10072E00,90,shared,
0x10072E60,379,shared,
0x10072FE0,61,shared,
0x10073020,54,shared,
0x10073060,29,shared,
0x10073080,31,shared,
0x100730A0,635,shared,
0x10073320,459,shared,
0x100734F0,562,shared,
0x10073730,176,shared,
0x100737E0,60,backend,
0x10073820,291,backend,
0x10073950,46,shared,
0x10073980,46,shared,
0x100739B0,46,shared,
0x100739E0,215,shared,
0x10073AC0,52,shared,
0x10073B00,57,shared,
0x10073B40,22,shared,
0x10073B60,29,shared,
0x10073B80,14,shared,
0x10073B90,14,backend,
0x10073BA0,24,shared,
0x10073BC0,23,shared,
0x10073BE0,33,shared,
0x10073C10,44,shared,
0x10073C40,73,shared,
0x10073C90,133,shared,
0x10073D20,19,shared,
0x10073D40,25,shared,
0x10073D60,32,shared,
0x10073D80,52,shared,
0x10073DC0,70,shared,
0x10073E10,88,shared,
0x10073E70,164,shared,
0x10073F20,22,shared,
0x10073F40,12,shared,
0x10073F50,4,backend,
0x10073F60,208,shared,
0x10074030,27,shared,
0x10074050,49,shared,
0x10074090,288,backend,
0x100741B0,148,shared,
0x10074250,113,shared,
0x100742D0,206,shared,
0x100743A0,169,shared,
0x10074450,405,shared,
0x100745F0,239,shared,
0x100746E0,54,shared,
0x10074720,67,shared,
0x10074770,67,shared,
0x100747C0,100,shared,
0x10074830,60,shared,
0x10074870,349,shared,
0x100749D0,59,shared,
0x10074A10,63,shared,
0x10074A50,53,shared,
0x10074A90,46,shared,
0x10074AC0,81,shared,
0x10074B20,70,shared,
0x10074B70,156,shared,
0x10074C10,417,shared,
0x10074DC0,10,backend,
0x10074DD0,35,shared,
0x10074E00,17,shared,
0x10074E20,30,shared,
0x10074E40,129,shared,
0x10074ED0,71,shared,
0x10074F20,27,shared,
0x10074F40,43,shared,
0x10074F70,77,shared,
0x10074FC0,95,backend,
0x10075020,201,shared,
0x100750F0,6,backend,
0x10075100,68,shared,
0x10075150,56,shared,
0x10075190,194,shared,
0x10075260,99,shared,
0x100752D0,34,shared,
0x10075300,31,shared,
0x10075320,5,backend,
0x10075330,1,backend,
0x10075340,19,shared,
0x10075360,1044,shared,
0x10075780,132,shared,
0x10075810,130,shared,
0x100758A0,83,backend,
0x100758F3,97,backend,
0x10075960,104,shared,
0x100759D0,1331,backend,
0x10075F10,1295,shared,
0x10076420,147,shared,
0x100764C0,279,shared,
0x100765E0,112,backend,
0x10076650,174,backend,
0x10076700,152,shared,
0x100767A0,123,shared,
0x10076820,369,shared,
0x100769A0,93,shared,
0x10076A00,63,shared,
0x10076A40,41,shared,
0x10076A70,104,backend,
0x10076AE0,50,shared,
0x10076B20,368,shared,
0x10076C90,67,shared,
0x10076CE0,425,shared,
0x10076E90,54,shared,
0x10076ED0,205,shared,
0x10076FA0,229,shared,
0x10077090,45,shared,
0x100770C0,37,shared,
0x100770F0,187,shared,
0x100771B0,78,backend,
0x10077200,272,shared,
0x10077310,186,shared,
0x100773D0,28,shared,
0x100773F0,4143,shared,
0x10078420,695,shared,
0x100786E0,1246,shared,
0x10078BC0,111,shared,
0x10078C30,75,shared,
0x10078C80,67,shared,
0x10078CD0,213,shared,
0x10078DB0,87,shared,
0x10078E10,52,shared,
0x10078E50,53,shared,
0x10078E90,53,shared,
0x10078ED0,78,shared,
0x10078F20,391,shared,
0x100790B0,40,shared,
0x100790E0,239,shared,
0x100791D0,888,shared,
0x10079550,120,shared,
0x100795D0,145,shared,
0x10079670,10,backend,
0x10079680,30,shared,
0x100796A0,10,backend,
0x100796B0,107,backend,
0x10079720,25,backend,
0x10079740,215,backend,
0x10079820,203,backend,RallyMain
0x100798F0,408,backend,
0x10079A90,431,backend,
0x10079C40,83,backend,
0x10079CA0,972,backend,
0x1007A070,24,backend,
0x1007A090,248,backend,
0x1007A190,14,backend,
0x1007A1A0,27,backend,
0x1007A1C0,3,backend,
0x1007A1D0,21,backend,
0x1007A1F0,31,backend,
0x1007A210,70,backend,
0x1007A260,75,backend,
0x1007A2B0,73,backend,
0x1007A300,128,backend,
0x1007A380,24,backend,
0x1007A3A0,79,backend,
0x1007A3F0,92,backend,
0x1007A450,137,backend,
0x1007A4E0,164,backend,
0x1007A590,272,backend,
0x1007A6A0,67,backend,
0x1007A6F0,18,backend,
0x1007A710,192,backend,
0x1007A7D0,108,backend,
0x1007A840,244,backend,
0x1007A940,695,backend,
0x1007AC00,22,backend,
0x1007AC20,114,backend,
0x1007ACA0,6,backend,
0x1007ACB0,136,backend,
0x1007AD40,4120,backend,
0x1007BD58,6,backend,
0x1007BD60,2648,backend,
0x1007C7B8,6,backend,
0x1007C7BE,6,backend,
0x1007C7C4,6,backend,
0x1007C7D0,23,backend,
0x1007C7F0,56,shared,
0x1007C830,104,backend,
0x1007C8A0,39,backend,
0x1007C8D0,13,backend,
0x1007C8E0,45,backend,
0x1007C910,50,backend,
0x1007C950,151,backend,
0x1007C9F0,40,backend,
0x1007CA20,420,backend,
0x1007CBD0,48,backend,
0x1007CC00,18,backend,
0x1007CC20,18,backend,
0x1007CC40,15,shared,
0x1007CC50,178,backend,
0x1007CD10,11,shared,
0x1007CD20,11,shared,
0x1007CD30,32,backend,
0x1007CD50,61,backend,
0x1007CD90,101,backend,
0x1007CE00,73,backend,
0x1007CE50,55,backend,
0x1007CE90,21,shared,
0x1007CEB0,74,backend,
0x1007CF00,14,shared,
0x1007CF10,55,backend,
0x1007CF50,316,backend,
0x1007D090,45,backend,
0x1007D0C0,131,backend,
0x1007D150,55,backend,
0x1007D190,326,backend,
0x1007D2E0,104,backend,
0x1007D350,20,shared,
0x1007D370,68,backend,
0x1007D3C0,85,backend,
0x1007D420,432,backend,
0x1007D5D0,188,backend,
0x1007D690,20,backend,
0x1007D6B0,54,backend,
0x1007D6F0,7,backend,
0x1007D700,156,backend,
0x1007D7A0,91,backend,
0x1007D800,42,backend,
0x1007D830,204,backend,
0x1007D900,129,backend,
0x1007D990,127,backend,
0x1007DA10,32,backend,
0x1007DA30,34,backend,
0x1007DA52,104,backend,
0x1007DABA,35,backend,
0x1007DADD,9,backend,
0x1007DAE6,24,backend,
0x1007DB00,272,backend,
0x1007DC10,188,backend,
0x1007DCD0,128,backend,
0x1007DD50,153,backend,
0x1007DDF0,14,shared,
0x1007DE00,56,backend,
0x1007DE40,14,shared,
0x1007DE50,130,backend,
0x1007DEE0,252,backend,
0x1007DFE0,16,shared,
0x1007DFF0,105,backend,
0x1007E060,115,backend,
0x1007E0E0,9,backend,
0x1007E0F0,9,backend,
0x1007E100,104,backend,
0x1007E170,47,shared,
0x1007E1A0,254,backend,
0x1007E2A0,421,backend,
0x1007E450,89,backend,
0x1007E4B0,44,backend,
0x1007E4E0,109,backend,
0x1007E54D,176,backend,
0x1007E5FD,176,backend,
0x1007E6AD,157,backend,
0x1007E750,20,backend,
0x1007E764,9,backend,
0x1007E76D,174,backend,
0x1007E820,143,backend,
0x1007E8B0,21,shared,
0x1007E8D0,54,backend,
0x1007E910,191,backend,
0x1007E9D0,383,backend,
0x1007EB50,245,backend,
0x1007EC50,91,backend,
0x1007ECB0,104,shared,
0x1007ED20,52,shared,
0x1007ED60,191,backend,
0x1007EE20,383,backend,
0x1007EFA0,245,backend,
0x1007F0A0,39,backend,
0x1007F0D0,153,backend,
0x1007F170,67,backend,
0x1007F1C0,128,backend,
0x1007F240,379,backend,
0x1007F3C0,47,backend,
0x1007F3F0,299,backend,
0x1007F520,64,backend,
0x1007F560,115,shared,
0x1007F5D3,6,backend,
0x1007F5D9,42,shared,
0x1007F610,64,shared,
0x1007F650,13,shared,
0x1007F65D,29,shared,
0x1007F680,111,shared,
0x1007F6EF,9,backend,
0x1007F6F8,39,shared,
0x1007F720,293,backend,
0x1007F850,285,backend,
0x1007F970,33,backend,
0x1007F9A0,140,backend,
0x1007FA30,34,backend,
0x1007FA52,467,backend,
0x1007FC25,40,backend,
0x1007FC50,22,backend,
0x1007FC70,155,backend,
0x1007FD10,170,shared,
0x1007FDC0,355,backend,
0x1007FF30,173,shared,
0x1007FFE0,56,backend,
0x10080020,112,shared,
0x10080090,41,backend,
0x100800C0,93,backend,
0x10080120,107,backend,
0x10080190,28,backend,
0x100801B0,82,backend,
0x10080210,115,backend,
0x10080290,242,backend,
0x10080390,102,backend,
0x10080400,182,backend,
0x100804C0,182,backend,
0x10080580,101,backend,
0x100805F0,41,backend,
0x10080620,304,backend,
0x10080750,2172,backend,
0x10080FCC,143,backend,
0x1008105C,122,backend,
0x100810E0,66,backend,
0x10081130,57,backend,
0x10081170,61,backend,
0x100811B0,17,backend,
0x100811D0,18,backend,
0x100811F0,18,backend,
0x10081210,92,backend,
0x10081270,33,backend,
0x100812A0,19,backend,
0x100812C0,122,backend,
0x10081340,157,backend,
0x100813E0,43,backend,
0x10081410,114,backend,
0x10081490,118,backend,
0x10081510,22,backend,
0x10081530,54,backend,
0x10081570,40,backend,
0x100815A0,54,backend,
0x100815E0,40,backend,
0x10081610,114,backend,
0x10081690,128,backend,
0x10081710,53,backend,
0x10081750,110,backend,
0x100817C0,11,shared,
0x100817D0,187,backend,
0x10081890,524,backend,
0x10081AA0,95,backend,
0x10081B00,104,backend,
0x10081B70,144,backend,
0x10081C00,51,backend,
0x10081C40,159,backend,
0x10081CE0,61,backend,
0x10081D20,347,backend,
0x10081E7C,114,backend,
0x10081EF0,217,backend,
0x10081FD0,239,backend,
0x100820C0,114,backend,
0x10082140,549,backend,
0x10082370,93,backend,
0x100823D0,114,backend,
0x10082450,521,backend,
0x10082660,55,backend,
0x100826A0,55,backend,
0x100826E0,354,backend,
0x10082850,91,backend,
0x100828B0,205,backend,
0x10082980,89,backend,
0x100829E0,83,backend,
0x10082A40,563,backend,
0x10082C80,370,backend,
0x10082E00,196,backend,
0x10082ED0,32,backend,
0x10082EF0,323,backend,
0x10083040,199,backend,
0x10083110,699,backend,
0x100833D0,215,backend,
0x100834B0,118,backend,
0x10083526,13,shared,
0x10083533,50,backend,
0x10083570,22,shared,
0x10083590,137,backend,
0x10083620,183,backend,
0x100836D7,13,shared,
0x100836E4,43,backend,
0x1008370F,9,backend,
0x10083718,97,backend,
0x10083780,45,backend,
0x100837B0,475,backend,
0x1008398B,6,backend,
0x10083991,32,backend,
0x100839C0,74,backend,
0x10083A0A,11,backend,
0x10083A15,32,backend,
0x10083A40,37,backend,
0x10083A70,76,backend,
0x10083AC0,74,backend,
0x10083B0A,6,backend,
0x10083B10,39,backend,
0x10083B37,23,backend,
0x10083B50,65,backend,
0x10083B91,6,backend,
0x10083B97,39,backend,
0x10083BBE,16,backend,
0x10083BCE,7,backend,
0x10083BE0,21,backend,
0x10083C00,80,backend,
0x10083C50,188,backend,
0x10083D10,804,backend,
0x10084034,16,backend,
0x10084050,816,backend,
0x10084380,173,backend,
0x10084430,40,backend,
0x10084460,37,backend,
0x10084490,55,backend,
0x100844D0,57,backend,
0x10084510,92,backend,
0x10084570,256,backend,
0x10084670,16,backend,
0x10084680,17,backend,
0x100846A0,40,backend,
0x100846D0,89,backend,
0x10084730,147,backend,
0x100847D0,540,backend,
0x100849F0,3385,backend,
0x10085730,57,backend,
0x10085770,33,backend,
0x100857A0,24,backend,
0x100857C0,354,backend,
0x10085922,167,backend,
0x100859C9,17,backend,
0x100859E0,21,backend,
0x100859F5,23,backend,
0x10085A0C,25,backend,
0x10085A25,67,backend,
0x10085A68,260,backend,
0x10085B70,23,backend,
0x10085B87,60,backend,
0x10085BD0,99,backend,
0x10085C40,368,backend,
0x10085DB0,590,backend,
0x10085FFE,67,backend,
0x10086041,102,backend,
0x100860B0,545,backend,
0x100862E0,129,backend,
0x10086370,238,backend,
0x10086460,158,backend,
0x10086500,527,backend,
0x10086710,539,backend,
0x10086930,77,backend,
0x10086980,56,backend,
0x100869B8,39,backend,
0x100869E0,45,backend,
0x10086A10,11,shared,
0x10086A20,342,backend,
0x10086B80,10,backend,
0x10086B90,8,backend,
0x10086BA0,61,backend,
0x10086BE0,470,backend,
0x10086DC0,59,backend,
0x10086E00,24,backend,
0x10086E20,150,backend,
0x10086EC0,139,backend,
0x10086F50,130,backend,
0x10086FE0,252,backend,
0x100870E0,102,backend,
0x10087150,105,backend,
0x100871C0,157,backend,
0x10087260,29,shared,
0x10087280,15,shared,
0x10087290,29,backend,
0x100872B0,177,backend,
0x10087370,463,backend,
0x10087540,24,shared,
0x10087560,24,shared,
0x10087580,56,backend,
0x100875C0,56,backend,
0x10087600,145,backend,
0x100876A0,139,backend,
0x10087730,190,backend,
0x100877F0,11,shared,
0x10087800,43,backend,
0x10087830,108,backend,
0x100878A0,114,backend,
0x10087920,117,backend,
0x100879A0,360,backend,
0x10087B10,161,backend,
0x10087BC0,147,backend,
0x10087C60,73,backend,
0x10087CB0,101,backend,
0x10087D20,34,backend,
0x10087D50,158,backend,
0x10087DF0,921,backend,
0x10088190,83,backend,
0x100881F0,17,backend,
0x10088210,13,backend,
0x10088220,32,backend,
0x10088240,32,backend,
0x10088260,27,backend,
0x10088280,31,backend,
0x100882A0,388,backend,
0x10088430,301,backend,
0x10088560,174,backend,
0x10088610,881,backend,
0x10088990,563,backend,
0x10088BD0,246,backend,
0x10088CD0,502,backend,
0x10088ED0,51,backend,
0x10088F10,239,backend,
0x10089000,331,backend,
0x10089150,102,backend,
0x100891C0,826,backend,
0x10089500,113,backend,
0x10089580,254,backend,
0x10089680,42,backend,
0x100896B0,31,backend,
0x100896D0,255,backend,
0x100897D0,32,backend,
0x100897F0,50,backend,
0x10089830,728,backend,
0x10089B10,40,backend,
0x10089B40,617,backend,
0x10089DB0,412,backend,
0x10089F50,298,backend,
0x1008A07A,11,backend,
0x1008A085,11,backend,
0x1008A090,6,backend,
0x1008A096,6,backend,
0x1008A09C,6,backend,
0x1008A0A2,28,backend,
0x1008A0BE,27,backend,
0x1008A0D9,33,backend,
0x1008A0FA,16,backend,
0x1008A10A,20,backend,
0x1008A11E,16,backend,
0x1008A12E,32,backend,
0x1008A14E,31,backend,
0x1008A16D,37,backend,
0x1008A192,20,backend,
0x1008A1A6,24,backend,
0x1008A1BE,20,backend,
0x1008A1D2,32,backend,
0x1008A1F2,31,backend,
0x1008A211,37,backend,
0x1008A236,20,backend,
0x1008A24A,24,backend,
0x1008A262,20,backend,
0x1008A276,32,backend,
0x1008A296,31,backend,
0x1008A2B5,37,backend,
0x1008A2DA,20,backend,
0x1008A2EE,24,backend,
0x1008A306,20,backend,
0x1008A31A,32,backend,
0x1008A33A,31,backend,
0x1008A359,37,backend,
0x1008A37E,20,backend,
0x1008A392,24,backend,
0x1008A3AA,20,backend,
0x1008A3BE,32,backend,
0x1008A3DE,31,backend,
0x1008A3FD,37,backend,
0x1008A422,20,backend,
0x1008A436,24,backend,
0x1008A44E,20,backend,
0x1008A462,32,backend,
0x1008A482,31,backend,
0x1008A4A1,37,backend,
0x1008A4C6,20,backend,
0x1008A4DA,24,backend,
0x1008A4F2,20,backend,
0x1008A506,19,backend,
0x1008A519,552,backend,
0x1008A741,21,backend,
0x1008A756,518,backend,
0x1008A95C,178,backend,
0x1008AA0E,518,backend,
0x1008AC14,199,backend,
0x1008ACE0,30,backend,
0x1008AD00,143,backend,
0x1008AD90,472,backend,
0x1008AF68,53,backend,
0x1008AFA0,63,backend,
0x1008AFE0,35,backend,
0x1008B010,104,backend,
0x1008B080,46,backend,
0x1008B0B0,45,backend,
0x1008B0E0,241,backend,
0x1008B1E0,1632,backend,
0x1008B840,131,backend,
0x1008B8C4,79,backend,
0x1008B914,79,backend,
0x1008B970,898,backend,
0x1008BD00,334,backend,
0x1008BE50,428,backend,
0x1008C000,61,backend,
0x1008C040,97,backend,
0x1008C0B0,304,backend,
0x1008C1E0,319,backend,
0x1008C320,208,backend,
0x1008C3F0,113,backend,
0x1008C470,490,backend,
0x1008C660,50,backend,
0x1008C6A0,142,backend,
0x1008C730,696,backend,
0x1008C9F0,138,backend,
0x1008CA80,100,backend,
0x1008CAF0,59,backend,
0x1008CB30,122,backend,
0x1008CBB0,709,backend,
0x1008CE80,47,backend,
0x1008CEB0,515,backend,
0x1008D0C0,116,backend,
0x1008D140,111,backend,
0x1008D1B0,194,backend,
0x1008D280,80,backend,
0x1008D2D0,6,backend,
0x1008D2E0,11,backend,
0x1008D2EB,10,backend,
0x1008D300,11,backend,
0x1008D30B,10,backend,
0x1008D320,11,backend,
0x1008D32B,10,backend,
0x1008D340,11,backend,
0x1008D34B,10,backend,
0x1008D360,11,backend,
0x1008D36B,10,backend,
0x1008D380,11,backend,
0x1008D38B,10,backend,
0x1008D3A0,11,shared,
0x1008D3AB,10,backend,
0x1008D3C0,11,backend,
0x1008D3CB,10,backend,
0x1008D3E0,11,shared,
0x1008D3EB,10,backend,
0x1008D400,11,shared,
0x1008D40B,10,backend,
0x1008D420,11,shared,
0x1008D42B,10,backend,
0x1008D440,11,shared,
0x1008D44B,10,backend,
0x1008D460,11,shared,
0x1008D46B,10,backend,
0x1008D480,11,shared,
0x1008D48B,10,backend,
0x1008D4A0,11,shared,
0x1008D4AB,10,backend,
0x1008D4C0,11,shared,
0x1008D4CB,10,backend,
0x1008D4E0,11,shared,
0x1008D4EB,10,backend,
0x1008D500,11,shared,
0x1008D50B,10,backend,
0x1008D520,11,shared,
0x1008D52B,10,backend,
0x1008D540,11,shared,
0x1008D54B,10,backend,
0x1008D560,11,shared,
0x1008D56B,10,backend,
0x1008D580,11,shared,
0x1008D58B,10,backend,
0x1008D5A0,11,shared,
0x1008D5AB,10,backend,
0x1008D5C0,11,shared,
0x1008D5CB,10,backend,
0x1008D5E0,11,shared,
0x1008D5EB,10,backend,
0x1008D600,11,shared,
0x1008D60B,10,backend,
0x1008D620,11,shared,
0x1008D62B,10,backend,
0x1008D640,11,shared,
0x1008D64B,10,backend,
0x1008D660,11,shared,
0x1008D66B,10,backend,
0x1008D680,11,shared,
0x1008D68B,10,backend,
0x1008D6A0,11,shared,
0x1008D6AB,10,backend,
0x1008D6C0,11,shared,
0x1008D6CB,10,backend,
0x1008D6E0,11,shared,
0x1008D6EB,10,backend,
0x1008D700,11,shared,
0x1008D70B,10,backend,
0x1008D720,11,shared,
0x1008D72B,10,backend,
0x1008D740,11,shared,
0x1008D74B,11,shared,
0x1008D756,10,backend,
0x1008D760,11,shared,
0x1008D76B,10,backend,
0x1008D780,11,shared,
0x1008D78B,10,backend,
0x1008D7A0,11,shared,
0x1008D7AB,11,shared,
0x1008D7B6,10,backend,
0x1008D7C0,11,shared,
0x1008D7CB,10,backend,
0x1008D7E0,11,shared,
0x1008D7EB,10,backend,
0x1008D800,11,shared,
0x1008D80B,10,backend,
0x1008D820,27,shared,
0x1008D83B,10,backend,
0x1008D850,27,shared,
0x1008D86B,10,backend,
0x1008D880,11,shared,
0x1008D88B,11,shared,
0x1008D896,10,backend,
0x1008D8A0,11,shared,
0x1008D8AB,11,shared,
0x1008D8B6,11,shared,
0x1008D8C1,11,shared,
0x1008D8CC,11,shared,
0x1008D8D7,11,shared,
0x1008D8E2,11,shared,
0x1008D8ED,11,shared,
0x1008D8F8,11,shared,
0x1008D903,11,shared,
0x1008D90E,11,shared,
0x1008D919,11,shared,
0x1008D924,11,shared,
0x1008D92F,11,shared,
0x1008D93A,11,shared,
0x1008D945,11,shared,
0x1008D950,11,shared,
0x1008D95B,10,backend,
0x1008D970,11,shared,
0x1008D97B,11,shared,
0x1008D986,11,shared,
0x1008D991,11,shared,
0x1008D99C,11,shared,
0x1008D9A7,10,backend,
0x1008D9C0,11,shared,
0x1008D9CB,11,shared,
0x1008D9D6,11,shared,
0x1008D9E1,11,shared,
0x1008D9EC,11,shared,
0x1008D9F7,10,backend,
0x1008DA10,11,shared,
0x1008DA1B,11,shared,
0x1008DA26,11,shared,
0x1008DA31,11,shared,
0x1008DA3C,11,shared,
0x1008DA47,10,backend,
0x1008DA60,11,shared,
0x1008DA6B,11,shared,
0x1008DA76,11,shared,
0x1008DA81,11,shared,
0x1008DA8C,11,shared,
0x1008DA97,11,shared,
0x1008DAA2,11,shared,
0x1008DAAD,11,shared,
0x1008DAB8,11,shared,
0x1008DAC3,11,shared,
0x1008DACE,11,shared,
0x1008DAD9,11,shared,
0x1008DAE4,11,shared,
0x1008DAEF,11,shared,
0x1008DAFA,11,shared,
0x1008DB05,11,shared,
0x1008DB10,11,shared,
0x1008DB1B,11,shared,
0x1008DB26,11,shared,
0x1008DB31,11,shared,
0x1008DB3C,11,shared,
0x1008DB47,11,shared,
0x1008DB52,11,shared,
0x1008DB5D,10,backend,
0x1008DB70,11,shared,
0x1008DB7B,11,shared,
0x1008DB86,11,shared,
0x1008DB91,11,shared,
0x1008DB9C,11,shared,
0x1008DBA7,11,shared,
0x1008DBB2,11,shared,
0x1008DBBD,11,shared,
0x1008DBC8,11,shared,
0x1008DBD3,11,shared,
0x1008DBDE,11,shared,
0x1008DBE9,11,shared,
0x1008DBF4,11,shared,
0x1008DBFF,11,shared,
0x1008DC0A,11,shared,
0x1008DC15,10,backend,
0x1008DC20,11,shared,
0x1008DC2B,11,shared,
0x1008DC36,11,shared,
0x1008DC41,11,shared,
0x1008DC4C,11,shared,
0x1008DC57,11,shared,
0x1008DC62,11,shared,
0x1008DC6D,11,shared,
0x1008DC78,11,shared,
0x1008DC83,11,shared,
0x1008DC8E,11,shared,
0x1008DC99,10,backend,
0x1008DCB0,11,shared,
0x1008DCBB,11,shared,
0x1008DCC6,11,shared,
0x1008DCD1,11,shared,
0x1008DCDC,11,shared,
0x1008DCE7,11,shared,
0x1008DCF2,11,shared,
0x1008DCFD,11,shared,
0x1008DD08,11,shared,
0x1008DD13,11,shared,
0x1008DD1E,10,backend,
0x1008DD30,11,shared,
0x1008DD3B,11,shared,
0x1008DD46,11,shared,
0x1008DD51,11,shared,
0x1008DD5C,11,shared,
0x1008DD67,11,shared,
0x1008DD72,11,shared,
0x1008DD7D,11,shared,
0x1008DD88,11,shared,
0x1008DD93,11,shared,
0x1008DD9E,11,shared,
0x1008DDA9,10,backend,
0x1008DDC0,11,shared,
0x1008DDCB,11,shared,
0x1008DDD6,11,shared,
0x1008DDE1,11,shared,
0x1008DDEC,11,shared,
0x1008DDF7,11,shared,
0x1008DE02,2,backend,
0x1008DE04,9,backend,
0x1008DE0D,10,backend,
0x1008DE20,11,shared,
0x1008DE2B,11,shared,
0x1008DE36,11,shared,
0x1008DE41,11,shared,
0x1008DE4C,11,shared,
0x1008DE57,11,shared,
0x1008DE62,11,shared,
0x1008DE6D,11,shared,
0x1008DE78,10,backend,
0x1008DE90,11,shared,
0x1008DE9B,11,shared,
0x1008DEA6,11,shared,
0x1008DEB1,11,shared,
0x1008DEBC,11,shared,
0x1008DEC7,11,shared,
0x1008DED2,11,shared,
0x1008DEDD,11,shared,
0x1008DEE8,10,backend,
0x1008DF00,11,shared,
0x1008DF0B,11,shared,
0x1008DF16,11,shared,
0x1008DF21,11,shared,
0x1008DF2C,11,shared,
0x1008DF37,11,shared,
0x1008DF42,11,shared,
0x1008DF4D,11,shared,
0x1008DF58,11,shared,
0x1008DF63,11,shared,
0x1008DF6E,11,shared,
0x1008DF79,11,shared,
0x1008DF84,11,shared,
0x1008DF8F,10,backend,
0x1008DFA0,11,shared,
0x1008DFAB,11,shared,
0x1008DFB6,11,shared,
0x1008DFC1,11,shared,
0x1008DFCC,11,shared,
0x1008DFD7,11,shared,
0x1008DFE2,11,shared,
0x1008DFED,11,shared,
0x1008DFF8,11,shared,
0x1008E003,11,shared,
0x1008E00E,11,shared,
0x1008E019,11,shared,
0x1008E024,11,shared,
0x1008E02F,11,shared,
0x1008E03A,11,shared,
0x1008E045,11,shared,
0x1008E050,11,shared,
0x1008E05B,10,backend,
0x1008E070,11,shared,
0x1008E07B,11,shared,
0x1008E086,11,shared,
0x1008E091,11,shared,
0x1008E09C,11,shared,
0x1008E0A7,11,shared,
0x1008E0B2,11,shared,
0x1008E0BD,10,backend,
0x1008E0D0,11,shared,
0x1008E0DB,11,shared,
0x1008E0E6,11,shared,
0x1008E0F1,11,shared,
0x1008E0FC,11,shared,
0x1008E107,11,shared,
0x1008E112,11,shared,
0x1008E11D,11,shared,
0x1008E128,11,shared,
0x1008E133,11,shared,
0x1008E13E,11,shared,
0x1008E149,11,shared,
0x1008E154,11,shared,
0x1008E15F,11,shared,
0x1008E16A,10,backend,
0x1008E180,11,shared,
0x1008E18B,11,shared,
0x1008E196,11,shared,
0x1008E1A1,11,shared,
0x1008E1AC,11,shared,
0x1008E1B7,11,shared,
0x1008E1C2,11,shared,
0x1008E1CD,11,shared,
0x1008E1D8,11,shared,
0x1008E1E3,11,shared,
0x1008E1EE,11,shared,
0x1008E1F9,11,shared,
0x1008E204,11,shared,
0x1008E20F,11,shared,
0x1008E21A,11,shared,
0x1008E225,10,backend,
0x1008E230,11,shared,
0x1008E23B,11,shared,
0x1008E246,11,shared,
0x1008E251,11,shared,
0x1008E25C,11,shared,
0x1008E267,11,shared,
0x1008E272,11,shared,
0x1008E27D,11,shared,
0x1008E288,11,shared,
0x1008E293,11,shared,
0x1008E29E,11,shared,
0x1008E2A9,11,shared,
0x1008E2B4,11,shared,
0x1008E2BF,11,shared,
0x1008E2CA,11,shared,
0x1008E2D5,11,shared,
0x1008E2E0,11,shared,
0x1008E2EB,11,shared,
0x1008E2F6,11,shared,
0x1008E301,11,shared,
0x1008E30C,11,shared,
0x1008E317,11,shared,
0x1008E322,11,shared,
0x1008E32D,11,shared,
0x1008E338,10,backend,
0x1008E350,11,shared,
0x1008E35B,11,shared,
0x1008E366,11,shared,
0x1008E371,11,shared,
0x1008E37C,11,shared,
0x1008E387,11,shared,
0x1008E392,11,shared,
0x1008E39D,10,backend,
0x1008E3B0,11,shared,
0x1008E3BB,11,shared,
0x1008E3C6,11,shared,
0x1008E3D1,11,shared,
0x1008E3DC,10,backend,
0x1008E3F0,11,shared,
0x1008E3FB,11,shared,
0x1008E406,11,shared,
0x1008E411,11,shared,
0x1008E41C,11,shared,
0x1008E427,11,shared,
0x1008E432,11,shared,
0x1008E43D,11,shared,
0x1008E448,11,shared,
0x1008E453,11,shared,
0x1008E45E,11,shared,
0x1008E469,11,shared,
0x1008E474,11,shared,
0x1008E47F,11,shared,
0x1008E48A,11,shared,
0x1008E495,11,shared,
0x1008E4A0,11,shared,
0x1008E4AB,11,shared,
0x1008E4B6,11,shared,
0x1008E4C1,11,shared,
0x1008E4CC,11,shared,
0x1008E4D7,11,shared,
0x1008E4E2,11,shared,
0x1008E4ED,11,shared,
0x1008E4F8,10,backend,
0x1008E510,11,shared,
0x1008E51B,11,shared,
0x1008E526,11,shared,
0x1008E531,11,shared,
0x1008E53C,11,shared,
0x1008E547,11,shared,
0x1008E552,11,shared,
0x1008E55D,11,shared,
0x1008E568,11,shared,
0x1008E573,11,shared,
0x1008E57E,11,shared,
0x1008E589,11,shared,
0x1008E594,11,shared,
0x1008E59F,11,shared,
0x1008E5AA,11,shared,
0x1008E5B5,11,shared,
0x1008E5C0,11,shared,
0x1008E5CB,11,shared,
0x1008E5D6,11,shared,
0x1008E5E1,11,shared,
0x1008E5EC,11,shared,
0x1008E5F7,10,backend,
0x1008E610,11,shared,
0x1008E61B,11,shared,
0x1008E626,11,shared,
0x1008E631,11,shared,
0x1008E63C,11,shared,
0x1008E647,11,shared,
0x1008E652,11,shared,
0x1008E65D,11,shared,
0x1008E668,11,shared,
0x1008E673,11,shared,
0x1008E67E,11,shared,
0x1008E689,11,shared,
0x1008E694,11,shared,
0x1008E69F,11,shared,
0x1008E6AA,11,shared,
0x1008E6B5,11,shared,
0x1008E6C0,11,shared,
0x1008E6CB,11,shared,
0x1008E6D6,11,shared,
0x1008E6E1,11,shared,
0x1008E6EC,11,shared,
0x1008E6F7,10,backend,
0x1008E710,11,shared,
0x1008E71B,11,shared,
0x1008E726,11,shared,
0x1008E731,11,shared,
0x1008E73C,11,shared,
0x1008E747,11,shared,
0x1008E752,11,shared,
0x1008E75D,11,shared,
0x1008E768,11,shared,
0x1008E773,11,shared,
0x1008E77E,11,shared,
0x1008E789,11,shared,
0x1008E794,11,shared,
0x1008E79F,11,shared,
0x1008E7AA,11,shared,
0x1008E7B5,11,shared,
0x1008E7C0,11,shared,
0x1008E7CB,11,shared,
0x1008E7D6,11,shared,
0x1008E7E1,11,shared,
0x1008E7EC,11,shared,
0x1008E7F7,10,backend,
0x1008E810,11,shared,
0x1008E81B,11,shared,
0x1008E826,11,shared,
0x1008E831,11,shared,
0x1008E83C,11,shared,
0x1008E847,11,shared,
0x1008E852,11,shared,
0x1008E85D,11,shared,
0x1008E868,11,shared,
0x1008E873,11,shared,
0x1008E87E,11,shared,
0x1008E889,11,shared,
0x1008E894,11,shared,
0x1008E89F,11,shared,
0x1008E8AA,11,shared,
0x1008E8B5,11,shared,
0x1008E8C0,11,shared,
0x1008E8CB,11,shared,
0x1008E8D6,10,backend,
0x1008E8E0,11,shared,
0x1008E8EB,11,shared,
0x1008E8F6,11,shared,
0x1008E901,11,shared,
0x1008E90C,11,shared,
0x1008E917,11,shared,
0x1008E922,11,shared,
0x1008E92D,11,shared,
0x1008E938,11,shared,
0x1008E943,10,backend,
0x1008E950,11,shared,
0x1008E95B,11,shared,
0x1008E966,11,shared,
0x1008E971,11,shared,
0x1008E97C,11,shared,
0x1008E987,11,shared,
0x1008E992,11,shared,
0x1008E99D,11,shared,
0x1008E9A8,11,shared,
0x1008E9B3,10,backend,
0x1008E9C0,11,shared,
0x1008E9CB,11,shared,
0x1008E9D6,11,shared,
0x1008E9E1,11,shared,
0x1008E9EC,11,shared,
0x1008E9F7,11,shared,
0x1008EA02,11,shared,
0x1008EA0D,11,shared,
0x1008EA18,11,shared,
0x1008EA23,10,backend,
0x1008EA30,11,shared,
0x1008EA3B,11,shared,
0x1008EA46,11,shared,
0x1008EA51,11,shared,
0x1008EA5C,11,shared,
0x1008EA67,11,shared,
0x1008EA72,11,shared,
0x1008EA7D,11,shared,
0x1008EA88,11,shared,
0x1008EA93,10,backend,
0x1008EAA0,11,shared,
0x1008EAAB,11,shared,
0x1008EAB6,11,shared,
0x1008EAC1,11,shared,
0x1008EACC,11,shared,
0x1008EAD7,11,shared,
0x1008EAE2,11,shared,
0x1008EAED,11,shared,
0x1008EAF8,11,shared,
0x1008EB03,11,shared,
0x1008EB0E,11,shared,
0x1008EB19,11,shared,
0x1008EB24,11,shared,
0x1008EB2F,11,shared,
0x1008EB3A,11,shared,
0x1008EB45,11,shared,
0x1008EB50,11,shared,
0x1008EB5B,10,backend,
0x1008EB70,11,shared,
0x1008EB7B,11,shared,
0x1008EB86,11,shared,
0x1008EB91,11,shared,
0x1008EB9C,11,shared,
0x1008EBA7,11,shared,
0x1008EBB2,11,shared,
0x1008EBBD,11,shared,
0x1008EBC8,11,shared,
0x1008EBD3,11,shared,
0x1008EBDE,11,shared,
0x1008EBE9,11,shared,
0x1008EBF4,11,shared,
0x1008EBFF,11,shared,
0x1008EC0A,11,shared,
0x1008EC15,11,shared,
0x1008EC20,11,shared,
0x1008EC2B,11,shared,
0x1008EC36,11,shared,
0x1008EC41,11,shared,
0x1008EC4C,11,shared,
0x1008EC57,11,shared,
0x1008EC62,11,shared,
0x1008EC6D,11,shared,
0x1008EC78,11,shared,
0x1008EC83,10,backend,
0x1008EC90,11,shared,
0x1008EC9B,11,shared,
0x1008ECA6,11,shared,
0x1008ECB1,11,shared,
0x1008ECBC,11,shared,
0x1008ECC7,11,shared,
0x1008ECD2,11,shared,
0x1008ECDD,10,backend,
0x1008ECF0,11,shared,
0x1008ECFB,11,shared,
0x1008ED06,11,shared,
0x1008ED11,11,shared,
0x1008ED1C,11,shared,
0x1008ED27,11,shared,
0x1008ED32,11,shared,
0x1008ED3D,11,shared,
0x1008ED48,11,shared,
0x1008ED53,11,shared,
0x1008ED5E,11,shared,
0x1008ED69,11,shared,
0x1008ED74,11,shared,
0x1008ED7F,11,shared,
0x1008ED8A,11,shared,
0x1008ED95,11,shared,
0x1008EDA0,11,shared,
0x1008EDAB,11,shared,
0x1008EDB6,10,backend,
0x1008EDC0,11,shared,
0x1008EDCB,11,shared,
0x1008EDD6,11,shared,
0x1008EDE1,11,shared,
0x1008EDEC,11,shared,
0x1008EDF7,11,shared,
0x1008EE02,11,shared,
0x1008EE0D,11,shared,
0x1008EE18,11,shared,
0x1008EE23,11,shared,
0x1008EE2E,11,shared,
0x1008EE39,11,shared,
0x1008EE44,10,backend,
0x1008EE50,11,shared,
0x1008EE5B,11,shared,
0x1008EE66,10,backend,
0x1008EE70,11,backend,
0x1008EE7B,10,backend,
0x1008EE90,11,shared,
0x1008EE9B,10,backend,
0x1008EEB0,11,shared,
0x1008EEBB,10,backend,
0x1008EED0,11,shared,
0x1008EEDB,293,backend,
