tu_id,va,order,flag,tier,size,file,evidence
tu_000,0x10001510,0,O2,T1,977,,0x10077000 0x10077004
tu_000,0x100018F0,1,O2,T4,399,src/core/drawing/br_chasecam.c,0x10077000 0x10077014 0x10077018 0x1007701C 0x10077020
tu_000,0x10001A80,2,O2,T4,302,src/core/drawing/br_chasecam.c,0x10077000 0x10077004 0x10077024 0x10077028 0x1007702C 0x10077030 0x10077034 0x10077038 0x1007703C
tu_000,0x10001BB0,3,O2,T4,210,src/core/drawing/br_chasecam.c,0x10077000
tu_000,0x10001CF0,4,O2,T2,1567,src/core/drawing/br_chasestep.c,0x10077000 0x10077008 0x1007703C 0x10077040 0x10077044 0x10077048 0x1007704C 0x10077050 0x10077054 0x10077058 0x1007705C 0x10077060 0x10077064 0x10077068 0x1007706C 0x10077070 0x10077074 0x10077078 0x1007707C 0x10077084 0x10077088 0x1007708C 0x10077090 0x10077094
tu_001,0x100023F0,0,O2,T4,106,src/core/racing/br_timefmt.c,0x10077098
tu_002,0x10003120,0,O2,T4,170,src/core/scene/br_grid64.c,0x1007709C 0x100770A0 0x100770A4
tu_003,0x100054A0,0,O2,T4,691,src/core/net/br_netstate.c,0x100770AC
tu_004,0x10005810,0,O2,T1,1070,,0x100770B0
tu_004,0x10005C40,1,O2,T4,47,src/core/net/br_car.c,0x100770A8 0x100770B4
tu_004,0x10005C70,2,O2,T4,47,src/core/net/br_car.c,0x100770B0 0x100770B8
tu_005,0x10005CA0,0,O2,T4,47,src/core/net/br_car.c,0x100770BC 0x100770C0
tu_006,0x10006510,0,O2,T3,1018,src/core/cpp/0x10006510.cpp,0x100770C8
tu_006,0x10006910,1,O2,T4,57,src/core/net/br_fix.c,0x100770CC 0x100770D0
tu_006,0x10006950,2,O2,T4,61,src/core/net/br_fix.c,0x100770D0 0x100770D4
tu_006,0x10006990,3,O2,T4,55,src/core/net/br_fix.c,0x100770D0 0x100770D8
tu_006,0x100069D0,4,O2,T4,59,src/core/net/br_fix.c,0x100770D0 0x100770DC 0x100770E0
tu_006,0x10006A10,5,O2,T4,62,src/core/net/br_fix.c,0x100770CC 0x100770E4 0x100770E8
tu_006,0x10006A50,6,O2,T4,78,src/core/net/br_fix.c,0x100770D0 0x100770EC 0x100770F0 0x100770F8
tu_006,0x10006AA0,7,O2,T4,61,src/core/net/br_fix.c,0x100770D0 0x10077100
tu_006,0x10006AE0,8,O2,T4,61,src/core/net/br_fix.c,0x100770D0 0x10077104
tu_006,0x10006B20,9,O2,T4,61,src/core/net/br_fix.c,0x100770D0 0x10077108
tu_006,0x10006B60,10,O2,T4,57,src/core/net/br_fix.c,0x100770D0 0x1007710C
tu_006,0x10006BA0,11,O2,T2,925,src/core/slice2_12.c,0x100770C8
tu_006,0x10006F40,12,O2,T4,738,src/core/net/br_carpack.c,0x100770C8
tu_006,0x10007230,13,O2,cpp,901,src/core/cpp/0x10007230.cpp,0x100770C8 0x100770CC 0x10077110 0x10077114 0x10077118
tu_006,0x100075C0,14,O2,T4,48,src/core/net/br_fix.c,0x1007711C
tu_006,0x100075F0,15,O2,T4,20,src/core/net/br_fix.c,0x10077120
tu_006,0x10007610,16,O2,T4,24,src/core/net/br_fix.c,0x10077124
tu_006,0x10007630,17,O2,T4,30,src/core/net/br_fix.c,0x100770DC 0x10077128
tu_006,0x10007650,18,O2,T4,44,src/core/net/br_fix.c,0x100770C8 0x1007712C 0x10077130 0x10077134
tu_006,0x10007680,19,O2,T4,33,src/core/net/br_fix.c,0x10077138
tu_006,0x100076B0,20,O2,T4,51,src/core/net/br_fix.c,0x100770D0
tu_006,0x100076F0,21,O2,T4,20,src/core/net/br_fix.c,0x1007713C
tu_006,0x10007710,22,O2,T4,20,src/core/net/br_fix.c,0x10077140
tu_006,0x10007730,23,O2,T4,20,src/core/net/br_fix.c,0x10077144
tu_006,0x10007750,24,O2,T2,845,src/core/slice1_02.c,0x100770C8 0x100770CC
tu_006,0x10007AA0,25,O2,T2,680,src/core/net/br_fix.c,0x100770C8 0x100770CC 0x10077110 0x10077114 0x10077118
tu_006,0x10007D50,26,O2,T3,291,src/core/slice1_02.c,0x100770C8 0x10077118 0x10077148
tu_007,0x1000A110,0,O2,T3,7577,src/core/drawing/br_drawcar.c,0x10077190 0x10077194 0x10077198 0x1007719C 0x100771A0 0x100771A4 0x100771A8 0x100771B4 0x100771B8 0x100771C0 0x100771C8
tu_007,0x1000BEB0,1,O2,T4,1576,src/core/drawing/br_drawcar.c,0x100771A8 0x100771CC 0x100771D0
tu_007,0x1000C4E0,2,O2,cpp,1246,src/core/cpp/0x1000C4E0.cpp,0x100771A4 0x100771A8 0x100771D4 0x100771D8 0x100771DC 0x100771E0
tu_008,0x1000C9E0,0,O2,T1,308,,0x100771E8 0x100771EC 0x100771F0
tu_008,0x1000CBA0,1,O2,T2,4180,src/core/drawing/br_objdl.c,0x100771F0 0x100771F4 0x100771F8 0x100771FC 0x10077200 0x10077204 0x1007720C
tu_008,0x1000DED0,2,O2,T4,14,src/core/drawing/br_polydist.c,0x1007720C
tu_008,0x1000DEF0,3,O2,T4,14,src/core/drawing/br_polydist.c,0x1007720C
tu_008,0x1000DF00,4,O2,T3,347,src/core/slice2_13.c,0x100771F8
tu_008,0x1000E150,5,O2,T1,287,,0x10077210
tu_008,0x1000E320,6,O2,T2,1992,src/core/scene/br_scenevis.c,0x10077214 0x10077218 0x1007721C 0x10077220 0x1007722C 0x10077230
tu_008,0x1000EAF0,7,O2,T3,9354,src/core/drawing/br_scenedl.c,0x100771F8 0x10077218 0x10077238 0x10077240 0x10077248 0x1007724C 0x10077250 0x10077254 0x10077258
tu_009,0x10011300,0,O2y,T2,846,src/core/drawing/br_pacenote.c,0x1007725C 0x10077260 0x10077264 0x10077268 0x1007726C 0x10077270 0x10077274
tu_010,0x10011D20,0,O2,T4,383,src/core/generated/0x10011D20.c,0x10077284
tu_011,0x10011EA0,0,O2,T4,253,src/core/drawing/br_fps.c,0x1007727C 0x10077288
tu_011,0x10011FA0,1,O2,T3,4500,src/core/drawing/br_framedrive.c,0x1007728C 0x10077290 0x10077294 0x10077298 0x1007729C 0x100772A0
tu_011,0x100131E0,2,O2,T2,3217,src/core/drawing/br_snapinterp.c,0x1007727C 0x10077280 0x100772A4 0x100772A8
tu_012,0x100140B0,0,O2,T4,1703,src/core/drawing/br_hudscene.c,0x100772B0 0x100772B4 0x100772B8 0x100772BC 0x100772C4 0x100772CC 0x100772D0 0x100772D4 0x100772D8 0x100772DC 0x100772E0
tu_012,0x10014760,1,O2,T4,160,src/core/drawing/br_text.c,0x100772E4
tu_012,0x10014CB0,2,O2,T4,71,src/core/drawing/br_fade.c,0x100772B0
tu_012,0x100151F0,3,O2,T4,79,src/core/drawing/br_hudscene.c,0x100772B0
tu_012,0x10015240,4,O2,T4,190,src/core/drawing/br_hudscene.c,0x100772B0 0x100772B4 0x100772E8 0x100772EC
tu_012,0x10015300,5,O2,T3,402,src/core/drawing/br_hudscene.c,0x100772F0 0x100772F8
tu_012,0x10015550,6,O2,T4,145,src/core/drawing/br_hudscene.c,0x100772E4
tu_013,0x10015630,0,O2p,T2,1239,src/core/drawing/br_hudscene.c,0x100772FC
tu_014,0x10016AA0,0,O2,T2,306,src/core/drawing/br_hudscene.c,0x10077300 0x10077304 0x10077308 0x1007730C 0x10077310 0x10077314
tu_014,0x10016BE0,1,O2,T4,174,src/core/drawing/br_hudscene.c,0x1007731C 0x10077320
tu_014,0x10016C90,2,O2,T2,1142,src/core/drawing/br_hudscene.c,0x10077300 0x10077304 0x10077314 0x10077318 0x10077328 0x1007732C 0x10077334 0x10077338
tu_014,0x10017110,3,O2,T2,2039,src/core/drawing/br_envenit.c,0x10077304 0x10077314 0x10077344 0x10077348 0x1007734C 0x10077350 0x10077354 0x10077364 0x10077368
tu_015,0x10017F80,0,O2p,T4,529,src/core/slice2_16.c,0x10077374 0x10077378 0x1007737C
tu_016,0x100181A0,0,O2,T4,142,src/core/drawing/br_fade.c,0x10077370 0x10077380 0x10077388 0x10077390
tu_016,0x10018230,1,O2,T4,93,src/core/drawing/br_fade.c,0x10077370 0x10077380 0x10077390
tu_016,0x10018290,2,O2,T4,93,src/core/drawing/br_fade.c,0x10077370 0x10077380 0x10077390
tu_016,0x10018310,3,O2,T4,37,src/core/drawing/br_fade.c,0x10077370
tu_016,0x10018370,4,O2,T4,56,src/core/drawing/br_fade.c,0x10077370
tu_016,0x100183B0,5,O2,T3,803,src/core/slice2_16.c,0x10077370 0x10077380
tu_016,0x100186E0,6,O2,T3,685,src/core/slice2_16.c,0x10077370 0x10077398
tu_017,0x10018EF0,0,O2,T3,203,src/core/drawing/br_vtxcache.c,0x100773A0
tu_018,0x100199A0,0,O2,T4,106,src/core/racing/br_racebegin.c,0x100773A8
tu_019,0x10019A70,0,,T1,11223,,0x100773A4 0x100773B0 0x100773B4 0x100773B8 0x100773BC 0x100773C0 0x100773C4 0x100773C8 0x100773CC 0x100773D0
tu_020,0x1001DC90,0,O2,T4,55,src/core/geometry/br_vecd.c,0x100773D8
tu_021,0x1001E930,0,O2p,T4,183,src/core/drawing/br_dl.c,0x10077400
tu_022,0x1001EE70,0,O2p,T4,607,src/core/drawing/br_dltrim.c,0x10077404 0x10077408 0x1007740C
tu_022,0x1001F0D0,1,O2p,T4,303,src/core/drawing/br_dlclip.c,0x10077410
tu_022,0x1001F2B0,2,O2p,T3,311,src/core/drawing/br_dlclip.c,0x10077410
tu_022,0x1001F3F0,3,O2p,T4,311,src/core/drawing/br_dlclip.c,0x10077410
tu_022,0x1001F530,4,O2p,T4,311,src/core/drawing/br_dlclip.c,0x10077410
tu_022,0x1001F670,5,O2p,T4,311,src/core/drawing/br_dlclip.c,0x10077410
tu_022,0x1001F7B0,6,O2p,T4,311,src/core/drawing/br_dlclip.c,0x10077410
tu_022,0x1001F8F0,7,O2p,T4,311,src/core/drawing/br_dlclip.c,0x10077410
tu_022,0x10020190,8,O2p,T4,607,src/core/drawing/br_dltrim.c,0x10077404 0x10077408 0x1007740C
tu_022,0x10020690,9,O2p,T4,609,src/core/drawing/br_dltrim.c,0x10077404 0x10077408 0x1007740C
tu_022,0x10020A80,10,O2p,T4,609,src/core/drawing/br_dltrim.c,0x10077404 0x10077408 0x1007740C
tu_022,0x100215C0,11,O2p,T2,1032,src/core/slice4_51.c,0x10077404 0x10077408 0x10077414 0x10077418 0x1007741C
tu_022,0x10021A20,12,O2p,T2,584,src/core/drawing/br_dlcmd.c,0x10077404 0x10077408 0x1007740C 0x10077410
tu_022,0x10021C70,13,O2p,T2,1019,src/core/drawing/br_dl.c,0x10077410 0x10077418 0x10077420
tu_022,0x10022070,14,O2p,T2,170,src/core/drawing/br_dl.c,0x10077404 0x10077408 0x1007740C
tu_022,0x10022120,15,O2p,T4,162,src/core/drawing/br_dlshared.c,0x10077410
tu_022,0x100221D0,16,O2p,T1,1059,,0x10077410 0x10077418 0x10077420
tu_022,0x10022600,17,O2p,T1,1212,,0x10077420 0x10077424
tu_022,0x10022AC0,18,O2p,T2,301,src/core/drawing/br_dl.c,0x10077410 0x10077418
tu_022,0x10022BF0,19,O2p,T1,1307,,0x10077420 0x10077424 0x10077428 0x1007742C
tu_022,0x10023110,20,O2p,T1,584,,0x10077404 0x10077408 0x1007740C 0x10077410
tu_022,0x10023360,21,O2p,T1,1019,,0x10077410 0x10077418 0x10077420
tu_022,0x10023760,22,O2p,T4,172,src/core/drawing/br_dlproj.c,0x10077404 0x10077408 0x1007740C
tu_022,0x10023920,23,O2p,T4,156,src/core/drawing/br_gbi.c,0x1007740C
tu_023,0x10024490,0,O2,T2,468,src/core/drawing/br_texlerp.c,0x10077430
tu_024,0x10024680,0,O2y,T3,205,src/core/drawing/br_texlerp.c,0x10077434 0x10077438 0x1007743C
tu_024,0x10024750,1,O2y,T2,843,src/core/drawing/br_texlerp16.c,0x10077434 0x10077438 0x10077440 0x10077444
tu_024,0x10024AA0,2,O2y,T2,839,src/core/drawing/br_texlerp16.c,0x10077434 0x10077438 0x10077448
tu_025,0x10027850,0,O2,T4,441,src/core/drawing/br_tex3d.c,0x10077450 0x10077454 0x10077458
tu_026,0x10028200,0,O2,T3,441,src/core/drawing/br_tex3dslot.c,0x1007745C
tu_027,0x10028420,0,O2,T4,183,src/core/drawing/br_glidestate.c,0x10077460
tu_028,0x10029FE0,0,O2,T4,106,src/core/slice4_50.c,0x10077470
tu_029,0x1002A200,0,O2y,T2,645,src/core/slice2_17.c,0x10077478 0x10077480
tu_030,0x1002A490,0,O2,T4,57,src/core/drawing/br_light.c,0x10077488 0x10077490
tu_031,0x1002A590,0,O2y,T2,514,src/core/slice2_17.c,0x10077498 0x100774A8
tu_032,0x1002AF17,0,Odp,T4,1241,src/core/drawing/br_framebegin.c,0x100774B0 0x100774B4 0x100774B8 0x100774BC 0x100774C0 0x100774C4 0x100774C8 0x100774CC 0x100774D0
tu_032,0x1002B3F0,1,Odp,T4,144,src/core/drawing/br_pointdepth.c,0x100774B4 0x100774D4 0x100774D8
tu_032,0x1002BF50,2,Odp,T4,419,src/core/drawing/br_framebegin.c,0x100774B4
tu_033,0x1002D362,0,Od,T4,466,src/core/scene/br_camera.c,0x100774DC
tu_033,0x1002D534,1,Od,T4,251,src/core/drawing/br_cammatrix.c,0x100774E0 0x100774E4
tu_033,0x1002D72E,2,Od,T4,310,src/core/drawing/br_cammatrix.c,0x100774DC
tu_033,0x1002DE6B,3,Od,T4,88,src/core/gamedata/br_accum.c,0x100774E8 0x100774EC
tu_033,0x1002E186,4,Od,T4,344,src/core/startup/br_gamestep.c,0x100774F0
tu_033,0x1002ECEB,5,Od,T2,1357,src/core/slice2_19.c,0x100774DC 0x100774F4 0x100774F8 0x100774FC
tu_034,0x1002F380,0,O2,T4,690,src/core/controls/br_pad.c,0x10077510 0x10077514 0x10077518
tu_035,0x1002F790,0,,T1,2517,,0x1007751C
tu_036,0x100311C0,0,,T1,770,,0x10077524 0x10077528
tu_037,0x100326A0,0,O2,T2,469,src/core/slice4_53.c,0x1007752C 0x10077530 0x10077534 0x10077538 0x1007753C 0x10077540 0x10077544 0x10077548 0x1007754C 0x10077550 0x10077554
tu_037,0x10032880,1,O2,T2,1464,src/core/slice2_21.c,0x10077544 0x10077550 0x10077558 0x1007755C 0x10077560 0x10077564 0x10077568 0x1007756C 0x10077570 0x10077574 0x10077578 0x10077584 0x1007758C 0x10077594 0x10077598
tu_037,0x10032E40,2,O2,T2,1881,src/core/drawing/br_cartrail.c,0x10077584 0x10077598 0x1007759C 0x100775A0 0x100775A4 0x100775A8 0x100775AC
tu_037,0x100335A0,3,O2,T2,726,src/core/slice2_21.c,0x10077544 0x10077550 0x10077558 0x1007755C 0x10077574 0x10077584 0x10077594 0x100775A8 0x100775B0 0x100775B4 0x100775B8 0x100775BC 0x100775C0
tu_037,0x10033880,4,O2,T4,315,src/core/generated/0x10033880.c,0x1007758C 0x100775C4 0x100775C8 0x100775CC 0x100775D0
tu_037,0x100339C0,5,O2,T3,398,src/core/generated/0x100339C0.c,0x100775C4 0x100775C8 0x100775D0 0x100775D4 0x100775D8 0x100775DC 0x100775E0
tu_038,0x10033D30,0,O2,T2,601,src/core/slice2_21.c,0x100775E4 0x100775E8 0x100775EC
tu_038,0x10033FD0,1,O2,T4,55,src/core/scene/br_spangrid.c,0x100775E4
tu_039,0x100343C0,0,O2,T4,43,src/core/geometry/br_vec.c,0x100775F0
tu_039,0x100343F0,1,O2,T4,45,src/core/geometry/br_vec.c,0x100775F0
tu_039,0x10034420,2,O2,T4,168,src/core/geometry/br_vec.c,0x100775F0 0x100775F4
tu_039,0x100344D0,3,O2,T4,141,src/core/drawing/br_dl.c,0x100775F0 0x100775F4
tu_039,0x100346D0,4,O2,T4,55,src/core/geometry/br_vec.c,0x10077600
tu_039,0x10034870,5,O2,T4,174,src/core/generated/0x10034870.c,0x100775F0
tu_039,0x100349C0,6,O2,T4,165,src/core/geometry/br_mat.c,0x100775F0
tu_039,0x10034B70,7,O2,T2,696,src/core/slice2_21.c,0x100775F0 0x100775F4 0x10077604
tu_039,0x10034E30,8,O2,T4,393,src/core/geometry/br_atan2.c,0x100775F4 0x10077600 0x1007760C 0x10077610 0x1007761C 0x10077620
tu_039,0x10034FC0,9,O2,T4,295,src/core/geometry/br_tri.c,0x100775F4
tu_039,0x100350F0,10,O2,T4,544,src/core/slice2_21.c,0x100775F4
tu_039,0x10035310,11,O2,T4,176,src/core/slice2_21.c,0x100775F4
tu_040,0x100393C0,0,O2,cpp,330,src/core/cpp/0x100393C0.cpp,0x10077628 0x1007762C
tu_040,0x1003A140,1,O2,T3,360,src/core/menus/br_menucb.c,0x10077624 0x10077630 0x10077634 0x10077638 0x1007763C
tu_040,0x1003A2B0,2,O2,T2,360,src/core/menus/br_menucb.c,0x10077624 0x10077630 0x10077634 0x10077638 0x1007763C
tu_040,0x1003A420,3,O2,cpp,341,src/core/cpp/0x1003A420.cpp,0x10077624 0x10077630 0x10077634 0x10077638 0x1007763C
tu_040,0x1003A580,4,O2,cpp,322,src/core/cpp/0x1003A580.cpp,0x10077624 0x10077630 0x10077634 0x10077638 0x1007763C
tu_040,0x1003A6D0,5,O2,cpp,322,src/core/cpp/0x1003A6D0.cpp,0x10077624 0x10077630 0x10077634 0x10077638 0x1007763C
tu_040,0x10041130,6,O2,T4,38,src/core/menus/br_uiscreen.c,0x10077640 0x10077644
tu_040,0x100425E0,7,O2,cpp,2659,src/core/cpp/0x100425E0.cpp,0x10077648 0x1007764C 0x10077650 0x10077654 0x10077658 0x1007765C
tu_040,0x10043050,8,O2,cpp,794,src/core/cpp/0x10043050.cpp,0x1007765C
tu_040,0x10043370,9,O2,cpp,800,src/core/cpp/0x10043370.cpp,0x10077648
tu_040,0x10043690,10,O2,cpp,800,src/core/cpp/0x10043690.cpp,0x10077648
tu_040,0x100439B0,11,O2,cpp,3746,src/core/cpp/0x100439B0.cpp,0x10077648 0x1007764C 0x10077650 0x10077654 0x1007765C 0x10077660 0x10077664
tu_040,0x10044860,12,O2,cpp,2439,src/core/cpp/0x10044860.cpp,0x10077648 0x10077650 0x1007765C
tu_040,0x100451F0,13,O2,cpp,1749,src/core/cpp/0x100451F0.cpp,0x10077648 0x1007764C 0x10077650 0x1007765C
tu_040,0x100458D0,14,O2,cpp,1565,src/core/cpp/0x100458D0.cpp,0x10077648 0x1007764C 0x1007765C
tu_040,0x10045EF0,15,O2,cpp,1834,src/core/cpp/0x10045EF0.cpp,0x10077658 0x1007765C
tu_040,0x10046620,16,O2,cpp,908,src/core/cpp/0x10046620.cpp,0x1007765C
tu_040,0x100469B0,17,O2,cpp,1210,src/core/cpp/0x100469B0.cpp,0x10077658 0x1007765C
tu_040,0x10046E70,18,O2,cpp,2114,src/core/cpp/0x10046E70.cpp,0x10077654 0x10077658 0x1007765C 0x1007766C
tu_040,0x100476E0,19,O2,cpp,2679,src/core/cpp/0x100476E0.cpp,0x10077648 0x1007764C 0x10077650 0x1007765C
tu_040,0x10048160,20,O2,cpp,1091,src/core/cpp/0x10048160.cpp,0x10077648 0x1007765C
tu_040,0x100485B0,21,O2,cpp,2389,src/core/cpp/0x100485B0.cpp,0x10077654 0x10077658 0x1007765C
tu_040,0x10048F10,22,O2,cpp,2433,src/core/cpp/0x10048F10.cpp,0x10077658 0x1007765C
tu_040,0x100498A0,23,O2,T3,3993,src/core/cpp/0x100498A0.cpp,0x10077658 0x1007765C 0x10077664
tu_040,0x1004ABE0,24,O2,cpp,760,src/core/cpp/0x1004ABE0.cpp,0x10077628 0x10077670
tu_040,0x1004AEE0,25,O2,T3,3862,src/core/slice6_72.c,0x10077648 0x10077658 0x1007765C 0x10077664 0x10077668
tu_040,0x1004BE00,26,O2,T3,3475,src/core/cpp/0x1004BE00.cpp,0x10077648 0x1007764C 0x10077650 0x10077658 0x10077664
tu_040,0x1004CBA0,27,O2,T3,3671,src/core/cpp/0x1004CBA0.cpp,0x10077658 0x1007765C 0x10077664
tu_040,0x1004DA00,28,O2,T3,3394,src/core/slice6_73.c,0x10077658 0x1007765C 0x10077664
tu_040,0x1004E750,29,O2,cpp,2877,src/core/cpp/0x1004E750.cpp,0x10077648 0x1007764C 0x1007765C
tu_040,0x1004F290,30,O2,cpp,1570,src/core/cpp/0x1004F290.cpp,0x10077658 0x1007765C
tu_040,0x1004F8C0,31,O2,cpp,1498,src/core/cpp/0x1004F8C0.cpp,0x10077658 0x1007765C
tu_040,0x1004FEA0,32,O2,cpp,1532,src/core/cpp/0x1004FEA0.cpp,0x10077650 0x10077654 0x10077658 0x1007765C
tu_040,0x100504A0,33,O2,cpp,1558,src/core/cpp/0x100504A0.cpp,0x10077658 0x1007765C
tu_040,0x10050AC0,34,O2,cpp,2701,src/core/cpp/0x10050AC0.cpp,0x10077648 0x1007764C 0x10077650 0x10077658 0x1007765C
tu_040,0x10051600,35,O2,cpp,4109,src/core/cpp/0x10051600.cpp,0x10077648 0x1007764C 0x10077650 0x10077654 0x10077658 0x1007765C 0x10077660
tu_040,0x10052610,36,O2,cpp,1091,src/core/cpp/0x10052610.cpp,0x10077648 0x1007765C
tu_040,0x10052A60,37,O2,cpp,2863,src/core/cpp/0x10052A60.cpp,0x1007765C 0x10077660
tu_040,0x10053590,38,O2,cpp,1932,src/core/cpp/0x10053590.cpp,0x10077658
tu_040,0x10054020,39,O2,T4,80,src/core/menus/br_textbox.c,0x10077640
tu_041,0x100540D0,0,,cpp,212,src/core/cpp/0x100540D0.cpp,0x10077674
tu_041,0x100541B0,1,,cpp,196,src/core/cpp/0x100541B0.cpp,0x10077674
tu_041,0x10054280,2,,cpp,219,src/core/cpp/0x10054280.cpp,0x10077674
tu_042,0x10054730,0,,cpp,618,src/core/cpp/0x10054730.cpp,0x10077678
tu_043,0x100553B0,0,,cpp,1453,src/core/cpp/0x100553B0.cpp,0x1007767C
tu_044,0x10059820,0,O2,T4,554,src/core/net/br_carnet.c,0x1007776C 0x10077770 0x10077774
tu_044,0x10059A80,1,O2,T2,673,src/core/driving/br_carghostapply.c,0x10077770 0x10077778
tu_045,0x1005A7A0,0,O2,T1,1206,,0x10077780 0x10077784 0x10077788
tu_045,0x1005ACE0,1,O2,T2,776,src/core/driving/br_carwheelsteer.c,0x1007778C 0x10077790 0x10077794
tu_045,0x1005AFF0,2,O2,T2,3210,src/core/driving/br_ctlinput.c,0x10077780 0x10077784 0x10077788 0x10077798 0x1007779C 0x100777A0 0x100777A4 0x100777A8 0x100777AC 0x100777B8 0x100777C0 0x100777C8 0x100777D0 0x100777E4 0x100777E8 0x100777EC 0x100777F0 0x100777F4 0x100777F8 0x100777FC 0x10077800 0x10077804 0x10077810 0x10077818 0x1007781C 0x10077820 0x10077828 0x10077830 0x10077834 0x10077838 0x1007783C 0x10077840 0x10077844 0x1007784C 0x10077850 0x10077854 0x10077858 0x1007785C 0x10077860 0x10077864 0x10077868 0x1007786C 0x10077870 0x10077874 0x10077878 0x1007787C 0x10077880 0x10077884 0x10077888
tu_045,0x1005BCC0,3,O2,T2,1909,src/core/driving/br_carctor.c,0x10077864 0x1007788C 0x10077890
tu_046,0x1005C6D0,0,O2,cpp,468,src/core/cpp/0x1005C6D0.cpp,0x10077898 0x1007789C 0x100778A0
tu_046,0x1005C8B0,1,O2,T3,1951,src/core/cpp/0x1005C8B0.cpp,0x10077898 0x100778A4 0x100778A8 0x100778AC 0x100778B4 0x100778B8 0x100778BC 0x100778C0 0x100778C4 0x100778C8 0x100778CC 0x100778D0 0x100778D4 0x100778D8 0x100778DC 0x100778E0 0x100778E4 0x100778E8 0x100778F0
tu_046,0x1005D060,2,O2,T1,856,,0x100778CC
tu_046,0x1005D3C0,3,O2,T1,937,,0x1007789C 0x100778CC 0x100778D8 0x100778F4 0x100778F8
tu_046,0x1005D770,4,O2,T2,3858,src/core/driving/br_ctlai.c,0x10077898 0x100778A4 0x100778AC 0x100778C0 0x100778D8 0x100778DC 0x100778E0 0x100778E4 0x100778F4 0x100778F8 0x100778FC 0x10077900 0x10077904 0x10077908 0x1007790C 0x10077910 0x10077918 0x1007791C 0x10077920 0x10077928 0x10077930 0x10077938 0x10077940 0x10077944 0x10077948 0x1007794C 0x10077954 0x10077958 0x10077964 0x10077968 0x1007796C 0x10077970
tu_046,0x1005E6A0,5,O2,T4,216,src/core/racing/br_carinit.c,0x10077974 0x10077978 0x1007797C
tu_046,0x1005E7B0,6,O2,cpp,979,src/core/cpp/0x1005E7B0.cpp,0x100778AC 0x100778CC 0x100778DC 0x100778E4 0x10077904 0x10077980 0x10077984 0x10077988
tu_046,0x1005F6C0,7,O2,T2,2104,src/core/racing/br_lapsave.c,0x100778AC 0x100778CC 0x100778D8 0x10077904 0x10077990 0x10077998
tu_046,0x1005FF00,8,O2,T4,2538,src/core/racing/br_race.c,0x100778D8 0x1007799C 0x100779A0 0x100779A4 0x100779A8 0x100779B0
tu_046,0x10060B50,9,O2,T4,216,src/core/audio/br_sndpos.c,0x100778D8 0x100778F8 0x100779B4 0x100779B8
tu_046,0x10060C30,10,O2,T4,380,src/core/audio/br_sndpos.c,0x10077898 0x100778CC 0x100778F8 0x1007790C 0x10077968 0x100779BC 0x100779C0 0x100779C4 0x100779C8 0x100779CC 0x100779D0 0x100779D8 0x100779DC
tu_046,0x10060F40,11,O2,T2,683,src/core/audio/br_sndpos.c,0x100778D8 0x100779E4 0x100779E8
tu_046,0x10061470,12,O2,T2,2757,src/core/audio/br_sndcar.c,0x100778CC 0x100778D8 0x10077904 0x100779E4 0x100779E8 0x100779F0 0x100779F8 0x100779FC 0x10077A00 0x10077A04 0x10077A08
tu_046,0x10061F60,13,O2,T1,1073,,0x100778D8 0x100778F8 0x10077A0C 0x10077A10 0x10077A14
tu_046,0x100623E0,14,O2,T2,286,src/core/racing/br_racestep.c,0x100778F8 0x10077A18
tu_047,0x10062640,0,O2,T2,363,src/core/slice3_42.c,0x10077A1C 0x10077A20 0x10077A24
tu_048,0x10063B80,0,O2,T4,282,src/core/racing/br_replay.c,0x10077A70
tu_049,0x100645A0,0,O2,T2,3070,src/core/driving/br_cardrive.c,0x10077A78 0x10077A7C 0x10077A80 0x10077A84 0x10077A88 0x10077A8C 0x10077A90 0x10077A98 0x10077AA0 0x10077AA4 0x10077AA8 0x10077AAC 0x10077AB0 0x10077AB8 0x10077ABC 0x10077AC0 0x10077AC4 0x10077AC8 0x10077AD0 0x10077AD4 0x10077AD8
tu_049,0x100651A0,1,O2,T2,1355,src/core/driving/br_carphys.c,0x10077A78 0x10077A7C 0x10077A80 0x10077AD0 0x10077AE0 0x10077AE8 0x10077AEC 0x10077AF0 0x10077AF4 0x10077AF8 0x10077AFC 0x10077B00 0x10077B08 0x10077B10 0x10077B18 0x10077B20 0x10077B28
tu_049,0x100656F0,2,O2,T2,599,src/core/driving/br_tritest.c,0x10077A78 0x10077A7C
tu_049,0x10065980,3,O2,T2,760,src/core/driving/br_collrespsolve.c,0x10077A78 0x10077AB8 0x10077B2C 0x10077B30 0x10077B34 0x10077B38
tu_049,0x10065C80,4,O2,T2,1448,src/core/driving/br_collrespsolve.c,0x10077A78 0x10077A7C 0x10077AB8 0x10077B30 0x10077B34 0x10077B38 0x10077B3C 0x10077B40 0x10077B44
tu_049,0x10066260,5,O2,T4,644,src/core/driving/br_collresp.c,0x10077B48 0x10077B50 0x10077B58 0x10077B60
tu_049,0x100664F0,6,O2,T4,278,src/core/driving/br_collresp.c,0x10077AB0 0x10077B68
tu_049,0x10066610,7,O2,T2,492,src/core/driving/br_collresp.c,0x10077A78
tu_049,0x10066800,8,O2,T4,332,src/core/driving/br_collresp.c,0x10077A78 0x10077AC8 0x10077B48 0x10077B50
tu_049,0x10066950,9,O2,T2,322,src/core/driving/br_collresp.c,0x10077A78 0x10077B20 0x10077B48 0x10077B50
tu_049,0x10066D70,10,O2,T3,1782,src/core/driving/br_collresp.c,0x10077A78 0x10077A7C 0x10077A80 0x10077A84 0x10077AC8 0x10077AF4 0x10077B70 0x10077B78
tu_049,0x10067470,11,O2,T2,668,src/core/driving/br_collrespsolve.c,0x10077A78 0x10077AC8 0x10077B84
tu_049,0x10067710,12,O2,T3,1301,src/core/driving/br_collrespsolve.c,0x10077A78 0x10077AC8 0x10077B88 0x10077B8C
tu_049,0x10067C30,13,O2,T2,762,src/core/driving/br_carphys.c,0x10077A7C 0x10077AC8 0x10077B94 0x10077B98
tu_049,0x10067F30,14,O2,T2,305,src/core/driving/br_carphys.c,0x10077B9C 0x10077BA0 0x10077BA4
tu_049,0x10068070,15,O2,T1,581,,0x10077A78 0x10077BA8 0x10077BB0 0x10077BB8 0x10077BC0
tu_049,0x100682C0,16,O2,T1,387,,0x10077A78 0x10077A80 0x10077BA8 0x10077BB0 0x10077BB8 0x10077BC0
tu_049,0x10068450,17,O2,T4,134,src/core/driving/br_wheelvel.c,0x10077A78 0x10077BC8
tu_049,0x100684F0,18,O2,T2,265,src/core/driving/br_carphys.c,0x10077A78 0x10077A7C 0x10077A80 0x10077BD0 0x10077BD8
tu_049,0x10068600,19,O2,T4,200,src/core/driving/br_carphys.c,0x10077A78
tu_049,0x10068900,20,O2,T2,1653,src/core/driving/br_obb.c,0x10077A78
tu_049,0x10068F80,21,O2,T2,1444,src/core/driving/br_carcol.c,0x10077A78 0x10077A80 0x10077AB8 0x10077AC8 0x10077B30 0x10077B34 0x10077BDC 0x10077BE0
tu_050,0x10069A80,0,,T3,828,src/core/cpp/0x10069A80.cpp,0x10077BEC
tu_051,0x1006A7E0,0,O2,T2,748,src/core/net/br_peerrank.c,0x10077BF0 0x10077BF4 0x10077BF8
tu_052,0x1006B5F0,0,O2,T4,118,src/core/audio/br_sndvoice.c,0x10077C00
tu_053,0x1006B880,0,O2,T2,201,src/core/audio/br_sfxsrc.c,0x10077C08
tu_054,0x1006C990,0,,T1,994,,0x10077C10 0x10077C14
tu_055,0x1006D410,0,O2,T4,148,src/core/geometry/br_vecnorm.c,0x10077C1C
tu_055,0x1006D4B0,1,O2,T4,113,src/core/geometry/br_vecnorm.c,0x10077C1C
tu_055,0x1006D530,2,O2,T2,206,src/core/slice3_44.c,0x10077C20
tu_055,0x1006DAD0,3,O2,T4,349,src/core/driving/br_carphys.c,0x10077C1C 0x10077C28
tu_055,0x1006DE70,4,O2,T2,417,src/core/slice3_44.c,0x10077C1C
tu_056,0x1006E5C0,0,O2,T1,1044,,0x10077C30 0x10077C34 0x10077C38 0x10077C3C
tu_056,0x1006E9E0,1,O2,T4,132,src/core/racing/br_cartick.c,0x10077C38
tu_056,0x1006EA70,2,O2,T4,130,src/core/racing/br_cartick.c,0x10077C38
tu_056,0x1006EB00,3,O2,T4,180,src/core/racing/br_wrongway.c,0x10077C40
tu_056,0x1006EBC0,4,O2,T4,104,src/core/racing/br_cartick.c,0x10077C48
tu_056,0x1006EC30,5,O2,T1,1331,,0x10077C38 0x10077C4C 0x10077C54 0x10077C58 0x10077C5C
tu_056,0x1006F170,6,O2,T1,1295,,0x10077C38 0x10077C60 0x10077C64 0x10077C68 0x10077C6C 0x10077C70 0x10077C74 0x10077C78
tu_056,0x1006F720,7,O2,T3,279,src/core/slice3_45.c,0x10077C7C 0x10077C80
tu_056,0x1006F840,8,O2,T4,289,src/core/geometry/br_quat.c,0x10077C38 0x10077C4C 0x10077C50
tu_056,0x1006FA90,9,O2,T4,369,src/core/driving/br_entstate.c,0x10077C80
tu_057,0x100706D0,0,O2,T3,4145,src/core/controls/br_inputpoll.c,0x10077C84
