script,verdict,t3_run,first_difference,stale_stack_only_frames,date
10_boot,IDENTICAL,"300 frames, stopped: script end",,0/300,2026-09-29T03:53:14-06:00
11_attract_demo,IDENTICAL,"6240 frames, stopped: script end",,281/6240,2026-09-29T03:53:14-06:00
20_quickrace_drive,IDENTICAL,"1691 frames, stopped: script end",,135/1691,2026-09-29T03:53:14-06:00
21_quickrace_finish,IDENTICAL,"6673 frames, stopped: script end",,986/6673,2026-09-29T03:53:14-06:00
22_ini_cdmusic,IDENTICAL,"6725 frames, stopped: exit(0)",,986/6725,2026-09-29T03:53:14-06:00
23_ini_swshadow,IDENTICAL,"1691 frames, stopped: script end",,167/1691,2026-09-29T03:53:14-06:00
24_ini_benchmark,IDENTICAL,"445 frames, stopped: exit(1)",,10/445,2026-09-29T03:53:14-06:00
25_cheats,IDENTICAL,"2822 frames, stopped: script end",,210/2822,2026-09-29T03:53:14-06:00
26_lowtexmem,IDENTICAL,"1691 frames, stopped: script end",,135/1691,2026-09-29T03:53:14-06:00
27_quickrace_snow,IDENTICAL,"1743 frames, stopped: script end",,0/1743,2026-09-29T03:53:14-06:00
28_weather_rain,IDENTICAL,"2617 frames, stopped: script end",,0/2617,2026-09-29T03:53:14-06:00
29_weather_storm,IDENTICAL,"2669 frames, stopped: script end",,0/2669,2026-09-29T03:53:14-06:00
30_options,IDENTICAL,"2560 frames, stopped: script end",,138/2560,2026-09-29T03:53:14-06:00
31_ffb_wheel,IDENTICAL,"2184 frames, stopped: script end",,154/2184,2026-09-29T03:53:14-06:00
32_video_modes,IDENTICAL,"1483 frames, stopped: script end",,35/1483,2026-09-29T03:53:14-06:00
33_weather_fog,IDENTICAL,"2695 frames, stopped: script end",,227/2695,2026-09-29T03:53:14-06:00
34_desert_snow_car9,IDENTICAL,"3298 frames, stopped: script end",,0/3298,2026-09-29T03:53:14-06:00
35_mine2_storm_car26,IDENTICAL,"3012 frames, stopped: script end",,0/3012,2026-09-29T03:53:14-06:00
36_amazon_fog_car11,IDENTICAL,"3558 frames, stopped: script end",,390/3558,2026-09-29T03:53:14-06:00
37_bonus_rain,IDENTICAL,"2700 frames, stopped: script end",,0/2700,2026-09-29T03:53:14-06:00
38_views_keys,IDENTICAL,"3420 frames, stopped: script end",,578/3420,2026-09-29T03:53:14-06:00
40_timeattack,IDENTICAL,"7643 frames, stopped: script end",,950/7643,2026-09-29T03:53:14-06:00
45_timeattack_save,IDENTICAL,"7656 frames, stopped: script end",,950/7656,2026-09-29T03:53:14-06:00
46_timeattack_load,IDENTICAL,"1805 frames, stopped: script end",,18/1805,2026-09-29T03:53:14-06:00
50_championship,IDENTICAL,"15550 frames, stopped: script end",,2730/15550,2026-09-29T03:53:14-06:00
55_season_save,IDENTICAL,"15791 frames, stopped: script end",,2730/15791,2026-09-29T03:53:14-06:00
56_season_load,IDENTICAL,"1927 frames, stopped: script end",,274/1927,2026-09-29T03:53:14-06:00
60_multiplayer,IDENTICAL,"1132 frames, stopped: script end",,0/1132,2026-09-29T03:53:14-06:00
61_mp_race,IDENTICAL,"3523 frames, stopped: script end",,221/3523,2026-09-29T03:53:14-06:00
62_mp_client,IDENTICAL,"4053 frames, FAULT: FAULT: script line 32 timed out: 0x106E79F4 == 0x10019A70 3000",,0/4053,2026-09-29T03:53:14-06:00
63_mp_join,IDENTICAL,"3562 frames, stopped: script end",,269/3562,2026-09-29T03:53:14-06:00
64_mp_dropout,IDENTICAL,"4123 frames, stopped: script end",,320/4123,2026-09-29T03:53:14-06:00
65_mp_dropout_client,IDENTICAL,"4053 frames, FAULT: FAULT: script line 32 timed out: 0x106E79F4 == 0x10019A70 3000",,0/4053,2026-09-29T03:53:14-06:00
70_credits,IDENTICAL,"1949 frames, stopped: script end",,303/1949,2026-09-29T03:53:14-06:00
80_quit,IDENTICAL,"292 frames, stopped: exit(0)",,0/292,2026-09-29T03:53:14-06:00
