view,canon,file
GameObj,BrUiCtl_,
GameObj85,BrUiCtl_,
GameObj89,BrUiCtl_,
Wnd,BrUiCtl_,
D30Obj,BrUiCtl_,
BrCtl,BrUiCtl_,
BrCtl85,BrUiCtl_,
BrGoM47360,BrUiCtl_,
Draw40DD0,BrUiCtl_,
Draw40D80,BrUiCtl_,
Obj41300,BrUiCtl_,
MenuObj40B10,BrUiCtl_,
Tween41100,BrUiCtl_,
Tween41160,BrUiCtl_,
Tween41180,BrUiCtl_,
UiPage,BrUiCtl_,
GameSub,BrPhase_,
Ui5C5C,BrPhase_,
Phase,BrPhase_,
Phase32,BrPhase_,
Phase32P,BrPhase_,
BrPhase41,BrPhase_,
OptObj41B60,BrPhase_,
GameUi,BrPhase_,
UiCont,BrPhase_,
Page,BrUiPage_,
PhaseHolder,BrPhase_,
Phase32F,BrUiPage_,
PhaseHolder2,BrUiPage_,
Page043050,BrUiPage_,
Page043370,BrUiPage_,
Page043690,BrUiPage_,
Page044860,BrUiPage_,
Page045EF0,BrUiPage_,
Page046620,BrUiPage_,
Page0469B0,BrUiPage_,
Page0485B0,BrUiPage_,
Page0498A0,BrUiPage_,
Page04A840,BrUiPage_,
Page04BE00,BrUiPage_,
Page04CBA0,BrUiPage_,
Page04DA00,BrUiPage_,
Page04E750,BrUiPage_,
Page04F290,BrUiPage_,
Page04F8C0,BrUiPage_,
Page04FEA0,BrUiPage_,
Page0504A0,BrUiPage_,
Page050AC0,BrUiPage_,
Page051600,BrUiPage_,
Page052610,BrUiPage_,
Page052A60,BrUiPage_,
Page053590,BrUiPage_,
Page451F0,BrUiPage_,
Page458D0,BrUiPage_,
Page46E70,BrUiPage_,
Page48160,BrUiPage_,
Page48F10,BrUiPage_,
PageABE0,BrUiPage_,
Sel3838,BrTextList,
Ctl553B0,BrTextList,
Ctl550E0,BrTextList,
TextList54610,BrTextList,
Slots54A30,BrTextList,
Slots54E20,BrTextList,
Hud54730,BrTextList,
Item2B5C,BrTextBox,
Rec438,BrTextBox,
Item550E0,BrTextBox,
Item438K,BrTextBox,
Item438L,BrTextBox,
BrSlot54E20,BrTextBox,
Car_623E0,BrDriverCar,
Car6FCE0,BrDriverCar,
Car5E7B0,BrDriverCar,
Car5C8B0,BrDriverCar,
Car5C6D0,BrDriverCar,
BrColCar,BrDriverCar,
PwNode,BrAiPathNode,
Node5D060,BrAiPathNode,
NetSlot,BrNetSlot,
Br71Peer,BrPeerRec,
BrCollPlaneZ,BrCollPlane,
BrTipView,BrCarBody,
Phase,,ports/64b/src/core/startup/BrAppStateSetMode_1001CE20.cpp
Whl5C6D0,BrRbBody,
PhaseCtx5D10,BrPhase_,
GameObj3DEC0,BrUiCtl_,
Screen5D2C,BrUiCtl_,
GameObj3DF80,BrUiCtl_,
