addr,symbol,size,needed_by
0x1003C020,BrSub1003C020,294,slice2_25|slice4_50|slice4_53
0x1003CE80,BrSub1003CE80,311,slice2_13|slice2_25|slice4_50
0x100419D0,BrExt_100419D0,42,slice2_26|slice3_31|slice4_50
0x10075330,BrGbiCall10075330,1,slice2_16|slice3_44
0x10002910,BrCdTrackGet,19,slice2_11|slice3_32
0x1003BF60,BrSub1003BF60,111,slice2_25|slice4_50
0x1003E310,BrSub1003E310,137,slice2_25|slice3_32
0x10048710,BrOptObjCtor,310,slice2_25|slice4_50
0x1005FCF0,BrSub1005FCF0,183,slice2_25|slice3_32
0x1003DFC0,BrExt_1003DFC0,66,slice2_26|slice3_31
0x1003E510,BrExt_1003E510,368,slice2_26|slice3_31
0x1003E680,BrExt_1003E680,287,slice2_26|slice3_31
0x1001E7C0,BrGbiGeoModeChanged,441,slice2_16
0x100243D0,BrGbiCall100243D0,8,slice2_16
0x10020FA0,BrGbiCall10020FA0,1392,slice2_16
0x10024260,BrGbiCall10024260,138,slice2_16
0x10029470,BrGbiCall10029470,2452,slice2_16
0x10042AF0,BrGfx42AF0_1,6,slice2_18
0x10060E90,BrTimeNow,5,slice2_18
0x10035CE0,BrEnt35CE0,690,slice2_18
0x10035FC0,BrEnt35FC0,21,slice2_18
0x1005B0C0,BrTextBoxDtor,7,slice3_39
0x100771B0,BrDikGetDeviceState,78,slice3_39
0x1003D210,BrFn1003D210,389,slice2_23
0x1002B2A0,BrSub_1002B2A0,37,slice2_15
0x1003407D,BrSub_1003407D,310,slice2_15
0x100020D0,BrSub_100020D0,105,slice2_15
0x1003289F,BrSub_1003289F,419,slice2_15
0x10017290,BrSub_10017290,238,slice2_15
0x100173F0,BrSub_100173F0,665,slice2_15
0x10019260,BrSub_10019260,8,slice2_15
0x10019270,BrSub_10019270,8,slice2_15
0x10019280,BrSub_10019280,8,slice2_15
0x10019290,BrSub_10019290,8,slice2_15
0x100192F0,BrSub_100192F0,10,slice2_15
0x10031140,BrSub_10031140,71,slice2_15
0x10031688,BrSub_10031688,478,slice2_15
0x10069490,BrSub_10069490,77,slice2_15
0x1001BE90,BrSub_1001BE90,1934,slice2_15
0x1001C820,BrSub_1001C820,488,slice2_15
0x100290A0,BrSub_100290A0,53,slice2_15
0x1006F720,BrCollGridCellAcquire,551,slice2_11
0x100027C0,BrCdTrackPlay,37,slice2_11
0x10004C60,BrNetSendFull,360,slice2_11
0x10004E50,BrNetSendDelta,368,slice2_11
0x10004FC0,BrNetKeepAliveTick,194,slice2_11
0x100765E0,BrSub100765E0,112,slice3_45
0x10074090,BrSub10074090,288,slice3_45
0x10062C50,BrSub10062C50,1909,slice3_45
0x100603A0,BrSub100603A0,939,slice4_52
0x1006F4A0,BrSub1006F4A0,152,slice3_40
0x1008C000,BrItoa,61,slice2_25
0x1003C1E0,BrSub1003C1E0,71,slice2_25
0x1003CDA0,BrSub1003CDA0,212,slice2_25
0x1003D210,BrSub1003D210,389,slice2_25
0x1003E680,BrSub1003E680,287,slice2_25
0x1003F2B0,BrSub1003F2B0,112,slice2_25
0x1003F320,BrSub1003F320,285,slice2_25
0x10044540,BrSub10044540,184,slice2_25
0x10058700,BrSub10058700,72,slice2_25
0x10060D90,BrSub10060D90,46,slice2_25
0x10071130,BrSub10071130,624,slice2_25
0x1002B920,BrFtolArg,9,slice2_21
0x1003E310,BrExt_1003E310,137,slice3_31
0x10079550,BrExt_10079550,120,slice3_31
0x1005FBC0,BrExt_1005FBC0,289,slice3_31
0x10041A00,BrExt_10041A00,179,slice3_31
0x10041AC0,BrExt_10041AC0,144,slice3_31
0x10042410,BrExt_10042410,179,slice3_31
0x100424D0,BrExt_100424D0,144,slice3_31
0x10043260,BrExt_10043260,201,slice3_31
0x10043330,BrExt_10043330,201,slice3_31
0x1003D130,BrSub1003D130,71,slice4_50
0x1003C5C0,BrSub1003C5C0,383,slice4_50
0x1003D030,BrSub1003D030,55,slice4_50
0x1003C740,BrSub1003C740,615,slice4_50
0x10071550,BrSub10071550,16,slice4_50
0x10005B10,BrSub10005B10,205,slice4_50
0x1003E510,BrSub1003E510,368,slice4_50
0x100341B3,BrSub100341B3,39,slice2_19
0x1002BF80,BrSub1002BF80,458,slice2_19
0x10043BF0,BrExt_10043BF0,59,slice2_26
0x10043CD0,BrExt_10043CD0,201,slice2_26
0x10043E70,BrExt_10043E70,216,slice2_26
0x100440D0,BrExt_100440D0,201,slice2_26
0x100443E0,BrExt_100443E0,222,slice2_26
0x10044280,BrExt_10044280,340,slice2_26
0x10038F30,BrExt_10038F30,195,slice2_26
0x1003DB00,BrExt_1003DB00,67,slice2_26
0x1003BF60,BrExt_1003BF60,111,slice2_26
0x1003C020,BrExt_1003C020,294,slice2_26
0x1003C150,BrExt_1003C150,135,slice2_26
0x1003CDA0,BrExt_1003CDA0,212,slice2_26
0x10041BD0,BrExt_10041BD0,534,slice2_26
0x1007AC00,BrExt_1007AC00,22,slice2_26
0x1004CAC0,BrOptFn1004CAC0,1834,
0x10051D30,BrOptFn10051D30,760,
0x100558A0,BrOptFn100558A0,2877,
0x10056A10,BrOptFn10056A10,1498,
0x10056FF0,BrOptFn10056FF0,1532,
0x100575F0,BrOptFn100575F0,1558,
0x10057C10,BrOptFn10057C10,2701,
0x10058750,BrOptFn10058750,4109,
0x10044970,BrOptFn10044970,178,
0x10049C20,BrExt_10049C20,794,
0x10049F40,BrExt_10049F40,800,
0x1004A260,BrExt_1004A260,800,
0x1004F2B0,BrExt_1004F2B0,1091,
0x1004F700,BrExt_1004F700,2387,
0x100509F0,BrExt_100509F0,3990,
0x10050060,BrExt_10050060,2433,
0x10052030,BrExt_10052030,3862,
0x10052F50,BrExt_10052F50,3475,
0x10053CF0,BrExt_10053CF0,3669,
0x10054B50,BrExt_10054B50,3394,
0x10058750,BrExt_10058750,4109,
0x10059760,BrExt_10059760,1091,
0x10059BB0,BrExt_10059BB0,2863,
0x1005A6E0,BrExt_1005A6E0,1932,
0x1004D1F0,BrExt_1004D1F0,1092,
0x1004D640,BrExt_1004D640,1210,
0x1004DB00,BrExt_1004DB00,1210,
0x1004DFC0,BrExt_1004DFC0,2114,
0x1004E830,BrExt_1004E830,2679,
